id_code,experiment,plate,well,sirna,cell_type,site,image_dir,image_pattern,image_root
HEPG2-03_1_B03,HEPG2-03,1,B03,sirna_1092,HEPG2,1,images/HEPG2-03/Plate1,{experiment}/Plate{plate}/{well}_s{site}_w{channel}.png,images
HEPG2-03_1_B04,HEPG2-03,1,B04,sirna_327,HEPG2,1,images/HEPG2-03/Plate1,{experiment}/Plate{plate}/{well}_s{site}_w{channel}.png,images
HEPG2-03_1_B05,HEPG2-03,1,B05,sirna_66,HEPG2,1,images/HEPG2-03/Plate1,{experiment}/Plate{plate}/{well}_s{site}_w{channel}.png,images
HEPG2-03_1_B06,HEPG2-03,1,B06,sirna_63,HEPG2,1,images/HEPG2-03/Plate1,{experiment}/Plate{plate}/{well}_s{site}_w{channel}.png,images
HEPG2-03_1_B07,HEPG2-03,1,B07,sirna_234,HEPG2,1,images/HEPG2-03/Plate1,{experiment}/Plate{plate}/{well}_s{site}_w{channel}.png,images
HEPG2-03_1_B08,HEPG2-03,1,B08,sirna_367,HEPG2,1,images/HEPG2-03/Plate1,{experiment}/Plate{plate}/{well}_s{site}_w{channel}.png,images
HEPG2-03_1_B09,HEPG2-03,1,B09,sirna_863,HEPG2,1,images/HEPG2-03/Plate1,{experiment}/Plate{plate}/{well}_s{site}_w{channel}.png,images
HEPG2-03_1_B10,HEPG2-03,1,B10,sirna_344,HEPG2,1,images/HEPG2-03/Plate1,{experiment}/Plate{plate}/{well}_s{site}_w{channel}.png,images
HEPG2-03_1_B11,HEPG2-03,1,B11,sirna_539,HEPG2,1,images/HEPG2-03/Plate1,{experiment}/Plate{plate}/{well}_s{site}_w{channel}.png,images
HEPG2-03_1_B12,HEPG2-03,1,B12,sirna_610,HEPG2,1,images/HEPG2-03/Plate1,{experiment}/Plate{plate}/{well}_s{site}_w{channel}.png,images
HEPG2-03_1_B13,HEPG2-03,1,B13,sirna_238,HEPG2,1,images/HEPG2-03/Plate1,{experiment}/Plate{plate}/{well}_s{site}_w{channel}.png,images
HEPG2-03_1_B14,HEPG2-03,1,B14,sirna_264,HEPG2,1,images/HEPG2-03/Plate1,{experiment}/Plate{plate}/{well}_s{site}_w{channel}.png,images
HEPG2-03_1_B15,HEPG2-03,1,B15,sirna_695,HEPG2,1,images/HEPG2-03/Plate1,{experiment}/Plate{plate}/{well}_s{site}_w{channel}.png,images
HEPG2-03_1_B16,HEPG2-03,1,B16,sirna_180,HEPG2,1,images/HEPG2-03/Plate1,{experiment}/Plate{plate}/{well}_s{site}_w{channel}.png,images
HEPG2-03_1_B17,HEPG2-03,1,B17,sirna_33,HEPG2,1,images/HEPG2-03/Plate1,{experiment}/Plate{plate}/{well}_s{site}_w{channel}.png,images
HEPG2-03_1_B18,HEPG2-03,1,B18,sirna_292,HEPG2,1,images/HEPG2-03/Plate1,{experiment}/Plate{plate}/{well}_s{site}_w{channel}.png,images
HEPG2-03_1_B19,HEPG2-03,1,B19,sirna_811,HEPG2,1,images/HEPG2-03/Plate1,{experiment}/Plate{plate}/{well}_s{site}_w{channel}.png,images
HEPG2-03_1_B20,HEPG2-03,1,B20,sirna_348,HEPG2,1,images/HEPG2-03/Plate1,{experiment}/Plate{plate}/{well}_s{site}_w{channel}.png,images
HEPG2-03_1_B21,HEPG2-03,1,B21,sirna_839,HEPG2,1,images/HEPG2-03/Plate1,{experiment}/Plate{plate}/{well}_s{site}_w{channel}.png,images
HEPG2-03_1_B22,HEPG2-03,1,B22,sirna_788,HEPG2,1,images/HEPG2-03/Plate1,{experiment}/Plate{plate}/{well}_s{site}_w{channel}.png,images
HEPG2-03_1_B23,HEPG2-03,1,B23,sirna_62,HEPG2,1,images/HEPG2-03/Plate1,{experiment}/Plate{plate}/{well}_s{site}_w{channel}.png,images
HEPG2-03_1_C02,HEPG2-03,1,C02,sirna_183,HEPG2,1,images/HEPG2-03/Plate1,{experiment}/Plate{plate}/{well}_s{site}_w{channel}.png,images
HEPG2-03_1_C04,HEPG2-03,1,C04,sirna_226,HEPG2,1,images/HEPG2-03/Plate1,{experiment}/Plate{plate}/{well}_s{site}_w{channel}.png,images
HEPG2-03_1_C05,HEPG2-03,1,C05,sirna_428,HEPG2,1,images/HEPG2-03/Plate1,{experiment}/Plate{plate}/{well}_s{site}_w{channel}.png,images
HEPG2-03_1_C06,HEPG2-03,1,C06,sirna_981,HEPG2,1,images/HEPG2-03/Plate1,{experiment}/Plate{plate}/{well}_s{site}_w{channel}.png,images
HEPG2-03_1_C08,HEPG2-03,1,C08,sirna_498,HEPG2,1,images/HEPG2-03/Plate1,{experiment}/Plate{plate}/{well}_s{site}_w{channel}.png,images
HEPG2-03_1_C09,HEPG2-03,1,C09,sirna_678,HEPG2,1,images/HEPG2-03/Plate1,{experiment}/Plate{plate}/{well}_s{site}_w{channel}.png,images
HEPG2-03_1_C10,HEPG2-03,1,C10,sirna_58,HEPG2,1,images/HEPG2-03/Plate1,{experiment}/Plate{plate}/{well}_s{site}_w{channel}.png,images
HEPG2-03_1_C12,HEPG2-03,1,C12,sirna_82,HEPG2,1,images/HEPG2-03/Plate1,{experiment}/Plate{plate}/{well}_s{site}_w{channel}.png,images
HEPG2-03_1_C13,HEPG2-03,1,C13,sirna_693,HEPG2,1,images/HEPG2-03/Plate1,{experiment}/Plate{plate}/{well}_s{site}_w{channel}.png,images
HEPG2-03_1_C14,HEPG2-03,1,C14,sirna_521,HEPG2,1,images/HEPG2-03/Plate1,{experiment}/Plate{plate}/{well}_s{site}_w{channel}.png,images
HEPG2-03_1_C16,HEPG2-03,1,C16,sirna_312,HEPG2,1,images/HEPG2-03/Plate1,{experiment}/Plate{plate}/{well}_s{site}_w{channel}.png,images
HEPG2-03_1_C17,HEPG2-03,1,C17,sirna_475,HEPG2,1,images/HEPG2-03/Plate1,{experiment}/Plate{plate}/{well}_s{site}_w{channel}.png,images
HEPG2-03_1_C18,HEPG2-03,1,C18,sirna_720,HEPG2,1,images/HEPG2-03/Plate1,{experiment}/Plate{plate}/{well}_s{site}_w{channel}.png,images
HEPG2-03_1_C20,HEPG2-03,1,C20,sirna_799,HEPG2,1,images/HEPG2-03/Plate1,{experiment}/Plate{plate}/{well}_s{site}_w{channel}.png,images
HEPG2-03_1_C21,HEPG2-03,1,C21,sirna_585,HEPG2,1,images/HEPG2-03/Plate1,{experiment}/Plate{plate}/{well}_s{site}_w{channel}.png,images
HEPG2-03_1_C23,HEPG2-03,1,C23,sirna_1123,HEPG2,1,images/HEPG2-03/Plate1,{experiment}/Plate{plate}/{well}_s{site}_w{channel}.png,images
HEPG2-03_1_D02,HEPG2-03,1,D02,sirna_426,HEPG2,1,images/HEPG2-03/Plate1,{experiment}/Plate{plate}/{well}_s{site}_w{channel}.png,images
HEPG2-03_1_D03,HEPG2-03,1,D03,sirna_955,HEPG2,1,images/HEPG2-03/Plate1,{experiment}/Plate{plate}/{well}_s{site}_w{channel}.png,images
HEPG2-03_1_D04,HEPG2-03,1,D04,sirna_1044,HEPG2,1,images/HEPG2-03/Plate1,{experiment}/Plate{plate}/{well}_s{site}_w{channel}.png,images
HEPG2-03_1_D05,HEPG2-03,1,D05,sirna_310,HEPG2,1,images/HEPG2-03/Plate1,{experiment}/Plate{plate}/{well}_s{site}_w{channel}.png,images
HEPG2-03_1_D06,HEPG2-03,1,D06,sirna_765,HEPG2,1,images/HEPG2-03/Plate1,{experiment}/Plate{plate}/{well}_s{site}_w{channel}.png,images
HEPG2-03_1_D07,HEPG2-03,1,D07,sirna_462,HEPG2,1,images/HEPG2-03/Plate1,{experiment}/Plate{plate}/{well}_s{site}_w{channel}.png,images
HEPG2-03_1_D08,HEPG2-03,1,D08,sirna_948,HEPG2,1,images/HEPG2-03/Plate1,{experiment}/Plate{plate}/{well}_s{site}_w{channel}.png,images
HEPG2-03_1_D09,HEPG2-03,1,D09,sirna_385,HEPG2,1,images/HEPG2-03/Plate1,{experiment}/Plate{plate}/{well}_s{site}_w{channel}.png,images
HEPG2-03_1_D10,HEPG2-03,1,D10,sirna_1062,HEPG2,1,images/HEPG2-03/Plate1,{experiment}/Plate{plate}/{well}_s{site}_w{channel}.png,images
HEPG2-03_1_D11,HEPG2-03,1,D11,sirna_561,HEPG2,1,images/HEPG2-03/Plate1,{experiment}/Plate{plate}/{well}_s{site}_w{channel}.png,images
HEPG2-03_1_D12,HEPG2-03,1,D12,sirna_555,HEPG2,1,images/HEPG2-03/Plate1,{experiment}/Plate{plate}/{well}_s{site}_w{channel}.png,images
HEPG2-03_1_D13,HEPG2-03,1,D13,sirna_880,HEPG2,1,images/HEPG2-03/Plate1,{experiment}/Plate{plate}/{well}_s{site}_w{channel}.png,images
HEPG2-03_1_D14,HEPG2-03,1,D14,sirna_749,HEPG2,1,images/HEPG2-03/Plate1,{experiment}/Plate{plate}/{well}_s{site}_w{channel}.png,images
HEPG2-03_1_D15,HEPG2-03,1,D15,sirna_709,HEPG2,1,images/HEPG2-03/Plate1,{experiment}/Plate{plate}/{well}_s{site}_w{channel}.png,images
HEPG2-03_1_D16,HEPG2-03,1,D16,sirna_1129,HEPG2,1,images/HEPG2-03/Plate1,{experiment}/Plate{plate}/{well}_s{site}_w{channel}.png,images
HEPG2-03_1_D17,HEPG2-03,1,D17,sirna_364,HEPG2,1,images/HEPG2-03/Plate1,{experiment}/Plate{plate}/{well}_s{site}_w{channel}.png,images
HEPG2-03_1_D18,HEPG2-03,1,D18,sirna_425,HEPG2,1,images/HEPG2-03/Plate1,{experiment}/Plate{plate}/{well}_s{site}_w{channel}.png,images
HEPG2-03_1_D19,HEPG2-03,1,D19,sirna_112,HEPG2,1,images/HEPG2-03/Plate1,{experiment}/Plate{plate}/{well}_s{site}_w{channel}.png,images
HEPG2-03_1_D20,HEPG2-03,1,D20,sirna_684,HEPG2,1,images/HEPG2-03/Plate1,{experiment}/Plate{plate}/{well}_s{site}_w{channel}.png,images
HEPG2-03_1_D21,HEPG2-03,1,D21,sirna_553,HEPG2,1,images/HEPG2-03/Plate1,{experiment}/Plate{plate}/{well}_s{site}_w{channel}.png,images
HEPG2-03_1_D22,HEPG2-03,1,D22,sirna_661,HEPG2,1,images/HEPG2-03/Plate1,{experiment}/Plate{plate}/{well}_s{site}_w{channel}.png,images
HEPG2-03_1_D23,HEPG2-03,1,D23,sirna_814,HEPG2,1,images/HEPG2-03/Plate1,{experiment}/Plate{plate}/{well}_s{site}_w{channel}.png,images
HEPG2-03_1_E02,HEPG2-03,1,E02,sirna_43,HEPG2,1,images/HEPG2-03/Plate1,{experiment}/Plate{plate}/{well}_s{site}_w{channel}.png,images
HEPG2-03_1_E03,HEPG2-03,1,E03,sirna_846,HEPG2,1,images/HEPG2-03/Plate1,{experiment}/Plate{plate}/{well}_s{site}_w{channel}.png,images
HEPG2-03_1_E04,HEPG2-03,1,E04,sirna_664,HEPG2,1,images/HEPG2-03/Plate1,{experiment}/Plate{plate}/{well}_s{site}_w{channel}.png,images
HEPG2-03_1_E05,HEPG2-03,1,E05,sirna_906,HEPG2,1,images/HEPG2-03/Plate1,{experiment}/Plate{plate}/{well}_s{site}_w{channel}.png,images
HEPG2-03_1_E06,HEPG2-03,1,E06,sirna_930,HEPG2,1,images/HEPG2-03/Plate1,{experiment}/Plate{plate}/{well}_s{site}_w{channel}.png,images
HEPG2-03_1_E07,HEPG2-03,1,E07,sirna_232,HEPG2,1,images/HEPG2-03/Plate1,{experiment}/Plate{plate}/{well}_s{site}_w{channel}.png,images
HEPG2-03_1_E08,HEPG2-03,1,E08,sirna_668,HEPG2,1,images/HEPG2-03/Plate1,{experiment}/Plate{plate}/{well}_s{site}_w{channel}.png,images
HEPG2-03_1_E09,HEPG2-03,1,E09,sirna_859,HEPG2,1,images/HEPG2-03/Plate1,{experiment}/Plate{plate}/{well}_s{site}_w{channel}.png,images
HEPG2-03_1_E10,HEPG2-03,1,E10,sirna_482,HEPG2,1,images/HEPG2-03/Plate1,{experiment}/Plate{plate}/{well}_s{site}_w{channel}.png,images
HEPG2-03_1_E11,HEPG2-03,1,E11,sirna_13,HEPG2,1,images/HEPG2-03/Plate1,{experiment}/Plate{plate}/{well}_s{site}_w{channel}.png,images
HEPG2-03_1_E12,HEPG2-03,1,E12,sirna_155,HEPG2,1,images/HEPG2-03/Plate1,{experiment}/Plate{plate}/{well}_s{site}_w{channel}.png,images
HEPG2-03_1_E13,HEPG2-03,1,E13,sirna_494,HEPG2,1,images/HEPG2-03/Plate1,{experiment}/Plate{plate}/{well}_s{site}_w{channel}.png,images
HEPG2-03_1_E14,HEPG2-03,1,E14,sirna_735,HEPG2,1,images/HEPG2-03/Plate1,{experiment}/Plate{plate}/{well}_s{site}_w{channel}.png,images
HEPG2-03_1_E15,HEPG2-03,1,E15,sirna_113,HEPG2,1,images/HEPG2-03/Plate1,{experiment}/Plate{plate}/{well}_s{site}_w{channel}.png,images
HEPG2-03_1_E16,HEPG2-03,1,E16,sirna_908,HEPG2,1,images/HEPG2-03/Plate1,{experiment}/Plate{plate}/{well}_s{site}_w{channel}.png,images
HEPG2-03_1_E17,HEPG2-03,1,E17,sirna_153,HEPG2,1,images/HEPG2-03/Plate1,{experiment}/Plate{plate}/{well}_s{site}_w{channel}.png,images
HEPG2-03_1_E18,HEPG2-03,1,E18,sirna_777,HEPG2,1,images/HEPG2-03/Plate1,{experiment}/Plate{plate}/{well}_s{site}_w{channel}.png,images
HEPG2-03_1_E19,HEPG2-03,1,E19,sirna_403,HEPG2,1,images/HEPG2-03/Plate1,{experiment}/Plate{plate}/{well}_s{site}_w{channel}.png,images
HEPG2-03_1_E20,HEPG2-03,1,E20,sirna_1047,HEPG2,1,images/HEPG2-03/Plate1,{experiment}/Plate{plate}/{well}_s{site}_w{channel}.png,images
HEPG2-03_1_E21,HEPG2-03,1,E21,sirna_282,HEPG2,1,images/HEPG2-03/Plate1,{experiment}/Plate{plate}/{well}_s{site}_w{channel}.png,images
HEPG2-03_1_E22,HEPG2-03,1,E22,sirna_649,HEPG2,1,images/HEPG2-03/Plate1,{experiment}/Plate{plate}/{well}_s{site}_w{channel}.png,images
HEPG2-03_1_E23,HEPG2-03,1,E23,sirna_501,HEPG2,1,images/HEPG2-03/Plate1,{experiment}/Plate{plate}/{well}_s{site}_w{channel}.png,images
HEPG2-03_1_F02,HEPG2-03,1,F02,sirna_653,HEPG2,1,images/HEPG2-03/Plate1,{experiment}/Plate{plate}/{well}_s{site}_w{channel}.png,images
HEPG2-03_1_F04,HEPG2-03,1,F04,sirna_928,HEPG2,1,images/HEPG2-03/Plate1,{experiment}/Plate{plate}/{well}_s{site}_w{channel}.png,images
HEPG2-03_1_F05,HEPG2-03,1,F05,sirna_917,HEPG2,1,images/HEPG2-03/Plate1,{experiment}/Plate{plate}/{well}_s{site}_w{channel}.png,images
HEPG2-03_1_F06,HEPG2-03,1,F06,sirna_174,HEPG2,1,images/HEPG2-03/Plate1,{experiment}/Plate{plate}/{well}_s{site}_w{channel}.png,images
HEPG2-03_1_F08,HEPG2-03,1,F08,sirna_895,HEPG2,1,images/HEPG2-03/Plate1,{experiment}/Plate{plate}/{well}_s{site}_w{channel}.png,images
HEPG2-03_1_F09,HEPG2-03,1,F09,sirna_529,HEPG2,1,images/HEPG2-03/Plate1,{experiment}/Plate{plate}/{well}_s{site}_w{channel}.png,images
HEPG2-03_1_F10,HEPG2-03,1,F10,sirna_213,HEPG2,1,images/HEPG2-03/Plate1,{experiment}/Plate{plate}/{well}_s{site}_w{channel}.png,images
HEPG2-03_1_F12,HEPG2-03,1,F12,sirna_197,HEPG2,1,images/HEPG2-03/Plate1,{experiment}/Plate{plate}/{well}_s{site}_w{channel}.png,images
HEPG2-03_1_F13,HEPG2-03,1,F13,sirna_819,HEPG2,1,images/HEPG2-03/Plate1,{experiment}/Plate{plate}/{well}_s{site}_w{channel}.png,images
HEPG2-03_1_F14,HEPG2-03,1,F14,sirna_1078,HEPG2,1,images/HEPG2-03/Plate1,{experiment}/Plate{plate}/{well}_s{site}_w{channel}.png,images
HEPG2-03_1_F16,HEPG2-03,1,F16,sirna_631,HEPG2,1,images/HEPG2-03/Plate1,{experiment}/Plate{plate}/{well}_s{site}_w{channel}.png,images
HEPG2-03_1_F17,HEPG2-03,1,F17,sirna_670,HEPG2,1,images/HEPG2-03/Plate1,{experiment}/Plate{plate}/{well}_s{site}_w{channel}.png,images
HEPG2-03_1_F18,HEPG2-03,1,F18,sirna_241,HEPG2,1,images/HEPG2-03/Plate1,{experiment}/Plate{plate}/{well}_s{site}_w{channel}.png,images
HEPG2-03_1_F20,HEPG2-03,1,F20,sirna_715,HEPG2,1,images/HEPG2-03/Plate1,{experiment}/Plate{plate}/{well}_s{site}_w{channel}.png,images
HEPG2-03_1_F21,HEPG2-03,1,F21,sirna_289,HEPG2,1,images/HEPG2-03/Plate1,{experiment}/Plate{plate}/{well}_s{site}_w{channel}.png,images
HEPG2-03_1_F23,HEPG2-03,1,F23,sirna_93,HEPG2,1,images/HEPG2-03/Plate1,{experiment}/Plate{plate}/{well}_s{site}_w{channel}.png,images
HEPG2-03_1_G02,HEPG2-03,1,G02,sirna_416,HEPG2,1,images/HEPG2-03/Plate1,{experiment}/Plate{plate}/{well}_s{site}_w{channel}.png,images
HEPG2-03_1_G03,HEPG2-03,1,G03,sirna_496,HEPG2,1,images/HEPG2-03/Plate1,{experiment}/Plate{plate}/{well}_s{site}_w{channel}.png,images
HEPG2-03_1_G04,HEPG2-03,1,G04,sirna_1019,HEPG2,1,images/HEPG2-03/Plate1,{experiment}/Plate{plate}/{well}_s{site}_w{channel}.png,images
HEPG2-03_1_G05,HEPG2-03,1,G05,sirna_990,HEPG2,1,images/HEPG2-03/Plate1,{experiment}/Plate{plate}/{well}_s{site}_w{channel}.png,images
HEPG2-03_1_G06,HEPG2-03,1,G06,sirna_607,HEPG2,1,images/HEPG2-03/Plate1,{experiment}/Plate{plate}/{well}_s{site}_w{channel}.png,images
HEPG2-03_1_G07,HEPG2-03,1,G07,sirna_1098,HEPG2,1,images/HEPG2-03/Plate1,{experiment}/Plate{plate}/{well}_s{site}_w{channel}.png,images
HEPG2-03_1_G08,HEPG2-03,1,G08,sirna_831,HEPG2,1,images/HEPG2-03/Plate1,{experiment}/Plate{plate}/{well}_s{site}_w{channel}.png,images
HEPG2-03_1_G09,HEPG2-03,1,G09,sirna_959,HEPG2,1,images/HEPG2-03/Plate1,{experiment}/Plate{plate}/{well}_s{site}_w{channel}.png,images
HEPG2-03_1_G10,HEPG2-03,1,G10,sirna_437,HEPG2,1,images/HEPG2-03/Plate1,{experiment}/Plate{plate}/{well}_s{site}_w{channel}.png,images
HEPG2-03_1_G11,HEPG2-03,1,G11,sirna_193,HEPG2,1,images/HEPG2-03/Plate1,{experiment}/Plate{plate}/{well}_s{site}_w{channel}.png,images
HEPG2-03_1_G12,HEPG2-03,1,G12,sirna_15,HEPG2,1,images/HEPG2-03/Plate1,{experiment}/Plate{plate}/{well}_s{site}_w{channel}.png,images
HEPG2-03_1_G13,HEPG2-03,1,G13,sirna_1013,HEPG2,1,images/HEPG2-03/Plate1,{experiment}/Plate{plate}/{well}_s{site}_w{channel}.png,images
HEPG2-03_1_G14,HEPG2-03,1,G14,sirna_1121,HEPG2,1,images/HEPG2-03/Plate1,{experiment}/Plate{plate}/{well}_s{site}_w{channel}.png,images
HEPG2-03_1_G15,HEPG2-03,1,G15,sirna_60,HEPG2,1,images/HEPG2-03/Plate1,{experiment}/Plate{plate}/{well}_s{site}_w{channel}.png,images
HEPG2-03_1_G16,HEPG2-03,1,G16,sirna_934,HEPG2,1,images/HEPG2-03/Plate1,{experiment}/Plate{plate}/{well}_s{site}_w{channel}.png,images
HEPG2-03_1_G17,HEPG2-03,1,G17,sirna_870,HEPG2,1,images/HEPG2-03/Plate1,{experiment}/Plate{plate}/{well}_s{site}_w{channel}.png,images
HEPG2-03_1_G18,HEPG2-03,1,G18,sirna_502,HEPG2,1,images/HEPG2-03/Plate1,{experiment}/Plate{plate}/{well}_s{site}_w{channel}.png,images
HEPG2-03_1_G19,HEPG2-03,1,G19,sirna_465,HEPG2,1,images/HEPG2-03/Plate1,{experiment}/Plate{plate}/{well}_s{site}_w{channel}.png,images
HEPG2-03_1_G20,HEPG2-03,1,G20,sirna_321,HEPG2,1,images/HEPG2-03/Plate1,{experiment}/Plate{plate}/{well}_s{site}_w{channel}.png,images
HEPG2-03_1_G21,HEPG2-03,1,G21,sirna_893,HEPG2,1,images/HEPG2-03/Plate1,{experiment}/Plate{plate}/{well}_s{site}_w{channel}.png,images
HEPG2-03_1_G22,HEPG2-03,1,G22,sirna_659,HEPG2,1,images/HEPG2-03/Plate1,{experiment}/Plate{plate}/{well}_s{site}_w{channel}.png,images
HEPG2-03_1_G23,HEPG2-03,1,G23,sirna_163,HEPG2,1,images/HEPG2-03/Plate1,{experiment}/Plate{plate}/{well}_s{site}_w{channel}.png,images
HEPG2-03_1_H02,HEPG2-03,1,H02,sirna_615,HEPG2,1,images/HEPG2-03/Plate1,{experiment}/Plate{plate}/{well}_s{site}_w{channel}.png,images
HEPG2-03_1_H04,HEPG2-03,1,H04,sirna_1116,HEPG2,1,images/HEPG2-03/Plate1,{experiment}/Plate{plate}/{well}_s{site}_w{channel}.png,images
HEPG2-03_1_H05,HEPG2-03,1,H05,sirna_754,HEPG2,1,images/HEPG2-03/Plate1,{experiment}/Plate{plate}/{well}_s{site}_w{channel}.png,images
HEPG2-03_1_H06,HEPG2-03,1,H06,sirna_983,HEPG2,1,images/HEPG2-03/Plate1,{experiment}/Plate{plate}/{well}_s{site}_w{channel}.png,images
HEPG2-03_1_H08,HEPG2-03,1,H08,sirna_1004,HEPG2,1,images/HEPG2-03/Plate1,{experiment}/Plate{plate}/{well}_s{site}_w{channel}.png,images
HEPG2-03_1_H09,HEPG2-03,1,H09,sirna_402,HEPG2,1,images/HEPG2-03/Plate1,{experiment}/Plate{plate}/{well}_s{site}_w{channel}.png,images
HEPG2-03_1_H10,HEPG2-03,1,H10,sirna_229,HEPG2,1,images/HEPG2-03/Plate1,{experiment}/Plate{plate}/{well}_s{site}_w{channel}.png,images
HEPG2-03_1_H12,HEPG2-03,1,H12,sirna_854,HEPG2,1,images/HEPG2-03/Plate1,{experiment}/Plate{plate}/{well}_s{site}_w{channel}.png,images
HEPG2-03_1_H13,HEPG2-03,1,H13,sirna_671,HEPG2,1,images/HEPG2-03/Plate1,{experiment}/Plate{plate}/{well}_s{site}_w{channel}.png,images
HEPG2-03_1_H14,HEPG2-03,1,H14,sirna_751,HEPG2,1,images/HEPG2-03/Plate1,{experiment}/Plate{plate}/{well}_s{site}_w{channel}.png,images
HEPG2-03_1_H16,HEPG2-03,1,H16,sirna_181,HEPG2,1,images/HEPG2-03/Plate1,{experiment}/Plate{plate}/{well}_s{site}_w{channel}.png,images
HEPG2-03_1_H17,HEPG2-03,1,H17,sirna_254,HEPG2,1,images/HEPG2-03/Plate1,{experiment}/Plate{plate}/{well}_s{site}_w{channel}.png,images
HEPG2-03_1_H18,HEPG2-03,1,H18,sirna_544,HEPG2,1,images/HEPG2-03/Plate1,{experiment}/Plate{plate}/{well}_s{site}_w{channel}.png,images
HEPG2-03_1_H20,HEPG2-03,1,H20,sirna_309,HEPG2,1,images/HEPG2-03/Plate1,{experiment}/Plate{plate}/{well}_s{site}_w{channel}.png,images
HEPG2-03_1_H21,HEPG2-03,1,H21,sirna_851,HEPG2,1,images/HEPG2-03/Plate1,{experiment}/Plate{plate}/{well}_s{site}_w{channel}.png,images
HEPG2-03_1_H23,HEPG2-03,1,H23,sirna_295,HEPG2,1,images/HEPG2-03/Plate1,{experiment}/Plate{plate}/{well}_s{site}_w{channel}.png,images
HEPG2-03_1_I02,HEPG2-03,1,I02,sirna_131,HEPG2,1,images/HEPG2-03/Plate1,{experiment}/Plate{plate}/{well}_s{site}_w{channel}.png,images
HEPG2-03_1_I03,HEPG2-03,1,I03,sirna_104,HEPG2,1,images/HEPG2-03/Plate1,{experiment}/Plate{plate}/{well}_s{site}_w{channel}.png,images
HEPG2-03_1_I04,HEPG2-03,1,I04,sirna_448,HEPG2,1,images/HEPG2-03/Plate1,{experiment}/Plate{plate}/{well}_s{site}_w{channel}.png,images
HEPG2-03_1_I05,HEPG2-03,1,I05,sirna_574,HEPG2,1,images/HEPG2-03/Plate1,{experiment}/Plate{plate}/{well}_s{site}_w{channel}.png,images
HEPG2-03_1_I06,HEPG2-03,1,I06,sirna_816,HEPG2,1,images/HEPG2-03/Plate1,{experiment}/Plate{plate}/{well}_s{site}_w{channel}.png,images
HEPG2-03_1_I07,HEPG2-03,1,I07,sirna_711,HEPG2,1,images/HEPG2-03/Plate1,{experiment}/Plate{plate}/{well}_s{site}_w{channel}.png,images
HEPG2-03_1_I08,HEPG2-03,1,I08,sirna_943,HEPG2,1,images/HEPG2-03/Plate1,{experiment}/Plate{plate}/{well}_s{site}_w{channel}.png,images
HEPG2-03_1_I09,HEPG2-03,1,I09,sirna_51,HEPG2,1,images/HEPG2-03/Plate1,{experiment}/Plate{plate}/{well}_s{site}_w{channel}.png,images
HEPG2-03_1_I10,HEPG2-03,1,I10,sirna_1137,HEPG2,1,images/HEPG2-03/Plate1,{experiment}/Plate{plate}/{well}_s{site}_w{channel}.png,images
HEPG2-03_1_I11,HEPG2-03,1,I11,sirna_343,HEPG2,1,images/HEPG2-03/Plate1,{experiment}/Plate{plate}/{well}_s{site}_w{channel}.png,images
HEPG2-03_1_I12,HEPG2-03,1,I12,sirna_311,HEPG2,1,images/HEPG2-03/Plate1,{experiment}/Plate{plate}/{well}_s{site}_w{channel}.png,images
HEPG2-03_1_I13,HEPG2-03,1,I13,sirna_217,HEPG2,1,images/HEPG2-03/Plate1,{experiment}/Plate{plate}/{well}_s{site}_w{channel}.png,images
HEPG2-03_1_I14,HEPG2-03,1,I14,sirna_275,HEPG2,1,images/HEPG2-03/Plate1,{experiment}/Plate{plate}/{well}_s{site}_w{channel}.png,images
HEPG2-03_1_I15,HEPG2-03,1,I15,sirna_1021,HEPG2,1,images/HEPG2-03/Plate1,{experiment}/Plate{plate}/{well}_s{site}_w{channel}.png,images
HEPG2-03_1_I16,HEPG2-03,1,I16,sirna_118,HEPG2,1,images/HEPG2-03/Plate1,{experiment}/Plate{plate}/{well}_s{site}_w{channel}.png,images
HEPG2-03_1_I17,HEPG2-03,1,I17,sirna_606,HEPG2,1,images/HEPG2-03/Plate1,{experiment}/Plate{plate}/{well}_s{site}_w{channel}.png,images
HEPG2-03_1_I18,HEPG2-03,1,I18,sirna_716,HEPG2,1,images/HEPG2-03/Plate1,{experiment}/Plate{plate}/{well}_s{site}_w{channel}.png,images
HEPG2-03_1_I19,HEPG2-03,1,I19,sirna_45,HEPG2,1,images/HEPG2-03/Plate1,{experiment}/Plate{plate}/{well}_s{site}_w{channel}.png,images
HEPG2-03_1_I20,HEPG2-03,1,I20,sirna_427,HEPG2,1,images/HEPG2-03/Plate1,{experiment}/Plate{plate}/{well}_s{site}_w{channel}.png,images
HEPG2-03_1_I21,HEPG2-03,1,I21,sirna_239,HEPG2,1,images/HEPG2-03/Plate1,{experiment}/Plate{plate}/{well}_s{site}_w{channel}.png,images
HEPG2-03_1_I22,HEPG2-03,1,I22,sirna_850,HEPG2,1,images/HEPG2-03/Plate1,{experiment}/Plate{plate}/{well}_s{site}_w{channel}.png,images
HEPG2-03_1_I23,HEPG2-03,1,I23,sirna_139,HEPG2,1,images/HEPG2-03/Plate1,{experiment}/Plate{plate}/{well}_s{site}_w{channel}.png,images
HEPG2-03_1_J02,HEPG2-03,1,J02,sirna_1030,HEPG2,1,images/HEPG2-03/Plate1,{experiment}/Plate{plate}/{well}_s{site}_w{channel}.png,images
HEPG2-03_1_J04,HEPG2-03,1,J04,sirna_218,HEPG2,1,images/HEPG2-03/Plate1,{experiment}/Plate{plate}/{well}_s{site}_w{channel}.png,images
HEPG2-03_1_J05,HEPG2-03,1,J05,sirna_919,HEPG2,1,images/HEPG2-03/Plate1,{experiment}/Plate{plate}/{well}_s{site}_w{channel}.png,images
HEPG2-03_1_J06,HEPG2-03,1,J06,sirna_86,HEPG2,1,images/HEPG2-03/Plate1,{experiment}/Plate{plate}/{well}_s{site}_w{channel}.png,images
HEPG2-03_1_J08,HEPG2-03,1,J08,sirna_667,HEPG2,1,images/HEPG2-03/Plate1,{experiment}/Plate{plate}/{well}_s{site}_w{channel}.png,images
HEPG2-03_1_J09,HEPG2-03,1,J09,sirna_872,HEPG2,1,images/HEPG2-03/Plate1,{experiment}/Plate{plate}/{well}_s{site}_w{channel}.png,images
HEPG2-03_1_J10,HEPG2-03,1,J10,sirna_1127,HEPG2,1,images/HEPG2-03/Plate1,{experiment}/Plate{plate}/{well}_s{site}_w{channel}.png,images
HEPG2-03_1_J12,HEPG2-03,1,J12,sirna_1003,HEPG2,1,images/HEPG2-03/Plate1,{experiment}/Plate{plate}/{well}_s{site}_w{channel}.png,images
HEPG2-03_1_J13,HEPG2-03,1,J13,sirna_744,HEPG2,1,images/HEPG2-03/Plate1,{experiment}/Plate{plate}/{well}_s{site}_w{channel}.png,images
HEPG2-03_1_J14,HEPG2-03,1,J14,sirna_449,HEPG2,1,images/HEPG2-03/Plate1,{experiment}/Plate{plate}/{well}_s{site}_w{channel}.png,images
HEPG2-03_1_J16,HEPG2-03,1,J16,sirna_932,HEPG2,1,images/HEPG2-03/Plate1,{experiment}/Plate{plate}/{well}_s{site}_w{channel}.png,images
HEPG2-03_1_J17,HEPG2-03,1,J17,sirna_1111,HEPG2,1,images/HEPG2-03/Plate1,{experiment}/Plate{plate}/{well}_s{site}_w{channel}.png,images
HEPG2-03_1_J18,HEPG2-03,1,J18,sirna_723,HEPG2,1,images/HEPG2-03/Plate1,{experiment}/Plate{plate}/{well}_s{site}_w{channel}.png,images
HEPG2-03_1_J20,HEPG2-03,1,J20,sirna_298,HEPG2,1,images/HEPG2-03/Plate1,{experiment}/Plate{plate}/{well}_s{site}_w{channel}.png,images
HEPG2-03_1_J21,HEPG2-03,1,J21,sirna_1102,HEPG2,1,images/HEPG2-03/Plate1,{experiment}/Plate{plate}/{well}_s{site}_w{channel}.png,images
HEPG2-03_1_J23,HEPG2-03,1,J23,sirna_189,HEPG2,1,images/HEPG2-03/Plate1,{experiment}/Plate{plate}/{well}_s{site}_w{channel}.png,images
HEPG2-03_1_K02,HEPG2-03,1,K02,sirna_445,HEPG2,1,images/HEPG2-03/Plate1,{experiment}/Plate{plate}/{well}_s{site}_w{channel}.png,images
HEPG2-03_1_K03,HEPG2-03,1,K03,sirna_625,HEPG2,1,images/HEPG2-03/Plate1,{experiment}/Plate{plate}/{well}_s{site}_w{channel}.png,images
HEPG2-03_1_K04,HEPG2-03,1,K04,sirna_993,HEPG2,1,images/HEPG2-03/Plate1,{experiment}/Plate{plate}/{well}_s{site}_w{channel}.png,images
HEPG2-03_1_K05,HEPG2-03,1,K05,sirna_985,HEPG2,1,images/HEPG2-03/Plate1,{experiment}/Plate{plate}/{well}_s{site}_w{channel}.png,images
HEPG2-03_1_K06,HEPG2-03,1,K06,sirna_39,HEPG2,1,images/HEPG2-03/Plate1,{experiment}/Plate{plate}/{well}_s{site}_w{channel}.png,images
HEPG2-03_1_K07,HEPG2-03,1,K07,sirna_767,HEPG2,1,images/HEPG2-03/Plate1,{experiment}/Plate{plate}/{well}_s{site}_w{channel}.png,images
HEPG2-03_1_K08,HEPG2-03,1,K08,sirna_803,HEPG2,1,images/HEPG2-03/Plate1,{experiment}/Plate{plate}/{well}_s{site}_w{channel}.png,images
HEPG2-03_1_K09,HEPG2-03,1,K09,sirna_986,HEPG2,1,images/HEPG2-03/Plate1,{experiment}/Plate{plate}/{well}_s{site}_w{channel}.png,images
HEPG2-03_1_K10,HEPG2-03,1,K10,sirna_647,HEPG2,1,images/HEPG2-03/Plate1,{experiment}/Plate{plate}/{well}_s{site}_w{channel}.png,images
HEPG2-03_1_K11,HEPG2-03,1,K11,sirna_23,HEPG2,1,images/HEPG2-03/Plate1,{experiment}/Plate{plate}/{well}_s{site}_w{channel}.png,images
HEPG2-03_1_K12,HEPG2-03,1,K12,sirna_1085,HEPG2,1,images/HEPG2-03/Plate1,{experiment}/Plate{plate}/{well}_s{site}_w{channel}.png,images
HEPG2-03_1_K13,HEPG2-03,1,K13,sirna_1135,HEPG2,1,images/HEPG2-03/Plate1,{experiment}/Plate{plate}/{well}_s{site}_w{channel}.png,images
HEPG2-03_1_K14,HEPG2-03,1,K14,sirna_1109,HEPG2,1,images/HEPG2-03/Plate1,{experiment}/Plate{plate}/{well}_s{site}_w{channel}.png,images
HEPG2-03_1_K15,HEPG2-03,1,K15,sirna_90,HEPG2,1,images/HEPG2-03/Plate1,{experiment}/Plate{plate}/{well}_s{site}_w{channel}.png,images
HEPG2-03_1_K16,HEPG2-03,1,K16,sirna_355,HEPG2,1,images/HEPG2-03/Plate1,{experiment}/Plate{plate}/{well}_s{site}_w{channel}.png,images
HEPG2-03_1_K17,HEPG2-03,1,K17,sirna_964,HEPG2,1,images/HEPG2-03/Plate1,{experiment}/Plate{plate}/{well}_s{site}_w{channel}.png,images
HEPG2-03_1_K18,HEPG2-03,1,K18,sirna_997,HEPG2,1,images/HEPG2-03/Plate1,{experiment}/Plate{plate}/{well}_s{site}_w{channel}.png,images
HEPG2-03_1_K19,HEPG2-03,1,K19,sirna_191,HEPG2,1,images/HEPG2-03/Plate1,{experiment}/Plate{plate}/{well}_s{site}_w{channel}.png,images
HEPG2-03_1_K20,HEPG2-03,1,K20,sirna_488,HEPG2,1,images/HEPG2-03/Plate1,{experiment}/Plate{plate}/{well}_s{site}_w{channel}.png,images
HEPG2-03_1_K21,HEPG2-03,1,K21,sirna_78,HEPG2,1,images/HEPG2-03/Plate1,{experiment}/Plate{plate}/{well}_s{site}_w{channel}.png,images
HEPG2-03_1_K22,HEPG2-03,1,K22,sirna_688,HEPG2,1,images/HEPG2-03/Plate1,{experiment}/Plate{plate}/{well}_s{site}_w{channel}.png,images
HEPG2-03_1_K23,HEPG2-03,1,K23,sirna_727,HEPG2,1,images/HEPG2-03/Plate1,{experiment}/Plate{plate}/{well}_s{site}_w{channel}.png,images
HEPG2-03_1_L02,HEPG2-03,1,L02,sirna_602,HEPG2,1,images/HEPG2-03/Plate1,{experiment}/Plate{plate}/{well}_s{site}_w{channel}.png,images
HEPG2-03_1_L03,HEPG2-03,1,L03,sirna_439,HEPG2,1,images/HEPG2-03/Plate1,{experiment}/Plate{plate}/{well}_s{site}_w{channel}.png,images
HEPG2-03_1_L04,HEPG2-03,1,L04,sirna_915,HEPG2,1,images/HEPG2-03/Plate1,{experiment}/Plate{plate}/{well}_s{site}_w{channel}.png,images
HEPG2-03_1_L05,HEPG2-03,1,L05,sirna_611,HEPG2,1,images/HEPG2-03/Plate1,{experiment}/Plate{plate}/{well}_s{site}_w{channel}.png,images
HEPG2-03_1_L06,HEPG2-03,1,L06,sirna_779,HEPG2,1,images/HEPG2-03/Plate1,{experiment}/Plate{plate}/{well}_s{site}_w{channel}.png,images
HEPG2-03_1_L07,HEPG2-03,1,L07,sirna_1025,HEPG2,1,images/HEPG2-03/Plate1,{experiment}/Plate{plate}/{well}_s{site}_w{channel}.png,images
HEPG2-03_1_L08,HEPG2-03,1,L08,sirna_887,HEPG2,1,images/HEPG2-03/Plate1,{experiment}/Plate{plate}/{well}_s{site}_w{channel}.png,images
HEPG2-03_1_L09,HEPG2-03,1,L09,sirna_478,HEPG2,1,images/HEPG2-03/Plate1,{experiment}/Plate{plate}/{well}_s{site}_w{channel}.png,images
HEPG2-03_1_L10,HEPG2-03,1,L10,sirna_527,HEPG2,1,images/HEPG2-03/Plate1,{experiment}/Plate{plate}/{well}_s{site}_w{channel}.png,images
HEPG2-03_1_L11,HEPG2-03,1,L11,sirna_134,HEPG2,1,images/HEPG2-03/Plate1,{experiment}/Plate{plate}/{well}_s{site}_w{channel}.png,images
HEPG2-03_1_L12,HEPG2-03,1,L12,sirna_1035,HEPG2,1,images/HEPG2-03/Plate1,{experiment}/Plate{plate}/{well}_s{site}_w{channel}.png,images
HEPG2-03_1_L13,HEPG2-03,1,L13,sirna_483,HEPG2,1,images/HEPG2-03/Plate1,{experiment}/Plate{plate}/{well}_s{site}_w{channel}.png,images
HEPG2-03_1_L14,HEPG2-03,1,L14,sirna_224,HEPG2,1,images/HEPG2-03/Plate1,{experiment}/Plate{plate}/{well}_s{site}_w{channel}.png,images
HEPG2-03_1_L15,HEPG2-03,1,L15,sirna_1104,HEPG2,1,images/HEPG2-03/Plate1,{experiment}/Plate{plate}/{well}_s{site}_w{channel}.png,images
HEPG2-03_1_L16,HEPG2-03,1,L16,sirna_548,HEPG2,1,images/HEPG2-03/Plate1,{experiment}/Plate{plate}/{well}_s{site}_w{channel}.png,images
HEPG2-03_1_L17,HEPG2-03,1,L17,sirna_419,HEPG2,1,images/HEPG2-03/Plate1,{experiment}/Plate{plate}/{well}_s{site}_w{channel}.png,images
HEPG2-03_1_L18,HEPG2-03,1,L18,sirna_222,HEPG2,1,images/HEPG2-03/Plate1,{experiment}/Plate{plate}/{well}_s{site}_w{channel}.png,images
HEPG2-03_1_L19,HEPG2-03,1,L19,sirna_562,HEPG2,1,images/HEPG2-03/Plate1,{experiment}/Plate{plate}/{well}_s{site}_w{channel}.png,images
HEPG2-03_1_L20,HEPG2-03,1,L20,sirna_1115,HEPG2,1,images/HEPG2-03/Plate1,{experiment}/Plate{plate}/{well}_s{site}_w{channel}.png,images
HEPG2-03_1_L21,HEPG2-03,1,L21,sirna_728,HEPG2,1,images/HEPG2-03/Plate1,{experiment}/Plate{plate}/{well}_s{site}_w{channel}.png,images
HEPG2-03_1_L22,HEPG2-03,1,L22,sirna_622,HEPG2,1,images/HEPG2-03/Plate1,{experiment}/Plate{plate}/{well}_s{site}_w{channel}.png,images
HEPG2-03_1_L23,HEPG2-03,1,L23,sirna_185,HEPG2,1,images/HEPG2-03/Plate1,{experiment}/Plate{plate}/{well}_s{site}_w{channel}.png,images
HEPG2-03_1_M02,HEPG2-03,1,M02,sirna_99,HEPG2,1,images/HEPG2-03/Plate1,{experiment}/Plate{plate}/{well}_s{site}_w{channel}.png,images
HEPG2-03_1_M04,HEPG2-03,1,M04,sirna_253,HEPG2,1,images/HEPG2-03/Plate1,{experiment}/Plate{plate}/{well}_s{site}_w{channel}.png,images
HEPG2-03_1_M05,HEPG2-03,1,M05,sirna_624,HEPG2,1,images/HEPG2-03/Plate1,{experiment}/Plate{plate}/{well}_s{site}_w{channel}.png,images
HEPG2-03_1_M06,HEPG2-03,1,M06,sirna_325,HEPG2,1,images/HEPG2-03/Plate1,{experiment}/Plate{plate}/{well}_s{site}_w{channel}.png,images
HEPG2-03_1_M08,HEPG2-03,1,M08,sirna_88,HEPG2,1,images/HEPG2-03/Plate1,{experiment}/Plate{plate}/{well}_s{site}_w{channel}.png,images
HEPG2-03_1_M09,HEPG2-03,1,M09,sirna_593,HEPG2,1,images/HEPG2-03/Plate1,{experiment}/Plate{plate}/{well}_s{site}_w{channel}.png,images
HEPG2-03_1_M10,HEPG2-03,1,M10,sirna_953,HEPG2,1,images/HEPG2-03/Plate1,{experiment}/Plate{plate}/{well}_s{site}_w{channel}.png,images
HEPG2-03_1_M12,HEPG2-03,1,M12,sirna_444,HEPG2,1,images/HEPG2-03/Plate1,{experiment}/Plate{plate}/{well}_s{site}_w{channel}.png,images
HEPG2-03_1_M13,HEPG2-03,1,M13,sirna_334,HEPG2,1,images/HEPG2-03/Plate1,{experiment}/Plate{plate}/{well}_s{site}_w{channel}.png,images
HEPG2-03_1_M14,HEPG2-03,1,M14,sirna_186,HEPG2,1,images/HEPG2-03/Plate1,{experiment}/Plate{plate}/{well}_s{site}_w{channel}.png,images
HEPG2-03_1_M16,HEPG2-03,1,M16,sirna_701,HEPG2,1,images/HEPG2-03/Plate1,{experiment}/Plate{plate}/{well}_s{site}_w{channel}.png,images
HEPG2-03_1_M17,HEPG2-03,1,M17,sirna_372,HEPG2,1,images/HEPG2-03/Plate1,{experiment}/Plate{plate}/{well}_s{site}_w{channel}.png,images
HEPG2-03_1_M18,HEPG2-03,1,M18,sirna_837,HEPG2,1,images/HEPG2-03/Plate1,{experiment}/Plate{plate}/{well}_s{site}_w{channel}.png,images
HEPG2-03_1_M20,HEPG2-03,1,M20,sirna_504,HEPG2,1,images/HEPG2-03/Plate1,{experiment}/Plate{plate}/{well}_s{site}_w{channel}.png,images
HEPG2-03_1_M21,HEPG2-03,1,M21,sirna_910,HEPG2,1,images/HEPG2-03/Plate1,{experiment}/Plate{plate}/{well}_s{site}_w{channel}.png,images
HEPG2-03_1_M23,HEPG2-03,1,M23,sirna_136,HEPG2,1,images/HEPG2-03/Plate1,{experiment}/Plate{plate}/{well}_s{site}_w{channel}.png,images
HEPG2-03_1_N02,HEPG2-03,1,N02,sirna_129,HEPG2,1,images/HEPG2-03/Plate1,{experiment}/Plate{plate}/{well}_s{site}_w{channel}.png,images
HEPG2-03_1_N03,HEPG2-03,1,N03,sirna_263,HEPG2,1,images/HEPG2-03/Plate1,{experiment}/Plate{plate}/{well}_s{site}_w{channel}.png,images
HEPG2-03_1_N04,HEPG2-03,1,N04,sirna_800,HEPG2,1,images/HEPG2-03/Plate1,{experiment}/Plate{plate}/{well}_s{site}_w{channel}.png,images
HEPG2-03_1_N05,HEPG2-03,1,N05,sirna_924,HEPG2,1,images/HEPG2-03/Plate1,{experiment}/Plate{plate}/{well}_s{site}_w{channel}.png,images
HEPG2-03_1_N06,HEPG2-03,1,N06,sirna_215,HEPG2,1,images/HEPG2-03/Plate1,{experiment}/Plate{plate}/{well}_s{site}_w{channel}.png,images
HEPG2-03_1_N07,HEPG2-03,1,N07,sirna_996,HEPG2,1,images/HEPG2-03/Plate1,{experiment}/Plate{plate}/{well}_s{site}_w{channel}.png,images
HEPG2-03_1_N08,HEPG2-03,1,N08,sirna_1112,HEPG2,1,images/HEPG2-03/Plate1,{experiment}/Plate{plate}/{well}_s{site}_w{channel}.png,images
HEPG2-03_1_N09,HEPG2-03,1,N09,sirna_209,HEPG2,1,images/HEPG2-03/Plate1,{experiment}/Plate{plate}/{well}_s{site}_w{channel}.png,images
HEPG2-03_1_N10,HEPG2-03,1,N10,sirna_575,HEPG2,1,images/HEPG2-03/Plate1,{experiment}/Plate{plate}/{well}_s{site}_w{channel}.png,images
HEPG2-03_1_N11,HEPG2-03,1,N11,sirna_978,HEPG2,1,images/HEPG2-03/Plate1,{experiment}/Plate{plate}/{well}_s{site}_w{channel}.png,images
HEPG2-03_1_N12,HEPG2-03,1,N12,sirna_1081,HEPG2,1,images/HEPG2-03/Plate1,{experiment}/Plate{plate}/{well}_s{site}_w{channel}.png,images
HEPG2-03_1_N13,HEPG2-03,1,N13,sirna_789,HEPG2,1,images/HEPG2-03/Plate1,{experiment}/Plate{plate}/{well}_s{site}_w{channel}.png,images
HEPG2-03_1_N14,HEPG2-03,1,N14,sirna_536,HEPG2,1,images/HEPG2-03/Plate1,{experiment}/Plate{plate}/{well}_s{site}_w{channel}.png,images
HEPG2-03_1_N15,HEPG2-03,1,N15,sirna_861,HEPG2,1,images/HEPG2-03/Plate1,{experiment}/Plate{plate}/{well}_s{site}_w{channel}.png,images
HEPG2-03_1_N16,HEPG2-03,1,N16,sirna_202,HEPG2,1,images/HEPG2-03/Plate1,{experiment}/Plate{plate}/{well}_s{site}_w{channel}.png,images
HEPG2-03_1_N17,HEPG2-03,1,N17,sirna_1016,HEPG2,1,images/HEPG2-03/Plate1,{experiment}/Plate{plate}/{well}_s{site}_w{channel}.png,images
HEPG2-03_1_N18,HEPG2-03,1,N18,sirna_225,HEPG2,1,images/HEPG2-03/Plate1,{experiment}/Plate{plate}/{well}_s{site}_w{channel}.png,images
HEPG2-03_1_N19,HEPG2-03,1,N19,sirna_733,HEPG2,1,images/HEPG2-03/Plate1,{experiment}/Plate{plate}/{well}_s{site}_w{channel}.png,images
HEPG2-03_1_N20,HEPG2-03,1,N20,sirna_250,HEPG2,1,images/HEPG2-03/Plate1,{experiment}/Plate{plate}/{well}_s{site}_w{channel}.png,images
HEPG2-03_1_N21,HEPG2-03,1,N21,sirna_46,HEPG2,1,images/HEPG2-03/Plate1,{experiment}/Plate{plate}/{well}_s{site}_w{channel}.png,images
HEPG2-03_1_N22,HEPG2-03,1,N22,sirna_18,HEPG2,1,images/HEPG2-03/Plate1,{experiment}/Plate{plate}/{well}_s{site}_w{channel}.png,images
HEPG2-03_1_N23,HEPG2-03,1,N23,sirna_158,HEPG2,1,images/HEPG2-03/Plate1,{experiment}/Plate{plate}/{well}_s{site}_w{channel}.png,images
HEPG2-03_1_O02,HEPG2-03,1,O02,sirna_550,HEPG2,1,images/HEPG2-03/Plate1,{experiment}/Plate{plate}/{well}_s{site}_w{channel}.png,images
HEPG2-03_1_O03,HEPG2-03,1,O03,sirna_757,HEPG2,1,images/HEPG2-03/Plate1,{experiment}/Plate{plate}/{well}_s{site}_w{channel}.png,images
HEPG2-03_1_O04,HEPG2-03,1,O04,sirna_843,HEPG2,1,images/HEPG2-03/Plate1,{experiment}/Plate{plate}/{well}_s{site}_w{channel}.png,images
HEPG2-03_1_O05,HEPG2-03,1,O05,sirna_95,HEPG2,1,images/HEPG2-03/Plate1,{experiment}/Plate{plate}/{well}_s{site}_w{channel}.png,images
HEPG2-03_1_O06,HEPG2-03,1,O06,sirna_998,HEPG2,1,images/HEPG2-03/Plate1,{experiment}/Plate{plate}/{well}_s{site}_w{channel}.png,images
HEPG2-03_1_O07,HEPG2-03,1,O07,sirna_434,HEPG2,1,images/HEPG2-03/Plate1,{experiment}/Plate{plate}/{well}_s{site}_w{channel}.png,images
HEPG2-03_1_O08,HEPG2-03,1,O08,sirna_865,HEPG2,1,images/HEPG2-03/Plate1,{experiment}/Plate{plate}/{well}_s{site}_w{channel}.png,images
HEPG2-03_1_O09,HEPG2-03,1,O09,sirna_464,HEPG2,1,images/HEPG2-03/Plate1,{experiment}/Plate{plate}/{well}_s{site}_w{channel}.png,images
HEPG2-03_1_O10,HEPG2-03,1,O10,sirna_251,HEPG2,1,images/HEPG2-03/Plate1,{experiment}/Plate{plate}/{well}_s{site}_w{channel}.png,images
HEPG2-03_1_O11,HEPG2-03,1,O11,sirna_418,HEPG2,1,images/HEPG2-03/Plate1,{experiment}/Plate{plate}/{well}_s{site}_w{channel}.png,images
HEPG2-03_1_O12,HEPG2-03,1,O12,sirna_942,HEPG2,1,images/HEPG2-03/Plate1,{experiment}/Plate{plate}/{well}_s{site}_w{channel}.png,images
HEPG2-03_1_O13,HEPG2-03,1,O13,sirna_907,HEPG2,1,images/HEPG2-03/Plate1,{experiment}/Plate{plate}/{well}_s{site}_w{channel}.png,images
HEPG2-03_1_O14,HEPG2-03,1,O14,sirna_1066,HEPG2,1,images/HEPG2-03/Plate1,{experiment}/Plate{plate}/{well}_s{site}_w{channel}.png,images
HEPG2-03_1_O15,HEPG2-03,1,O15,sirna_102,HEPG2,1,images/HEPG2-03/Plate1,{experiment}/Plate{plate}/{well}_s{site}_w{channel}.png,images
HEPG2-03_1_O16,HEPG2-03,1,O16,sirna_487,HEPG2,1,images/HEPG2-03/Plate1,{experiment}/Plate{plate}/{well}_s{site}_w{channel}.png,images
HEPG2-03_1_O17,HEPG2-03,1,O17,sirna_430,HEPG2,1,images/HEPG2-03/Plate1,{experiment}/Plate{plate}/{well}_s{site}_w{channel}.png,images
HEPG2-03_1_O18,HEPG2-03,1,O18,sirna_1046,HEPG2,1,images/HEPG2-03/Plate1,{experiment}/Plate{plate}/{well}_s{site}_w{channel}.png,images
HEPG2-03_1_O19,HEPG2-03,1,O19,sirna_375,HEPG2,1,images/HEPG2-03/Plate1,{experiment}/Plate{plate}/{well}_s{site}_w{channel}.png,images
HEPG2-03_1_O20,HEPG2-03,1,O20,sirna_279,HEPG2,1,images/HEPG2-03/Plate1,{experiment}/Plate{plate}/{well}_s{site}_w{channel}.png,images
HEPG2-03_1_O21,HEPG2-03,1,O21,sirna_210,HEPG2,1,images/HEPG2-03/Plate1,{experiment}/Plate{plate}/{well}_s{site}_w{channel}.png,images
HEPG2-03_1_O22,HEPG2-03,1,O22,sirna_581,HEPG2,1,images/HEPG2-03/Plate1,{experiment}/Plate{plate}/{well}_s{site}_w{channel}.png,images
HEPG2-03_1_O23,HEPG2-03,1,O23,sirna_845,HEPG2,1,images/HEPG2-03/Plate1,{experiment}/Plate{plate}/{well}_s{site}_w{channel}.png,images
HEPG2-03_2_B03,HEPG2-03,2,B03,sirna_276,HEPG2,1,images/HEPG2-03/Plate2,{experiment}/Plate{plate}/{well}_s{site}_w{channel}.png,images
HEPG2-03_2_B04,HEPG2-03,2,B04,sirna_30,HEPG2,1,images/HEPG2-03/Plate2,{experiment}/Plate{plate}/{well}_s{site}_w{channel}.png,images
HEPG2-03_2_B05,HEPG2-03,2,B05,sirna_1041,HEPG2,1,images/HEPG2-03/Plate2,{experiment}/Plate{plate}/{well}_s{site}_w{channel}.png,images
HEPG2-03_2_B06,HEPG2-03,2,B06,sirna_362,HEPG2,1,images/HEPG2-03/Plate2,{experiment}/Plate{plate}/{well}_s{site}_w{channel}.png,images
HEPG2-03_2_B07,HEPG2-03,2,B07,sirna_547,HEPG2,1,images/HEPG2-03/Plate2,{experiment}/Plate{plate}/{well}_s{site}_w{channel}.png,images
HEPG2-03_2_B08,HEPG2-03,2,B08,sirna_972,HEPG2,1,images/HEPG2-03/Plate2,{experiment}/Plate{plate}/{well}_s{site}_w{channel}.png,images
HEPG2-03_2_B09,HEPG2-03,2,B09,sirna_1064,HEPG2,1,images/HEPG2-03/Plate2,{experiment}/Plate{plate}/{well}_s{site}_w{channel}.png,images
HEPG2-03_2_B10,HEPG2-03,2,B10,sirna_192,HEPG2,1,images/HEPG2-03/Plate2,{experiment}/Plate{plate}/{well}_s{site}_w{channel}.png,images
HEPG2-03_2_B11,HEPG2-03,2,B11,sirna_8,HEPG2,1,images/HEPG2-03/Plate2,{experiment}/Plate{plate}/{well}_s{site}_w{channel}.png,images
HEPG2-03_2_B12,HEPG2-03,2,B12,sirna_1117,HEPG2,1,images/HEPG2-03/Plate2,{experiment}/Plate{plate}/{well}_s{site}_w{channel}.png,images
HEPG2-03_2_B13,HEPG2-03,2,B13,sirna_746,HEPG2,1,images/HEPG2-03/Plate2,{experiment}/Plate{plate}/{well}_s{site}_w{channel}.png,images
HEPG2-03_2_B14,HEPG2-03,2,B14,sirna_705,HEPG2,1,images/HEPG2-03/Plate2,{experiment}/Plate{plate}/{well}_s{site}_w{channel}.png,images
HEPG2-03_2_B15,HEPG2-03,2,B15,sirna_554,HEPG2,1,images/HEPG2-03/Plate2,{experiment}/Plate{plate}/{well}_s{site}_w{channel}.png,images
HEPG2-03_2_B16,HEPG2-03,2,B16,sirna_1125,HEPG2,1,images/HEPG2-03/Plate2,{experiment}/Plate{plate}/{well}_s{site}_w{channel}.png,images
HEPG2-03_2_B17,HEPG2-03,2,B17,sirna_381,HEPG2,1,images/HEPG2-03/Plate2,{experiment}/Plate{plate}/{well}_s{site}_w{channel}.png,images
HEPG2-03_2_B18,HEPG2-03,2,B18,sirna_164,HEPG2,1,images/HEPG2-03/Plate2,{experiment}/Plate{plate}/{well}_s{site}_w{channel}.png,images
HEPG2-03_2_B19,HEPG2-03,2,B19,sirna_1043,HEPG2,1,images/HEPG2-03/Plate2,{experiment}/Plate{plate}/{well}_s{site}_w{channel}.png,images
HEPG2-03_2_B20,HEPG2-03,2,B20,sirna_519,HEPG2,1,images/HEPG2-03/Plate2,{experiment}/Plate{plate}/{well}_s{site}_w{channel}.png,images
HEPG2-03_2_B21,HEPG2-03,2,B21,sirna_296,HEPG2,1,images/HEPG2-03/Plate2,{experiment}/Plate{plate}/{well}_s{site}_w{channel}.png,images
HEPG2-03_2_B22,HEPG2-03,2,B22,sirna_866,HEPG2,1,images/HEPG2-03/Plate2,{experiment}/Plate{plate}/{well}_s{site}_w{channel}.png,images
HEPG2-03_2_B23,HEPG2-03,2,B23,sirna_969,HEPG2,1,images/HEPG2-03/Plate2,{experiment}/Plate{plate}/{well}_s{site}_w{channel}.png,images
HEPG2-03_2_C02,HEPG2-03,2,C02,sirna_680,HEPG2,1,images/HEPG2-03/Plate2,{experiment}/Plate{plate}/{well}_s{site}_w{channel}.png,images
HEPG2-03_2_C04,HEPG2-03,2,C04,sirna_400,HEPG2,1,images/HEPG2-03/Plate2,{experiment}/Plate{plate}/{well}_s{site}_w{channel}.png,images
HEPG2-03_2_C05,HEPG2-03,2,C05,sirna_255,HEPG2,1,images/HEPG2-03/Plate2,{experiment}/Plate{plate}/{well}_s{site}_w{channel}.png,images
HEPG2-03_2_C06,HEPG2-03,2,C06,sirna_621,HEPG2,1,images/HEPG2-03/Plate2,{experiment}/Plate{plate}/{well}_s{site}_w{channel}.png,images
HEPG2-03_2_C08,HEPG2-03,2,C08,sirna_41,HEPG2,1,images/HEPG2-03/Plate2,{experiment}/Plate{plate}/{well}_s{site}_w{channel}.png,images
HEPG2-03_2_C09,HEPG2-03,2,C09,sirna_1045,HEPG2,1,images/HEPG2-03/Plate2,{experiment}/Plate{plate}/{well}_s{site}_w{channel}.png,images
HEPG2-03_2_C10,HEPG2-03,2,C10,sirna_479,HEPG2,1,images/HEPG2-03/Plate2,{experiment}/Plate{plate}/{well}_s{site}_w{channel}.png,images
HEPG2-03_2_C12,HEPG2-03,2,C12,sirna_65,HEPG2,1,images/HEPG2-03/Plate2,{experiment}/Plate{plate}/{well}_s{site}_w{channel}.png,images
HEPG2-03_2_C13,HEPG2-03,2,C13,sirna_305,HEPG2,1,images/HEPG2-03/Plate2,{experiment}/Plate{plate}/{well}_s{site}_w{channel}.png,images
HEPG2-03_2_C14,HEPG2-03,2,C14,sirna_359,HEPG2,1,images/HEPG2-03/Plate2,{experiment}/Plate{plate}/{well}_s{site}_w{channel}.png,images
HEPG2-03_2_C16,HEPG2-03,2,C16,sirna_867,HEPG2,1,images/HEPG2-03/Plate2,{experiment}/Plate{plate}/{well}_s{site}_w{channel}.png,images
HEPG2-03_2_C17,HEPG2-03,2,C17,sirna_700,HEPG2,1,images/HEPG2-03/Plate2,{experiment}/Plate{plate}/{well}_s{site}_w{channel}.png,images
HEPG2-03_2_C18,HEPG2-03,2,C18,sirna_161,HEPG2,1,images/HEPG2-03/Plate2,{experiment}/Plate{plate}/{well}_s{site}_w{channel}.png,images
HEPG2-03_2_C20,HEPG2-03,2,C20,sirna_412,HEPG2,1,images/HEPG2-03/Plate2,{experiment}/Plate{plate}/{well}_s{site}_w{channel}.png,images
HEPG2-03_2_C21,HEPG2-03,2,C21,sirna_77,HEPG2,1,images/HEPG2-03/Plate2,{experiment}/Plate{plate}/{well}_s{site}_w{channel}.png,images
HEPG2-03_2_C23,HEPG2-03,2,C23,sirna_79,HEPG2,1,images/HEPG2-03/Plate2,{experiment}/Plate{plate}/{well}_s{site}_w{channel}.png,images
HEPG2-03_2_D02,HEPG2-03,2,D02,sirna_42,HEPG2,1,images/HEPG2-03/Plate2,{experiment}/Plate{plate}/{well}_s{site}_w{channel}.png,images
HEPG2-03_2_D03,HEPG2-03,2,D03,sirna_233,HEPG2,1,images/HEPG2-03/Plate2,{experiment}/Plate{plate}/{well}_s{site}_w{channel}.png,images
HEPG2-03_2_D04,HEPG2-03,2,D04,sirna_230,HEPG2,1,images/HEPG2-03/Plate2,{experiment}/Plate{plate}/{well}_s{site}_w{channel}.png,images
HEPG2-03_2_D05,HEPG2-03,2,D05,sirna_128,HEPG2,1,images/HEPG2-03/Plate2,{experiment}/Plate{plate}/{well}_s{site}_w{channel}.png,images
HEPG2-03_2_D06,HEPG2-03,2,D06,sirna_860,HEPG2,1,images/HEPG2-03/Plate2,{experiment}/Plate{plate}/{well}_s{site}_w{channel}.png,images
HEPG2-03_2_D07,HEPG2-03,2,D07,sirna_200,HEPG2,1,images/HEPG2-03/Plate2,{experiment}/Plate{plate}/{well}_s{site}_w{channel}.png,images
HEPG2-03_2_D08,HEPG2-03,2,D08,sirna_169,HEPG2,1,images/HEPG2-03/Plate2,{experiment}/Plate{plate}/{well}_s{site}_w{channel}.png,images
HEPG2-03_2_D09,HEPG2-03,2,D09,sirna_1100,HEPG2,1,images/HEPG2-03/Plate2,{experiment}/Plate{plate}/{well}_s{site}_w{channel}.png,images
HEPG2-03_2_D10,HEPG2-03,2,D10,sirna_992,HEPG2,1,images/HEPG2-03/Plate2,{experiment}/Plate{plate}/{well}_s{site}_w{channel}.png,images
HEPG2-03_2_D11,HEPG2-03,2,D11,sirna_38,HEPG2,1,images/HEPG2-03/Plate2,{experiment}/Plate{plate}/{well}_s{site}_w{channel}.png,images
HEPG2-03_2_D12,HEPG2-03,2,D12,sirna_286,HEPG2,1,images/HEPG2-03/Plate2,{experiment}/Plate{plate}/{well}_s{site}_w{channel}.png,images
HEPG2-03_2_D13,HEPG2-03,2,D13,sirna_57,HEPG2,1,images/HEPG2-03/Plate2,{experiment}/Plate{plate}/{well}_s{site}_w{channel}.png,images
HEPG2-03_2_D14,HEPG2-03,2,D14,sirna_308,HEPG2,1,images/HEPG2-03/Plate2,{experiment}/Plate{plate}/{well}_s{site}_w{channel}.png,images
HEPG2-03_2_D15,HEPG2-03,2,D15,sirna_600,HEPG2,1,images/HEPG2-03/Plate2,{experiment}/Plate{plate}/{well}_s{site}_w{channel}.png,images
HEPG2-03_2_D16,HEPG2-03,2,D16,sirna_73,HEPG2,1,images/HEPG2-03/Plate2,{experiment}/Plate{plate}/{well}_s{site}_w{channel}.png,images
HEPG2-03_2_D17,HEPG2-03,2,D17,sirna_399,HEPG2,1,images/HEPG2-03/Plate2,{experiment}/Plate{plate}/{well}_s{site}_w{channel}.png,images
HEPG2-03_2_D18,HEPG2-03,2,D18,sirna_951,HEPG2,1,images/HEPG2-03/Plate2,{experiment}/Plate{plate}/{well}_s{site}_w{channel}.png,images
HEPG2-03_2_D19,HEPG2-03,2,D19,sirna_968,HEPG2,1,images/HEPG2-03/Plate2,{experiment}/Plate{plate}/{well}_s{site}_w{channel}.png,images
HEPG2-03_2_D20,HEPG2-03,2,D20,sirna_357,HEPG2,1,images/HEPG2-03/Plate2,{experiment}/Plate{plate}/{well}_s{site}_w{channel}.png,images
HEPG2-03_2_D21,HEPG2-03,2,D21,sirna_1083,HEPG2,1,images/HEPG2-03/Plate2,{experiment}/Plate{plate}/{well}_s{site}_w{channel}.png,images
HEPG2-03_2_D22,HEPG2-03,2,D22,sirna_278,HEPG2,1,images/HEPG2-03/Plate2,{experiment}/Plate{plate}/{well}_s{site}_w{channel}.png,images
HEPG2-03_2_D23,HEPG2-03,2,D23,sirna_70,HEPG2,1,images/HEPG2-03/Plate2,{experiment}/Plate{plate}/{well}_s{site}_w{channel}.png,images
HEPG2-03_2_E02,HEPG2-03,2,E02,sirna_914,HEPG2,1,images/HEPG2-03/Plate2,{experiment}/Plate{plate}/{well}_s{site}_w{channel}.png,images
HEPG2-03_2_E03,HEPG2-03,2,E03,sirna_317,HEPG2,1,images/HEPG2-03/Plate2,{experiment}/Plate{plate}/{well}_s{site}_w{channel}.png,images
HEPG2-03_2_E04,HEPG2-03,2,E04,sirna_569,HEPG2,1,images/HEPG2-03/Plate2,{experiment}/Plate{plate}/{well}_s{site}_w{channel}.png,images
HEPG2-03_2_E05,HEPG2-03,2,E05,sirna_64,HEPG2,1,images/HEPG2-03/Plate2,{experiment}/Plate{plate}/{well}_s{site}_w{channel}.png,images
HEPG2-03_2_E06,HEPG2-03,2,E06,sirna_68,HEPG2,1,images/HEPG2-03/Plate2,{experiment}/Plate{plate}/{well}_s{site}_w{channel}.png,images
HEPG2-03_2_E07,HEPG2-03,2,E07,sirna_579,HEPG2,1,images/HEPG2-03/Plate2,{experiment}/Plate{plate}/{well}_s{site}_w{channel}.png,images
HEPG2-03_2_E08,HEPG2-03,2,E08,sirna_319,HEPG2,1,images/HEPG2-03/Plate2,{experiment}/Plate{plate}/{well}_s{site}_w{channel}.png,images
HEPG2-03_2_E09,HEPG2-03,2,E09,sirna_883,HEPG2,1,images/HEPG2-03/Plate2,{experiment}/Plate{plate}/{well}_s{site}_w{channel}.png,images
HEPG2-03_2_E10,HEPG2-03,2,E10,sirna_634,HEPG2,1,images/HEPG2-03/Plate2,{experiment}/Plate{plate}/{well}_s{site}_w{channel}.png,images
HEPG2-03_2_E11,HEPG2-03,2,E11,sirna_828,HEPG2,1,images/HEPG2-03/Plate2,{experiment}/Plate{plate}/{well}_s{site}_w{channel}.png,images
HEPG2-03_2_E12,HEPG2-03,2,E12,sirna_679,HEPG2,1,images/HEPG2-03/Plate2,{experiment}/Plate{plate}/{well}_s{site}_w{channel}.png,images
HEPG2-03_2_E13,HEPG2-03,2,E13,sirna_440,HEPG2,1,images/HEPG2-03/Plate2,{experiment}/Plate{plate}/{well}_s{site}_w{channel}.png,images
HEPG2-03_2_E14,HEPG2-03,2,E14,sirna_59,HEPG2,1,images/HEPG2-03/Plate2,{experiment}/Plate{plate}/{well}_s{site}_w{channel}.png,images
HEPG2-03_2_E15,HEPG2-03,2,E15,sirna_491,HEPG2,1,images/HEPG2-03/Plate2,{experiment}/Plate{plate}/{well}_s{site}_w{channel}.png,images
HEPG2-03_2_E16,HEPG2-03,2,E16,sirna_49,HEPG2,1,images/HEPG2-03/Plate2,{experiment}/Plate{plate}/{well}_s{site}_w{channel}.png,images
HEPG2-03_2_E17,HEPG2-03,2,E17,sirna_457,HEPG2,1,images/HEPG2-03/Plate2,{experiment}/Plate{plate}/{well}_s{site}_w{channel}.png,images
HEPG2-03_2_E18,HEPG2-03,2,E18,sirna_122,HEPG2,1,images/HEPG2-03/Plate2,{experiment}/Plate{plate}/{well}_s{site}_w{channel}.png,images
HEPG2-03_2_E19,HEPG2-03,2,E19,sirna_1039,HEPG2,1,images/HEPG2-03/Plate2,{experiment}/Plate{plate}/{well}_s{site}_w{channel}.png,images
HEPG2-03_2_E20,HEPG2-03,2,E20,sirna_1089,HEPG2,1,images/HEPG2-03/Plate2,{experiment}/Plate{plate}/{well}_s{site}_w{channel}.png,images
HEPG2-03_2_E21,HEPG2-03,2,E21,sirna_4,HEPG2,1,images/HEPG2-03/Plate2,{experiment}/Plate{plate}/{well}_s{site}_w{channel}.png,images
HEPG2-03_2_E22,HEPG2-03,2,E22,sirna_792,HEPG2,1,images/HEPG2-03/Plate2,{experiment}/Plate{plate}/{well}_s{site}_w{channel}.png,images
HEPG2-03_2_E23,HEPG2-03,2,E23,sirna_324,HEPG2,1,images/HEPG2-03/Plate2,{experiment}/Plate{plate}/{well}_s{site}_w{channel}.png,images
HEPG2-03_2_F02,HEPG2-03,2,F02,sirna_976,HEPG2,1,images/HEPG2-03/Plate2,{experiment}/Plate{plate}/{well}_s{site}_w{channel}.png,images
HEPG2-03_2_F04,HEPG2-03,2,F04,sirna_195,HEPG2,1,images/HEPG2-03/Plate2,{experiment}/Plate{plate}/{well}_s{site}_w{channel}.png,images
HEPG2-03_2_F05,HEPG2-03,2,F05,sirna_662,HEPG2,1,images/HEPG2-03/Plate2,{experiment}/Plate{plate}/{well}_s{site}_w{channel}.png,images
HEPG2-03_2_F06,HEPG2-03,2,F06,sirna_578,HEPG2,1,images/HEPG2-03/Plate2,{experiment}/Plate{plate}/{well}_s{site}_w{channel}.png,images
HEPG2-03_2_F08,HEPG2-03,2,F08,sirna_783,HEPG2,1,images/HEPG2-03/Plate2,{experiment}/Plate{plate}/{well}_s{site}_w{channel}.png,images
HEPG2-03_2_F09,HEPG2-03,2,F09,sirna_931,HEPG2,1,images/HEPG2-03/Plate2,{experiment}/Plate{plate}/{well}_s{site}_w{channel}.png,images
HEPG2-03_2_F10,HEPG2-03,2,F10,sirna_469,HEPG2,1,images/HEPG2-03/Plate2,{experiment}/Plate{plate}/{well}_s{site}_w{channel}.png,images
HEPG2-03_2_F12,HEPG2-03,2,F12,sirna_3,HEPG2,1,images/HEPG2-03/Plate2,{experiment}/Plate{plate}/{well}_s{site}_w{channel}.png,images
HEPG2-03_2_F13,HEPG2-03,2,F13,sirna_208,HEPG2,1,images/HEPG2-03/Plate2,{experiment}/Plate{plate}/{well}_s{site}_w{channel}.png,images
HEPG2-03_2_F14,HEPG2-03,2,F14,sirna_899,HEPG2,1,images/HEPG2-03/Plate2,{experiment}/Plate{plate}/{well}_s{site}_w{channel}.png,images
HEPG2-03_2_F16,HEPG2-03,2,F16,sirna_774,HEPG2,1,images/HEPG2-03/Plate2,{experiment}/Plate{plate}/{well}_s{site}_w{channel}.png,images
HEPG2-03_2_F17,HEPG2-03,2,F17,sirna_328,HEPG2,1,images/HEPG2-03/Plate2,{experiment}/Plate{plate}/{well}_s{site}_w{channel}.png,images
HEPG2-03_2_F18,HEPG2-03,2,F18,sirna_1028,HEPG2,1,images/HEPG2-03/Plate2,{experiment}/Plate{plate}/{well}_s{site}_w{channel}.png,images
HEPG2-03_2_F20,HEPG2-03,2,F20,sirna_725,HEPG2,1,images/HEPG2-03/Plate2,{experiment}/Plate{plate}/{well}_s{site}_w{channel}.png,images
HEPG2-03_2_F21,HEPG2-03,2,F21,sirna_184,HEPG2,1,images/HEPG2-03/Plate2,{experiment}/Plate{plate}/{well}_s{site}_w{channel}.png,images
HEPG2-03_2_F23,HEPG2-03,2,F23,sirna_302,HEPG2,1,images/HEPG2-03/Plate2,{experiment}/Plate{plate}/{well}_s{site}_w{channel}.png,images
HEPG2-03_2_G02,HEPG2-03,2,G02,sirna_752,HEPG2,1,images/HEPG2-03/Plate2,{experiment}/Plate{plate}/{well}_s{site}_w{channel}.png,images
HEPG2-03_2_G03,HEPG2-03,2,G03,sirna_510,HEPG2,1,images/HEPG2-03/Plate2,{experiment}/Plate{plate}/{well}_s{site}_w{channel}.png,images
HEPG2-03_2_G04,HEPG2-03,2,G04,sirna_96,HEPG2,1,images/HEPG2-03/Plate2,{experiment}/Plate{plate}/{well}_s{site}_w{channel}.png,images
HEPG2-03_2_G05,HEPG2-03,2,G05,sirna_130,HEPG2,1,images/HEPG2-03/Plate2,{experiment}/Plate{plate}/{well}_s{site}_w{channel}.png,images
HEPG2-03_2_G06,HEPG2-03,2,G06,sirna_484,HEPG2,1,images/HEPG2-03/Plate2,{experiment}/Plate{plate}/{well}_s{site}_w{channel}.png,images
HEPG2-03_2_G07,HEPG2-03,2,G07,sirna_106,HEPG2,1,images/HEPG2-03/Plate2,{experiment}/Plate{plate}/{well}_s{site}_w{channel}.png,images
HEPG2-03_2_G08,HEPG2-03,2,G08,sirna_1124,HEPG2,1,images/HEPG2-03/Plate2,{experiment}/Plate{plate}/{well}_s{site}_w{channel}.png,images
HEPG2-03_2_G09,HEPG2-03,2,G09,sirna_619,HEPG2,1,images/HEPG2-03/Plate2,{experiment}/Plate{plate}/{well}_s{site}_w{channel}.png,images
HEPG2-03_2_G10,HEPG2-03,2,G10,sirna_198,HEPG2,1,images/HEPG2-03/Plate2,{experiment}/Plate{plate}/{well}_s{site}_w{channel}.png,images
HEPG2-03_2_G11,HEPG2-03,2,G11,sirna_552,HEPG2,1,images/HEPG2-03/Plate2,{experiment}/Plate{plate}/{well}_s{site}_w{channel}.png,images
HEPG2-03_2_G12,HEPG2-03,2,G12,sirna_187,HEPG2,1,images/HEPG2-03/Plate2,{experiment}/Plate{plate}/{well}_s{site}_w{channel}.png,images
HEPG2-03_2_G13,HEPG2-03,2,G13,sirna_341,HEPG2,1,images/HEPG2-03/Plate2,{experiment}/Plate{plate}/{well}_s{site}_w{channel}.png,images
HEPG2-03_2_G14,HEPG2-03,2,G14,sirna_246,HEPG2,1,images/HEPG2-03/Plate2,{experiment}/Plate{plate}/{well}_s{site}_w{channel}.png,images
HEPG2-03_2_G15,HEPG2-03,2,G15,sirna_750,HEPG2,1,images/HEPG2-03/Plate2,{experiment}/Plate{plate}/{well}_s{site}_w{channel}.png,images
HEPG2-03_2_G16,HEPG2-03,2,G16,sirna_556,HEPG2,1,images/HEPG2-03/Plate2,{experiment}/Plate{plate}/{well}_s{site}_w{channel}.png,images
HEPG2-03_2_G17,HEPG2-03,2,G17,sirna_642,HEPG2,1,images/HEPG2-03/Plate2,{experiment}/Plate{plate}/{well}_s{site}_w{channel}.png,images
HEPG2-03_2_G18,HEPG2-03,2,G18,sirna_409,HEPG2,1,images/HEPG2-03/Plate2,{experiment}/Plate{plate}/{well}_s{site}_w{channel}.png,images
HEPG2-03_2_G19,HEPG2-03,2,G19,sirna_199,HEPG2,1,images/HEPG2-03/Plate2,{experiment}/Plate{plate}/{well}_s{site}_w{channel}.png,images
HEPG2-03_2_G20,HEPG2-03,2,G20,sirna_641,HEPG2,1,images/HEPG2-03/Plate2,{experiment}/Plate{plate}/{well}_s{site}_w{channel}.png,images
HEPG2-03_2_G21,HEPG2-03,2,G21,sirna_119,HEPG2,1,images/HEPG2-03/Plate2,{experiment}/Plate{plate}/{well}_s{site}_w{channel}.png,images
HEPG2-03_2_G22,HEPG2-03,2,G22,sirna_67,HEPG2,1,images/HEPG2-03/Plate2,{experiment}/Plate{plate}/{well}_s{site}_w{channel}.png,images
HEPG2-03_2_G23,HEPG2-03,2,G23,sirna_1067,HEPG2,1,images/HEPG2-03/Plate2,{experiment}/Plate{plate}/{well}_s{site}_w{channel}.png,images
HEPG2-03_2_H02,HEPG2-03,2,H02,sirna_835,HEPG2,1,images/HEPG2-03/Plate2,{experiment}/Plate{plate}/{well}_s{site}_w{channel}.png,images
HEPG2-03_2_H04,HEPG2-03,2,H04,sirna_14,HEPG2,1,images/HEPG2-03/Plate2,{experiment}/Plate{plate}/{well}_s{site}_w{channel}.png,images
HEPG2-03_2_H05,HEPG2-03,2,H05,sirna_813,HEPG2,1,images/HEPG2-03/Plate2,{experiment}/Plate{plate}/{well}_s{site}_w{channel}.png,images
HEPG2-03_2_H06,HEPG2-03,2,H06,sirna_515,HEPG2,1,images/HEPG2-03/Plate2,{experiment}/Plate{plate}/{well}_s{site}_w{channel}.png,images
HEPG2-03_2_H08,HEPG2-03,2,H08,sirna_758,HEPG2,1,images/HEPG2-03/Plate2,{experiment}/Plate{plate}/{well}_s{site}_w{channel}.png,images
HEPG2-03_2_H09,HEPG2-03,2,H09,sirna_605,HEPG2,1,images/HEPG2-03/Plate2,{experiment}/Plate{plate}/{well}_s{site}_w{channel}.png,images
HEPG2-03_2_H10,HEPG2-03,2,H10,sirna_281,HEPG2,1,images/HEPG2-03/Plate2,{experiment}/Plate{plate}/{well}_s{site}_w{channel}.png,images
HEPG2-03_2_H12,HEPG2-03,2,H12,sirna_342,HEPG2,1,images/HEPG2-03/Plate2,{experiment}/Plate{plate}/{well}_s{site}_w{channel}.png,images
HEPG2-03_2_H13,HEPG2-03,2,H13,sirna_335,HEPG2,1,images/HEPG2-03/Plate2,{experiment}/Plate{plate}/{well}_s{site}_w{channel}.png,images
HEPG2-03_2_H14,HEPG2-03,2,H14,sirna_628,HEPG2,1,images/HEPG2-03/Plate2,{experiment}/Plate{plate}/{well}_s{site}_w{channel}.png,images
HEPG2-03_2_H16,HEPG2-03,2,H16,sirna_623,HEPG2,1,images/HEPG2-03/Plate2,{experiment}/Plate{plate}/{well}_s{site}_w{channel}.png,images
HEPG2-03_2_H17,HEPG2-03,2,H17,sirna_721,HEPG2,1,images/HEPG2-03/Plate2,{experiment}/Plate{plate}/{well}_s{site}_w{channel}.png,images
HEPG2-03_2_H18,HEPG2-03,2,H18,sirna_34,HEPG2,1,images/HEPG2-03/Plate2,{experiment}/Plate{plate}/{well}_s{site}_w{channel}.png,images
HEPG2-03_2_H20,HEPG2-03,2,H20,sirna_179,HEPG2,1,images/HEPG2-03/Plate2,{experiment}/Plate{plate}/{well}_s{site}_w{channel}.png,images
HEPG2-03_2_H21,HEPG2-03,2,H21,sirna_717,HEPG2,1,images/HEPG2-03/Plate2,{experiment}/Plate{plate}/{well}_s{site}_w{channel}.png,images
HEPG2-03_2_H23,HEPG2-03,2,H23,sirna_154,HEPG2,1,images/HEPG2-03/Plate2,{experiment}/Plate{plate}/{well}_s{site}_w{channel}.png,images
HEPG2-03_2_I02,HEPG2-03,2,I02,sirna_977,HEPG2,1,images/HEPG2-03/Plate2,{experiment}/Plate{plate}/{well}_s{site}_w{channel}.png,images
HEPG2-03_2_I03,HEPG2-03,2,I03,sirna_760,HEPG2,1,images/HEPG2-03/Plate2,{experiment}/Plate{plate}/{well}_s{site}_w{channel}.png,images
HEPG2-03_2_I04,HEPG2-03,2,I04,sirna_1008,HEPG2,1,images/HEPG2-03/Plate2,{experiment}/Plate{plate}/{well}_s{site}_w{channel}.png,images
HEPG2-03_2_I05,HEPG2-03,2,I05,sirna_645,HEPG2,1,images/HEPG2-03/Plate2,{experiment}/Plate{plate}/{well}_s{site}_w{channel}.png,images
HEPG2-03_2_I06,HEPG2-03,2,I06,sirna_776,HEPG2,1,images/HEPG2-03/Plate2,{experiment}/Plate{plate}/{well}_s{site}_w{channel}.png,images
HEPG2-03_2_I07,HEPG2-03,2,I07,sirna_912,HEPG2,1,images/HEPG2-03/Plate2,{experiment}/Plate{plate}/{well}_s{site}_w{channel}.png,images
HEPG2-03_2_I08,HEPG2-03,2,I08,sirna_406,HEPG2,1,images/HEPG2-03/Plate2,{experiment}/Plate{plate}/{well}_s{site}_w{channel}.png,images
HEPG2-03_2_I09,HEPG2-03,2,I09,sirna_970,HEPG2,1,images/HEPG2-03/Plate2,{experiment}/Plate{plate}/{well}_s{site}_w{channel}.png,images
HEPG2-03_2_I10,HEPG2-03,2,I10,sirna_7,HEPG2,1,images/HEPG2-03/Plate2,{experiment}/Plate{plate}/{well}_s{site}_w{channel}.png,images
HEPG2-03_2_I11,HEPG2-03,2,I11,sirna_966,HEPG2,1,images/HEPG2-03/Plate2,{experiment}/Plate{plate}/{well}_s{site}_w{channel}.png,images
HEPG2-03_2_I12,HEPG2-03,2,I12,sirna_1101,HEPG2,1,images/HEPG2-03/Plate2,{experiment}/Plate{plate}/{well}_s{site}_w{channel}.png,images
HEPG2-03_2_I13,HEPG2-03,2,I13,sirna_326,HEPG2,1,images/HEPG2-03/Plate2,{experiment}/Plate{plate}/{well}_s{site}_w{channel}.png,images
HEPG2-03_2_I14,HEPG2-03,2,I14,sirna_320,HEPG2,1,images/HEPG2-03/Plate2,{experiment}/Plate{plate}/{well}_s{site}_w{channel}.png,images
HEPG2-03_2_I15,HEPG2-03,2,I15,sirna_560,HEPG2,1,images/HEPG2-03/Plate2,{experiment}/Plate{plate}/{well}_s{site}_w{channel}.png,images
HEPG2-03_2_I16,HEPG2-03,2,I16,sirna_92,HEPG2,1,images/HEPG2-03/Plate2,{experiment}/Plate{plate}/{well}_s{site}_w{channel}.png,images
HEPG2-03_2_I17,HEPG2-03,2,I17,sirna_72,HEPG2,1,images/HEPG2-03/Plate2,{experiment}/Plate{plate}/{well}_s{site}_w{channel}.png,images
HEPG2-03_2_I18,HEPG2-03,2,I18,sirna_249,HEPG2,1,images/HEPG2-03/Plate2,{experiment}/Plate{plate}/{well}_s{site}_w{channel}.png,images
HEPG2-03_2_I19,HEPG2-03,2,I19,sirna_71,HEPG2,1,images/HEPG2-03/Plate2,{experiment}/Plate{plate}/{well}_s{site}_w{channel}.png,images
HEPG2-03_2_I20,HEPG2-03,2,I20,sirna_1014,HEPG2,1,images/HEPG2-03/Plate2,{experiment}/Plate{plate}/{well}_s{site}_w{channel}.png,images
HEPG2-03_2_I21,HEPG2-03,2,I21,sirna_830,HEPG2,1,images/HEPG2-03/Plate2,{experiment}/Plate{plate}/{well}_s{site}_w{channel}.png,images
HEPG2-03_2_I22,HEPG2-03,2,I22,sirna_784,HEPG2,1,images/HEPG2-03/Plate2,{experiment}/Plate{plate}/{well}_s{site}_w{channel}.png,images
HEPG2-03_2_I23,HEPG2-03,2,I23,sirna_676,HEPG2,1,images/HEPG2-03/Plate2,{experiment}/Plate{plate}/{well}_s{site}_w{channel}.png,images
HEPG2-03_2_J02,HEPG2-03,2,J02,sirna_216,HEPG2,1,images/HEPG2-03/Plate2,{experiment}/Plate{plate}/{well}_s{site}_w{channel}.png,images
HEPG2-03_2_J04,HEPG2-03,2,J04,sirna_508,HEPG2,1,images/HEPG2-03/Plate2,{experiment}/Plate{plate}/{well}_s{site}_w{channel}.png,images
HEPG2-03_2_J05,HEPG2-03,2,J05,sirna_26,HEPG2,1,images/HEPG2-03/Plate2,{experiment}/Plate{plate}/{well}_s{site}_w{channel}.png,images
HEPG2-03_2_J06,HEPG2-03,2,J06,sirna_770,HEPG2,1,images/HEPG2-03/Plate2,{experiment}/Plate{plate}/{well}_s{site}_w{channel}.png,images
HEPG2-03_2_J08,HEPG2-03,2,J08,sirna_28,HEPG2,1,images/HEPG2-03/Plate2,{experiment}/Plate{plate}/{well}_s{site}_w{channel}.png,images
HEPG2-03_2_J09,HEPG2-03,2,J09,sirna_780,HEPG2,1,images/HEPG2-03/Plate2,{experiment}/Plate{plate}/{well}_s{site}_w{channel}.png,images
HEPG2-03_2_J10,HEPG2-03,2,J10,sirna_47,HEPG2,1,images/HEPG2-03/Plate2,{experiment}/Plate{plate}/{well}_s{site}_w{channel}.png,images
HEPG2-03_2_J12,HEPG2-03,2,J12,sirna_97,HEPG2,1,images/HEPG2-03/Plate2,{experiment}/Plate{plate}/{well}_s{site}_w{channel}.png,images
HEPG2-03_2_J13,HEPG2-03,2,J13,sirna_300,HEPG2,1,images/HEPG2-03/Plate2,{experiment}/Plate{plate}/{well}_s{site}_w{channel}.png,images
HEPG2-03_2_J14,HEPG2-03,2,J14,sirna_103,HEPG2,1,images/HEPG2-03/Plate2,{experiment}/Plate{plate}/{well}_s{site}_w{channel}.png,images
HEPG2-03_2_J16,HEPG2-03,2,J16,sirna_350,HEPG2,1,images/HEPG2-03/Plate2,{experiment}/Plate{plate}/{well}_s{site}_w{channel}.png,images
HEPG2-03_2_J17,HEPG2-03,2,J17,sirna_974,HEPG2,1,images/HEPG2-03/Plate2,{experiment}/Plate{plate}/{well}_s{site}_w{channel}.png,images
HEPG2-03_2_J18,HEPG2-03,2,J18,sirna_413,HEPG2,1,images/HEPG2-03/Plate2,{experiment}/Plate{plate}/{well}_s{site}_w{channel}.png,images
HEPG2-03_2_J20,HEPG2-03,2,J20,sirna_318,HEPG2,1,images/HEPG2-03/Plate2,{experiment}/Plate{plate}/{well}_s{site}_w{channel}.png,images
HEPG2-03_2_J21,HEPG2-03,2,J21,sirna_480,HEPG2,1,images/HEPG2-03/Plate2,{experiment}/Plate{plate}/{well}_s{site}_w{channel}.png,images
HEPG2-03_2_J23,HEPG2-03,2,J23,sirna_1020,HEPG2,1,images/HEPG2-03/Plate2,{experiment}/Plate{plate}/{well}_s{site}_w{channel}.png,images
HEPG2-03_2_K02,HEPG2-03,2,K02,sirna_1094,HEPG2,1,images/HEPG2-03/Plate2,{experiment}/Plate{plate}/{well}_s{site}_w{channel}.png,images
HEPG2-03_2_K03,HEPG2-03,2,K03,sirna_559,HEPG2,1,images/HEPG2-03/Plate2,{experiment}/Plate{plate}/{well}_s{site}_w{channel}.png,images
HEPG2-03_2_K04,HEPG2-03,2,K04,sirna_492,HEPG2,1,images/HEPG2-03/Plate2,{experiment}/Plate{plate}/{well}_s{site}_w{channel}.png,images
HEPG2-03_2_K05,HEPG2-03,2,K05,sirna_485,HEPG2,1,images/HEPG2-03/Plate2,{experiment}/Plate{plate}/{well}_s{site}_w{channel}.png,images
HEPG2-03_2_K06,HEPG2-03,2,K06,sirna_9,HEPG2,1,images/HEPG2-03/Plate2,{experiment}/Plate{plate}/{well}_s{site}_w{channel}.png,images
HEPG2-03_2_K07,HEPG2-03,2,K07,sirna_946,HEPG2,1,images/HEPG2-03/Plate2,{experiment}/Plate{plate}/{well}_s{site}_w{channel}.png,images
HEPG2-03_2_K08,HEPG2-03,2,K08,sirna_25,HEPG2,1,images/HEPG2-03/Plate2,{experiment}/Plate{plate}/{well}_s{site}_w{channel}.png,images
HEPG2-03_2_K09,HEPG2-03,2,K09,sirna_665,HEPG2,1,images/HEPG2-03/Plate2,{experiment}/Plate{plate}/{well}_s{site}_w{channel}.png,images
HEPG2-03_2_K10,HEPG2-03,2,K10,sirna_1005,HEPG2,1,images/HEPG2-03/Plate2,{experiment}/Plate{plate}/{well}_s{site}_w{channel}.png,images
HEPG2-03_2_K11,HEPG2-03,2,K11,sirna_147,HEPG2,1,images/HEPG2-03/Plate2,{experiment}/Plate{plate}/{well}_s{site}_w{channel}.png,images
HEPG2-03_2_K12,HEPG2-03,2,K12,sirna_669,HEPG2,1,images/HEPG2-03/Plate2,{experiment}/Plate{plate}/{well}_s{site}_w{channel}.png,images
HEPG2-03_2_K13,HEPG2-03,2,K13,sirna_100,HEPG2,1,images/HEPG2-03/Plate2,{experiment}/Plate{plate}/{well}_s{site}_w{channel}.png,images
HEPG2-03_2_K14,HEPG2-03,2,K14,sirna_697,HEPG2,1,images/HEPG2-03/Plate2,{experiment}/Plate{plate}/{well}_s{site}_w{channel}.png,images
HEPG2-03_2_K15,HEPG2-03,2,K15,sirna_878,HEPG2,1,images/HEPG2-03/Plate2,{experiment}/Plate{plate}/{well}_s{site}_w{channel}.png,images
HEPG2-03_2_K16,HEPG2-03,2,K16,sirna_884,HEPG2,1,images/HEPG2-03/Plate2,{experiment}/Plate{plate}/{well}_s{site}_w{channel}.png,images
HEPG2-03_2_K17,HEPG2-03,2,K17,sirna_123,HEPG2,1,images/HEPG2-03/Plate2,{experiment}/Plate{plate}/{well}_s{site}_w{channel}.png,images
HEPG2-03_2_K18,HEPG2-03,2,K18,sirna_773,HEPG2,1,images/HEPG2-03/Plate2,{experiment}/Plate{plate}/{well}_s{site}_w{channel}.png,images
HEPG2-03_2_K19,HEPG2-03,2,K19,sirna_900,HEPG2,1,images/HEPG2-03/Plate2,{experiment}/Plate{plate}/{well}_s{site}_w{channel}.png,images
HEPG2-03_2_K20,HEPG2-03,2,K20,sirna_712,HEPG2,1,images/HEPG2-03/Plate2,{experiment}/Plate{plate}/{well}_s{site}_w{channel}.png,images
HEPG2-03_2_K21,HEPG2-03,2,K21,sirna_156,HEPG2,1,images/HEPG2-03/Plate2,{experiment}/Plate{plate}/{well}_s{site}_w{channel}.png,images
HEPG2-03_2_K22,HEPG2-03,2,K22,sirna_436,HEPG2,1,images/HEPG2-03/Plate2,{experiment}/Plate{plate}/{well}_s{site}_w{channel}.png,images
HEPG2-03_2_K23,HEPG2-03,2,K23,sirna_730,HEPG2,1,images/HEPG2-03/Plate2,{experiment}/Plate{plate}/{well}_s{site}_w{channel}.png,images
HEPG2-03_2_L02,HEPG2-03,2,L02,sirna_543,HEPG2,1,images/HEPG2-03/Plate2,{experiment}/Plate{plate}/{well}_s{site}_w{channel}.png,images
HEPG2-03_2_L03,HEPG2-03,2,L03,sirna_537,HEPG2,1,images/HEPG2-03/Plate2,{experiment}/Plate{plate}/{well}_s{site}_w{channel}.png,images
HEPG2-03_2_L04,HEPG2-03,2,L04,sirna_124,HEPG2,1,images/HEPG2-03/Plate2,{experiment}/Plate{plate}/{well}_s{site}_w{channel}.png,images
HEPG2-03_2_L05,HEPG2-03,2,L05,sirna_157,HEPG2,1,images/HEPG2-03/Plate2,{experiment}/Plate{plate}/{well}_s{site}_w{channel}.png,images
HEPG2-03_2_L06,HEPG2-03,2,L06,sirna_356,HEPG2,1,images/HEPG2-03/Plate2,{experiment}/Plate{plate}/{well}_s{site}_w{channel}.png,images
HEPG2-03_2_L07,HEPG2-03,2,L07,sirna_862,HEPG2,1,images/HEPG2-03/Plate2,{experiment}/Plate{plate}/{well}_s{site}_w{channel}.png,images
HEPG2-03_2_L08,HEPG2-03,2,L08,sirna_875,HEPG2,1,images/HEPG2-03/Plate2,{experiment}/Plate{plate}/{well}_s{site}_w{channel}.png,images
HEPG2-03_2_L09,HEPG2-03,2,L09,sirna_435,HEPG2,1,images/HEPG2-03/Plate2,{experiment}/Plate{plate}/{well}_s{site}_w{channel}.png,images
HEPG2-03_2_L10,HEPG2-03,2,L10,sirna_304,HEPG2,1,images/HEPG2-03/Plate2,{experiment}/Plate{plate}/{well}_s{site}_w{channel}.png,images
HEPG2-03_2_L11,HEPG2-03,2,L11,sirna_823,HEPG2,1,images/HEPG2-03/Plate2,{experiment}/Plate{plate}/{well}_s{site}_w{channel}.png,images
HEPG2-03_2_L12,HEPG2-03,2,L12,sirna_657,HEPG2,1,images/HEPG2-03/Plate2,{experiment}/Plate{plate}/{well}_s{site}_w{channel}.png,images
HEPG2-03_2_L13,HEPG2-03,2,L13,sirna_466,HEPG2,1,images/HEPG2-03/Plate2,{experiment}/Plate{plate}/{well}_s{site}_w{channel}.png,images
HEPG2-03_2_L14,HEPG2-03,2,L14,sirna_973,HEPG2,1,images/HEPG2-03/Plate2,{experiment}/Plate{plate}/{well}_s{site}_w{channel}.png,images
HEPG2-03_2_L15,HEPG2-03,2,L15,sirna_666,HEPG2,1,images/HEPG2-03/Plate2,{experiment}/Plate{plate}/{well}_s{site}_w{channel}.png,images
HEPG2-03_2_L16,HEPG2-03,2,L16,sirna_242,HEPG2,1,images/HEPG2-03/Plate2,{experiment}/Plate{plate}/{well}_s{site}_w{channel}.png,images
HEPG2-03_2_L17,HEPG2-03,2,L17,sirna_1133,HEPG2,1,images/HEPG2-03/Plate2,{experiment}/Plate{plate}/{well}_s{site}_w{channel}.png,images
HEPG2-03_2_L18,HEPG2-03,2,L18,sirna_655,HEPG2,1,images/HEPG2-03/Plate2,{experiment}/Plate{plate}/{well}_s{site}_w{channel}.png,images
HEPG2-03_2_L19,HEPG2-03,2,L19,sirna_54,HEPG2,1,images/HEPG2-03/Plate2,{experiment}/Plate{plate}/{well}_s{site}_w{channel}.png,images
HEPG2-03_2_L20,HEPG2-03,2,L20,sirna_1076,HEPG2,1,images/HEPG2-03/Plate2,{experiment}/Plate{plate}/{well}_s{site}_w{channel}.png,images
HEPG2-03_2_L21,HEPG2-03,2,L21,sirna_922,HEPG2,1,images/HEPG2-03/Plate2,{experiment}/Plate{plate}/{well}_s{site}_w{channel}.png,images
HEPG2-03_2_L22,HEPG2-03,2,L22,sirna_48,HEPG2,1,images/HEPG2-03/Plate2,{experiment}/Plate{plate}/{well}_s{site}_w{channel}.png,images
HEPG2-03_2_L23,HEPG2-03,2,L23,sirna_905,HEPG2,1,images/HEPG2-03/Plate2,{experiment}/Plate{plate}/{well}_s{site}_w{channel}.png,images
HEPG2-03_2_M02,HEPG2-03,2,M02,sirna_1073,HEPG2,1,images/HEPG2-03/Plate2,{experiment}/Plate{plate}/{well}_s{site}_w{channel}.png,images
HEPG2-03_2_M04,HEPG2-03,2,M04,sirna_626,HEPG2,1,images/HEPG2-03/Plate2,{experiment}/Plate{plate}/{well}_s{site}_w{channel}.png,images
HEPG2-03_2_M05,HEPG2-03,2,M05,sirna_858,HEPG2,1,images/HEPG2-03/Plate2,{experiment}/Plate{plate}/{well}_s{site}_w{channel}.png,images
HEPG2-03_2_M06,HEPG2-03,2,M06,sirna_138,HEPG2,1,images/HEPG2-03/Plate2,{experiment}/Plate{plate}/{well}_s{site}_w{channel}.png,images
HEPG2-03_2_M08,HEPG2-03,2,M08,sirna_748,HEPG2,1,images/HEPG2-03/Plate2,{experiment}/Plate{plate}/{well}_s{site}_w{channel}.png,images
HEPG2-03_2_M09,HEPG2-03,2,M09,sirna_763,HEPG2,1,images/HEPG2-03/Plate2,{experiment}/Plate{plate}/{well}_s{site}_w{channel}.png,images
HEPG2-03_2_M10,HEPG2-03,2,M10,sirna_340,HEPG2,1,images/HEPG2-03/Plate2,{experiment}/Plate{plate}/{well}_s{site}_w{channel}.png,images
HEPG2-03_2_M12,HEPG2-03,2,M12,sirna_450,HEPG2,1,images/HEPG2-03/Plate2,{experiment}/Plate{plate}/{well}_s{site}_w{channel}.png,images
HEPG2-03_2_M13,HEPG2-03,2,M13,sirna_468,HEPG2,1,images/HEPG2-03/Plate2,{experiment}/Plate{plate}/{well}_s{site}_w{channel}.png,images
HEPG2-03_2_M14,HEPG2-03,2,M14,sirna_558,HEPG2,1,images/HEPG2-03/Plate2,{experiment}/Plate{plate}/{well}_s{site}_w{channel}.png,images
HEPG2-03_2_M16,HEPG2-03,2,M16,sirna_979,HEPG2,1,images/HEPG2-03/Plate2,{experiment}/Plate{plate}/{well}_s{site}_w{channel}.png,images
HEPG2-03_2_M17,HEPG2-03,2,M17,sirna_939,HEPG2,1,images/HEPG2-03/Plate2,{experiment}/Plate{plate}/{well}_s{site}_w{channel}.png,images
HEPG2-03_2_M18,HEPG2-03,2,M18,sirna_855,HEPG2,1,images/HEPG2-03/Plate2,{experiment}/Plate{plate}/{well}_s{site}_w{channel}.png,images
HEPG2-03_2_M20,HEPG2-03,2,M20,sirna_376,HEPG2,1,images/HEPG2-03/Plate2,{experiment}/Plate{plate}/{well}_s{site}_w{channel}.png,images
HEPG2-03_2_M21,HEPG2-03,2,M21,sirna_876,HEPG2,1,images/HEPG2-03/Plate2,{experiment}/Plate{plate}/{well}_s{site}_w{channel}.png,images
HEPG2-03_2_M23,HEPG2-03,2,M23,sirna_149,HEPG2,1,images/HEPG2-03/Plate2,{experiment}/Plate{plate}/{well}_s{site}_w{channel}.png,images
HEPG2-03_2_N02,HEPG2-03,2,N02,sirna_1032,HEPG2,1,images/HEPG2-03/Plate2,{experiment}/Plate{plate}/{well}_s{site}_w{channel}.png,images
HEPG2-03_2_N03,HEPG2-03,2,N03,sirna_573,HEPG2,1,images/HEPG2-03/Plate2,{experiment}/Plate{plate}/{well}_s{site}_w{channel}.png,images
HEPG2-03_2_N04,HEPG2-03,2,N04,sirna_231,HEPG2,1,images/HEPG2-03/Plate2,{experiment}/Plate{plate}/{well}_s{site}_w{channel}.png,images
HEPG2-03_2_N05,HEPG2-03,2,N05,sirna_627,HEPG2,1,images/HEPG2-03/Plate2,{experiment}/Plate{plate}/{well}_s{site}_w{channel}.png,images
HEPG2-03_2_N06,HEPG2-03,2,N06,sirna_643,HEPG2,1,images/HEPG2-03/Plate2,{experiment}/Plate{plate}/{well}_s{site}_w{channel}.png,images
HEPG2-03_2_N07,HEPG2-03,2,N07,sirna_107,HEPG2,1,images/HEPG2-03/Plate2,{experiment}/Plate{plate}/{well}_s{site}_w{channel}.png,images
HEPG2-03_2_N08,HEPG2-03,2,N08,sirna_297,HEPG2,1,images/HEPG2-03/Plate2,{experiment}/Plate{plate}/{well}_s{site}_w{channel}.png,images
HEPG2-03_2_N09,HEPG2-03,2,N09,sirna_204,HEPG2,1,images/HEPG2-03/Plate2,{experiment}/Plate{plate}/{well}_s{site}_w{channel}.png,images
HEPG2-03_2_N10,HEPG2-03,2,N10,sirna_937,HEPG2,1,images/HEPG2-03/Plate2,{experiment}/Plate{plate}/{well}_s{site}_w{channel}.png,images
HEPG2-03_2_N11,HEPG2-03,2,N11,sirna_1082,HEPG2,1,images/HEPG2-03/Plate2,{experiment}/Plate{plate}/{well}_s{site}_w{channel}.png,images
HEPG2-03_2_N12,HEPG2-03,2,N12,sirna_109,HEPG2,1,images/HEPG2-03/Plate2,{experiment}/Plate{plate}/{well}_s{site}_w{channel}.png,images
HEPG2-03_2_N13,HEPG2-03,2,N13,sirna_306,HEPG2,1,images/HEPG2-03/Plate2,{experiment}/Plate{plate}/{well}_s{site}_w{channel}.png,images
HEPG2-03_2_N14,HEPG2-03,2,N14,sirna_820,HEPG2,1,images/HEPG2-03/Plate2,{experiment}/Plate{plate}/{well}_s{site}_w{channel}.png,images
HEPG2-03_2_N15,HEPG2-03,2,N15,sirna_37,HEPG2,1,images/HEPG2-03/Plate2,{experiment}/Plate{plate}/{well}_s{site}_w{channel}.png,images
HEPG2-03_2_N16,HEPG2-03,2,N16,sirna_894,HEPG2,1,images/HEPG2-03/Plate2,{experiment}/Plate{plate}/{well}_s{site}_w{channel}.png,images
HEPG2-03_2_N17,HEPG2-03,2,N17,sirna_471,HEPG2,1,images/HEPG2-03/Plate2,{experiment}/Plate{plate}/{well}_s{site}_w{channel}.png,images
HEPG2-03_2_N18,HEPG2-03,2,N18,sirna_703,HEPG2,1,images/HEPG2-03/Plate2,{experiment}/Plate{plate}/{well}_s{site}_w{channel}.png,images
HEPG2-03_2_N19,HEPG2-03,2,N19,sirna_1097,HEPG2,1,images/HEPG2-03/Plate2,{experiment}/Plate{plate}/{well}_s{site}_w{channel}.png,images
HEPG2-03_2_N20,HEPG2-03,2,N20,sirna_170,HEPG2,1,images/HEPG2-03/Plate2,{experiment}/Plate{plate}/{well}_s{site}_w{channel}.png,images
HEPG2-03_2_N21,HEPG2-03,2,N21,sirna_753,HEPG2,1,images/HEPG2-03/Plate2,{experiment}/Plate{plate}/{well}_s{site}_w{channel}.png,images
HEPG2-03_2_N22,HEPG2-03,2,N22,sirna_490,HEPG2,1,images/HEPG2-03/Plate2,{experiment}/Plate{plate}/{well}_s{site}_w{channel}.png,images
HEPG2-03_2_N23,HEPG2-03,2,N23,sirna_739,HEPG2,1,images/HEPG2-03/Plate2,{experiment}/Plate{plate}/{well}_s{site}_w{channel}.png,images
HEPG2-03_2_O02,HEPG2-03,2,O02,sirna_196,HEPG2,1,images/HEPG2-03/Plate2,{experiment}/Plate{plate}/{well}_s{site}_w{channel}.png,images
HEPG2-03_2_O03,HEPG2-03,2,O03,sirna_291,HEPG2,1,images/HEPG2-03/Plate2,{experiment}/Plate{plate}/{well}_s{site}_w{channel}.png,images
HEPG2-03_2_O04,HEPG2-03,2,O04,sirna_429,HEPG2,1,images/HEPG2-03/Plate2,{experiment}/Plate{plate}/{well}_s{site}_w{channel}.png,images
HEPG2-03_2_O05,HEPG2-03,2,O05,sirna_55,HEPG2,1,images/HEPG2-03/Plate2,{experiment}/Plate{plate}/{well}_s{site}_w{channel}.png,images
HEPG2-03_2_O06,HEPG2-03,2,O06,sirna_886,HEPG2,1,images/HEPG2-03/Plate2,{experiment}/Plate{plate}/{well}_s{site}_w{channel}.png,images
HEPG2-03_2_O07,HEPG2-03,2,O07,sirna_404,HEPG2,1,images/HEPG2-03/Plate2,{experiment}/Plate{plate}/{well}_s{site}_w{channel}.png,images
HEPG2-03_2_O08,HEPG2-03,2,O08,sirna_512,HEPG2,1,images/HEPG2-03/Plate2,{experiment}/Plate{plate}/{well}_s{site}_w{channel}.png,images
HEPG2-03_2_O09,HEPG2-03,2,O09,sirna_857,HEPG2,1,images/HEPG2-03/Plate2,{experiment}/Plate{plate}/{well}_s{site}_w{channel}.png,images
HEPG2-03_2_O10,HEPG2-03,2,O10,sirna_476,HEPG2,1,images/HEPG2-03/Plate2,{experiment}/Plate{plate}/{well}_s{site}_w{channel}.png,images
HEPG2-03_2_O11,HEPG2-03,2,O11,sirna_778,HEPG2,1,images/HEPG2-03/Plate2,{experiment}/Plate{plate}/{well}_s{site}_w{channel}.png,images
HEPG2-03_2_O12,HEPG2-03,2,O12,sirna_1126,HEPG2,1,images/HEPG2-03/Plate2,{experiment}/Plate{plate}/{well}_s{site}_w{channel}.png,images
HEPG2-03_2_O13,HEPG2-03,2,O13,sirna_259,HEPG2,1,images/HEPG2-03/Plate2,{experiment}/Plate{plate}/{well}_s{site}_w{channel}.png,images
HEPG2-03_2_O14,HEPG2-03,2,O14,sirna_1105,HEPG2,1,images/HEPG2-03/Plate2,{experiment}/Plate{plate}/{well}_s{site}_w{channel}.png,images
HEPG2-03_2_O15,HEPG2-03,2,O15,sirna_1053,HEPG2,1,images/HEPG2-03/Plate2,{experiment}/Plate{plate}/{well}_s{site}_w{channel}.png,images
HEPG2-03_2_O16,HEPG2-03,2,O16,sirna_918,HEPG2,1,images/HEPG2-03/Plate2,{experiment}/Plate{plate}/{well}_s{site}_w{channel}.png,images
HEPG2-03_2_O17,HEPG2-03,2,O17,sirna_1065,HEPG2,1,images/HEPG2-03/Plate2,{experiment}/Plate{plate}/{well}_s{site}_w{channel}.png,images
HEPG2-03_2_O18,HEPG2-03,2,O18,sirna_528,HEPG2,1,images/HEPG2-03/Plate2,{experiment}/Plate{plate}/{well}_s{site}_w{channel}.png,images
HEPG2-03_2_O19,HEPG2-03,2,O19,sirna_56,HEPG2,1,images/HEPG2-03/Plate2,{experiment}/Plate{plate}/{well}_s{site}_w{channel}.png,images
HEPG2-03_2_O20,HEPG2-03,2,O20,sirna_148,HEPG2,1,images/HEPG2-03/Plate2,{experiment}/Plate{plate}/{well}_s{site}_w{channel}.png,images
HEPG2-03_2_O21,HEPG2-03,2,O21,sirna_809,HEPG2,1,images/HEPG2-03/Plate2,{experiment}/Plate{plate}/{well}_s{site}_w{channel}.png,images
HEPG2-03_2_O22,HEPG2-03,2,O22,sirna_393,HEPG2,1,images/HEPG2-03/Plate2,{experiment}/Plate{plate}/{well}_s{site}_w{channel}.png,images
HEPG2-03_2_O23,HEPG2-03,2,O23,sirna_601,HEPG2,1,images/HEPG2-03/Plate2,{experiment}/Plate{plate}/{well}_s{site}_w{channel}.png,images
HEPG2-03_3_B03,HEPG2-03,3,B03,sirna_848,HEPG2,1,images/HEPG2-03/Plate3,{experiment}/Plate{plate}/{well}_s{site}_w{channel}.png,images
HEPG2-03_3_B04,HEPG2-03,3,B04,sirna_503,HEPG2,1,images/HEPG2-03/Plate3,{experiment}/Plate{plate}/{well}_s{site}_w{channel}.png,images
HEPG2-03_3_B05,HEPG2-03,3,B05,sirna_6,HEPG2,1,images/HEPG2-03/Plate3,{experiment}/Plate{plate}/{well}_s{site}_w{channel}.png,images
HEPG2-03_3_B06,HEPG2-03,3,B06,sirna_745,HEPG2,1,images/HEPG2-03/Plate3,{experiment}/Plate{plate}/{well}_s{site}_w{channel}.png,images
HEPG2-03_3_B07,HEPG2-03,3,B07,sirna_595,HEPG2,1,images/HEPG2-03/Plate3,{experiment}/Plate{plate}/{well}_s{site}_w{channel}.png,images
HEPG2-03_3_B08,HEPG2-03,3,B08,sirna_620,HEPG2,1,images/HEPG2-03/Plate3,{experiment}/Plate{plate}/{well}_s{site}_w{channel}.png,images
HEPG2-03_3_B09,HEPG2-03,3,B09,sirna_274,HEPG2,1,images/HEPG2-03/Plate3,{experiment}/Plate{plate}/{well}_s{site}_w{channel}.png,images
HEPG2-03_3_B10,HEPG2-03,3,B10,sirna_391,HEPG2,1,images/HEPG2-03/Plate3,{experiment}/Plate{plate}/{well}_s{site}_w{channel}.png,images
HEPG2-03_3_B11,HEPG2-03,3,B11,sirna_868,HEPG2,1,images/HEPG2-03/Plate3,{experiment}/Plate{plate}/{well}_s{site}_w{channel}.png,images
HEPG2-03_3_B12,HEPG2-03,3,B12,sirna_587,HEPG2,1,images/HEPG2-03/Plate3,{experiment}/Plate{plate}/{well}_s{site}_w{channel}.png,images
HEPG2-03_3_B13,HEPG2-03,3,B13,sirna_1059,HEPG2,1,images/HEPG2-03/Plate3,{experiment}/Plate{plate}/{well}_s{site}_w{channel}.png,images
HEPG2-03_3_B14,HEPG2-03,3,B14,sirna_586,HEPG2,1,images/HEPG2-03/Plate3,{experiment}/Plate{plate}/{well}_s{site}_w{channel}.png,images
HEPG2-03_3_B15,HEPG2-03,3,B15,sirna_1029,HEPG2,1,images/HEPG2-03/Plate3,{experiment}/Plate{plate}/{well}_s{site}_w{channel}.png,images
HEPG2-03_3_B16,HEPG2-03,3,B16,sirna_69,HEPG2,1,images/HEPG2-03/Plate3,{experiment}/Plate{plate}/{well}_s{site}_w{channel}.png,images
HEPG2-03_3_B17,HEPG2-03,3,B17,sirna_76,HEPG2,1,images/HEPG2-03/Plate3,{experiment}/Plate{plate}/{well}_s{site}_w{channel}.png,images
HEPG2-03_3_B18,HEPG2-03,3,B18,sirna_358,HEPG2,1,images/HEPG2-03/Plate3,{experiment}/Plate{plate}/{well}_s{site}_w{channel}.png,images
HEPG2-03_3_B19,HEPG2-03,3,B19,sirna_346,HEPG2,1,images/HEPG2-03/Plate3,{experiment}/Plate{plate}/{well}_s{site}_w{channel}.png,images
HEPG2-03_3_B20,HEPG2-03,3,B20,sirna_1034,HEPG2,1,images/HEPG2-03/Plate3,{experiment}/Plate{plate}/{well}_s{site}_w{channel}.png,images
HEPG2-03_3_B21,HEPG2-03,3,B21,sirna_771,HEPG2,1,images/HEPG2-03/Plate3,{experiment}/Plate{plate}/{well}_s{site}_w{channel}.png,images
HEPG2-03_3_B22,HEPG2-03,3,B22,sirna_685,HEPG2,1,images/HEPG2-03/Plate3,{experiment}/Plate{plate}/{well}_s{site}_w{channel}.png,images
HEPG2-03_3_B23,HEPG2-03,3,B23,sirna_1084,HEPG2,1,images/HEPG2-03/Plate3,{experiment}/Plate{plate}/{well}_s{site}_w{channel}.png,images
HEPG2-03_3_C02,HEPG2-03,3,C02,sirna_584,HEPG2,1,images/HEPG2-03/Plate3,{experiment}/Plate{plate}/{well}_s{site}_w{channel}.png,images
HEPG2-03_3_C04,HEPG2-03,3,C04,sirna_5,HEPG2,1,images/HEPG2-03/Plate3,{experiment}/Plate{plate}/{well}_s{site}_w{channel}.png,images
HEPG2-03_3_C05,HEPG2-03,3,C05,sirna_1022,HEPG2,1,images/HEPG2-03/Plate3,{experiment}/Plate{plate}/{well}_s{site}_w{channel}.png,images
HEPG2-03_3_C06,HEPG2-03,3,C06,sirna_2,HEPG2,1,images/HEPG2-03/Plate3,{experiment}/Plate{plate}/{well}_s{site}_w{channel}.png,images
HEPG2-03_3_C08,HEPG2-03,3,C08,sirna_921,HEPG2,1,images/HEPG2-03/Plate3,{experiment}/Plate{plate}/{well}_s{site}_w{channel}.png,images
HEPG2-03_3_C09,HEPG2-03,3,C09,sirna_270,HEPG2,1,images/HEPG2-03/Plate3,{experiment}/Plate{plate}/{well}_s{site}_w{channel}.png,images
HEPG2-03_3_C10,HEPG2-03,3,C10,sirna_1033,HEPG2,1,images/HEPG2-03/Plate3,{experiment}/Plate{plate}/{well}_s{site}_w{channel}.png,images
HEPG2-03_3_C12,HEPG2-03,3,C12,sirna_638,HEPG2,1,images/HEPG2-03/Plate3,{experiment}/Plate{plate}/{well}_s{site}_w{channel}.png,images
HEPG2-03_3_C13,HEPG2-03,3,C13,sirna_785,HEPG2,1,images/HEPG2-03/Plate3,{experiment}/Plate{plate}/{well}_s{site}_w{channel}.png,images
HEPG2-03_3_C14,HEPG2-03,3,C14,sirna_805,HEPG2,1,images/HEPG2-03/Plate3,{experiment}/Plate{plate}/{well}_s{site}_w{channel}.png,images
HEPG2-03_3_C16,HEPG2-03,3,C16,sirna_570,HEPG2,1,images/HEPG2-03/Plate3,{experiment}/Plate{plate}/{well}_s{site}_w{channel}.png,images
HEPG2-03_3_C17,HEPG2-03,3,C17,sirna_495,HEPG2,1,images/HEPG2-03/Plate3,{experiment}/Plate{plate}/{well}_s{site}_w{channel}.png,images
HEPG2-03_3_C18,HEPG2-03,3,C18,sirna_1070,HEPG2,1,images/HEPG2-03/Plate3,{experiment}/Plate{plate}/{well}_s{site}_w{channel}.png,images
HEPG2-03_3_C20,HEPG2-03,3,C20,sirna_454,HEPG2,1,images/HEPG2-03/Plate3,{experiment}/Plate{plate}/{well}_s{site}_w{channel}.png,images
HEPG2-03_3_C21,HEPG2-03,3,C21,sirna_1012,HEPG2,1,images/HEPG2-03/Plate3,{experiment}/Plate{plate}/{well}_s{site}_w{channel}.png,images
HEPG2-03_3_C23,HEPG2-03,3,C23,sirna_517,HEPG2,1,images/HEPG2-03/Plate3,{experiment}/Plate{plate}/{well}_s{site}_w{channel}.png,images
HEPG2-03_3_D02,HEPG2-03,3,D02,sirna_840,HEPG2,1,images/HEPG2-03/Plate3,{experiment}/Plate{plate}/{well}_s{site}_w{channel}.png,images
HEPG2-03_3_D03,HEPG2-03,3,D03,sirna_838,HEPG2,1,images/HEPG2-03/Plate3,{experiment}/Plate{plate}/{well}_s{site}_w{channel}.png,images
HEPG2-03_3_D04,HEPG2-03,3,D04,sirna_874,HEPG2,1,images/HEPG2-03/Plate3,{experiment}/Plate{plate}/{well}_s{site}_w{channel}.png,images
HEPG2-03_3_D05,HEPG2-03,3,D05,sirna_987,HEPG2,1,images/HEPG2-03/Plate3,{experiment}/Plate{plate}/{well}_s{site}_w{channel}.png,images
HEPG2-03_3_D06,HEPG2-03,3,D06,sirna_694,HEPG2,1,images/HEPG2-03/Plate3,{experiment}/Plate{plate}/{well}_s{site}_w{channel}.png,images
HEPG2-03_3_D07,HEPG2-03,3,D07,sirna_74,HEPG2,1,images/HEPG2-03/Plate3,{experiment}/Plate{plate}/{well}_s{site}_w{channel}.png,images
HEPG2-03_3_D08,HEPG2-03,3,D08,sirna_690,HEPG2,1,images/HEPG2-03/Plate3,{experiment}/Plate{plate}/{well}_s{site}_w{channel}.png,images
HEPG2-03_3_D09,HEPG2-03,3,D09,sirna_493,HEPG2,1,images/HEPG2-03/Plate3,{experiment}/Plate{plate}/{well}_s{site}_w{channel}.png,images
HEPG2-03_3_D10,HEPG2-03,3,D10,sirna_640,HEPG2,1,images/HEPG2-03/Plate3,{experiment}/Plate{plate}/{well}_s{site}_w{channel}.png,images
HEPG2-03_3_D11,HEPG2-03,3,D11,sirna_613,HEPG2,1,images/HEPG2-03/Plate3,{experiment}/Plate{plate}/{well}_s{site}_w{channel}.png,images
HEPG2-03_3_D12,HEPG2-03,3,D12,sirna_16,HEPG2,1,images/HEPG2-03/Plate3,{experiment}/Plate{plate}/{well}_s{site}_w{channel}.png,images
HEPG2-03_3_D13,HEPG2-03,3,D13,sirna_22,HEPG2,1,images/HEPG2-03/Plate3,{experiment}/Plate{plate}/{well}_s{site}_w{channel}.png,images
HEPG2-03_3_D14,HEPG2-03,3,D14,sirna_1009,HEPG2,1,images/HEPG2-03/Plate3,{experiment}/Plate{plate}/{well}_s{site}_w{channel}.png,images
HEPG2-03_3_D15,HEPG2-03,3,D15,sirna_261,HEPG2,1,images/HEPG2-03/Plate3,{experiment}/Plate{plate}/{well}_s{site}_w{channel}.png,images
HEPG2-03_3_D16,HEPG2-03,3,D16,sirna_252,HEPG2,1,images/HEPG2-03/Plate3,{experiment}/Plate{plate}/{well}_s{site}_w{channel}.png,images
HEPG2-03_3_D17,HEPG2-03,3,D17,sirna_923,HEPG2,1,images/HEPG2-03/Plate3,{experiment}/Plate{plate}/{well}_s{site}_w{channel}.png,images
HEPG2-03_3_D18,HEPG2-03,3,D18,sirna_660,HEPG2,1,images/HEPG2-03/Plate3,{experiment}/Plate{plate}/{well}_s{site}_w{channel}.png,images
HEPG2-03_3_D19,HEPG2-03,3,D19,sirna_401,HEPG2,1,images/HEPG2-03/Plate3,{experiment}/Plate{plate}/{well}_s{site}_w{channel}.png,images
HEPG2-03_3_D20,HEPG2-03,3,D20,sirna_916,HEPG2,1,images/HEPG2-03/Plate3,{experiment}/Plate{plate}/{well}_s{site}_w{channel}.png,images
HEPG2-03_3_D21,HEPG2-03,3,D21,sirna_1054,HEPG2,1,images/HEPG2-03/Plate3,{experiment}/Plate{plate}/{well}_s{site}_w{channel}.png,images
HEPG2-03_3_D22,HEPG2-03,3,D22,sirna_572,HEPG2,1,images/HEPG2-03/Plate3,{experiment}/Plate{plate}/{well}_s{site}_w{channel}.png,images
HEPG2-03_3_D23,HEPG2-03,3,D23,sirna_422,HEPG2,1,images/HEPG2-03/Plate3,{experiment}/Plate{plate}/{well}_s{site}_w{channel}.png,images
HEPG2-03_3_E02,HEPG2-03,3,E02,sirna_545,HEPG2,1,images/HEPG2-03/Plate3,{experiment}/Plate{plate}/{well}_s{site}_w{channel}.png,images
HEPG2-03_3_E03,HEPG2-03,3,E03,sirna_146,HEPG2,1,images/HEPG2-03/Plate3,{experiment}/Plate{plate}/{well}_s{site}_w{channel}.png,images
HEPG2-03_3_E04,HEPG2-03,3,E04,sirna_576,HEPG2,1,images/HEPG2-03/Plate3,{experiment}/Plate{plate}/{well}_s{site}_w{channel}.png,images
HEPG2-03_3_E05,HEPG2-03,3,E05,sirna_384,HEPG2,1,images/HEPG2-03/Plate3,{experiment}/Plate{plate}/{well}_s{site}_w{channel}.png,images
HEPG2-03_3_E06,HEPG2-03,3,E06,sirna_61,HEPG2,1,images/HEPG2-03/Plate3,{experiment}/Plate{plate}/{well}_s{site}_w{channel}.png,images
HEPG2-03_3_E07,HEPG2-03,3,E07,sirna_958,HEPG2,1,images/HEPG2-03/Plate3,{experiment}/Plate{plate}/{well}_s{site}_w{channel}.png,images
HEPG2-03_3_E08,HEPG2-03,3,E08,sirna_995,HEPG2,1,images/HEPG2-03/Plate3,{experiment}/Plate{plate}/{well}_s{site}_w{channel}.png,images
HEPG2-03_3_E09,HEPG2-03,3,E09,sirna_630,HEPG2,1,images/HEPG2-03/Plate3,{experiment}/Plate{plate}/{well}_s{site}_w{channel}.png,images
HEPG2-03_3_E10,HEPG2-03,3,E10,sirna_301,HEPG2,1,images/HEPG2-03/Plate3,{experiment}/Plate{plate}/{well}_s{site}_w{channel}.png,images
HEPG2-03_3_E11,HEPG2-03,3,E11,sirna_597,HEPG2,1,images/HEPG2-03/Plate3,{experiment}/Plate{plate}/{well}_s{site}_w{channel}.png,images
HEPG2-03_3_E12,HEPG2-03,3,E12,sirna_347,HEPG2,1,images/HEPG2-03/Plate3,{experiment}/Plate{plate}/{well}_s{site}_w{channel}.png,images
HEPG2-03_3_E13,HEPG2-03,3,E13,sirna_890,HEPG2,1,images/HEPG2-03/Plate3,{experiment}/Plate{plate}/{well}_s{site}_w{channel}.png,images
HEPG2-03_3_E14,HEPG2-03,3,E14,sirna_523,HEPG2,1,images/HEPG2-03/Plate3,{experiment}/Plate{plate}/{well}_s{site}_w{channel}.png,images
HEPG2-03_3_E15,HEPG2-03,3,E15,sirna_267,HEPG2,1,images/HEPG2-03/Plate3,{experiment}/Plate{plate}/{well}_s{site}_w{channel}.png,images
HEPG2-03_3_E16,HEPG2-03,3,E16,sirna_941,HEPG2,1,images/HEPG2-03/Plate3,{experiment}/Plate{plate}/{well}_s{site}_w{channel}.png,images
HEPG2-03_3_E17,HEPG2-03,3,E17,sirna_1132,HEPG2,1,images/HEPG2-03/Plate3,{experiment}/Plate{plate}/{well}_s{site}_w{channel}.png,images
HEPG2-03_3_E18,HEPG2-03,3,E18,sirna_673,HEPG2,1,images/HEPG2-03/Plate3,{experiment}/Plate{plate}/{well}_s{site}_w{channel}.png,images
HEPG2-03_3_E19,HEPG2-03,3,E19,sirna_741,HEPG2,1,images/HEPG2-03/Plate3,{experiment}/Plate{plate}/{well}_s{site}_w{channel}.png,images
HEPG2-03_3_E20,HEPG2-03,3,E20,sirna_821,HEPG2,1,images/HEPG2-03/Plate3,{experiment}/Plate{plate}/{well}_s{site}_w{channel}.png,images
HEPG2-03_3_E21,HEPG2-03,3,E21,sirna_331,HEPG2,1,images/HEPG2-03/Plate3,{experiment}/Plate{plate}/{well}_s{site}_w{channel}.png,images
HEPG2-03_3_E22,HEPG2-03,3,E22,sirna_609,HEPG2,1,images/HEPG2-03/Plate3,{experiment}/Plate{plate}/{well}_s{site}_w{channel}.png,images
HEPG2-03_3_E23,HEPG2-03,3,E23,sirna_801,HEPG2,1,images/HEPG2-03/Plate3,{experiment}/Plate{plate}/{well}_s{site}_w{channel}.png,images
HEPG2-03_3_F02,HEPG2-03,3,F02,sirna_111,HEPG2,1,images/HEPG2-03/Plate3,{experiment}/Plate{plate}/{well}_s{site}_w{channel}.png,images
HEPG2-03_3_F04,HEPG2-03,3,F04,sirna_206,HEPG2,1,images/HEPG2-03/Plate3,{experiment}/Plate{plate}/{well}_s{site}_w{channel}.png,images
HEPG2-03_3_F05,HEPG2-03,3,F05,sirna_293,HEPG2,1,images/HEPG2-03/Plate3,{experiment}/Plate{plate}/{well}_s{site}_w{channel}.png,images
HEPG2-03_3_F06,HEPG2-03,3,F06,sirna_10,HEPG2,1,images/HEPG2-03/Plate3,{experiment}/Plate{plate}/{well}_s{site}_w{channel}.png,images
HEPG2-03_3_F08,HEPG2-03,3,F08,sirna_0,HEPG2,1,images/HEPG2-03/Plate3,{experiment}/Plate{plate}/{well}_s{site}_w{channel}.png,images
HEPG2-03_3_F09,HEPG2-03,3,F09,sirna_663,HEPG2,1,images/HEPG2-03/Plate3,{experiment}/Plate{plate}/{well}_s{site}_w{channel}.png,images
HEPG2-03_3_F10,HEPG2-03,3,F10,sirna_718,HEPG2,1,images/HEPG2-03/Plate3,{experiment}/Plate{plate}/{well}_s{site}_w{channel}.png,images
HEPG2-03_3_F12,HEPG2-03,3,F12,sirna_85,HEPG2,1,images/HEPG2-03/Plate3,{experiment}/Plate{plate}/{well}_s{site}_w{channel}.png,images
HEPG2-03_3_F13,HEPG2-03,3,F13,sirna_1068,HEPG2,1,images/HEPG2-03/Plate3,{experiment}/Plate{plate}/{well}_s{site}_w{channel}.png,images
HEPG2-03_3_F14,HEPG2-03,3,F14,sirna_486,HEPG2,1,images/HEPG2-03/Plate3,{experiment}/Plate{plate}/{well}_s{site}_w{channel}.png,images
HEPG2-03_3_F16,HEPG2-03,3,F16,sirna_20,HEPG2,1,images/HEPG2-03/Plate3,{experiment}/Plate{plate}/{well}_s{site}_w{channel}.png,images
HEPG2-03_3_F17,HEPG2-03,3,F17,sirna_481,HEPG2,1,images/HEPG2-03/Plate3,{experiment}/Plate{plate}/{well}_s{site}_w{channel}.png,images
HEPG2-03_3_F18,HEPG2-03,3,F18,sirna_336,HEPG2,1,images/HEPG2-03/Plate3,{experiment}/Plate{plate}/{well}_s{site}_w{channel}.png,images
HEPG2-03_3_F20,HEPG2-03,3,F20,sirna_589,HEPG2,1,images/HEPG2-03/Plate3,{experiment}/Plate{plate}/{well}_s{site}_w{channel}.png,images
HEPG2-03_3_F21,HEPG2-03,3,F21,sirna_565,HEPG2,1,images/HEPG2-03/Plate3,{experiment}/Plate{plate}/{well}_s{site}_w{channel}.png,images
HEPG2-03_3_F23,HEPG2-03,3,F23,sirna_108,HEPG2,1,images/HEPG2-03/Plate3,{experiment}/Plate{plate}/{well}_s{site}_w{channel}.png,images
HEPG2-03_3_G02,HEPG2-03,3,G02,sirna_654,HEPG2,1,images/HEPG2-03/Plate3,{experiment}/Plate{plate}/{well}_s{site}_w{channel}.png,images
HEPG2-03_3_G03,HEPG2-03,3,G03,sirna_651,HEPG2,1,images/HEPG2-03/Plate3,{experiment}/Plate{plate}/{well}_s{site}_w{channel}.png,images
HEPG2-03_3_G04,HEPG2-03,3,G04,sirna_382,HEPG2,1,images/HEPG2-03/Plate3,{experiment}/Plate{plate}/{well}_s{site}_w{channel}.png,images
HEPG2-03_3_G05,HEPG2-03,3,G05,sirna_159,HEPG2,1,images/HEPG2-03/Plate3,{experiment}/Plate{plate}/{well}_s{site}_w{channel}.png,images
HEPG2-03_3_G06,HEPG2-03,3,G06,sirna_683,HEPG2,1,images/HEPG2-03/Plate3,{experiment}/Plate{plate}/{well}_s{site}_w{channel}.png,images
HEPG2-03_3_G07,HEPG2-03,3,G07,sirna_354,HEPG2,1,images/HEPG2-03/Plate3,{experiment}/Plate{plate}/{well}_s{site}_w{channel}.png,images
HEPG2-03_3_G08,HEPG2-03,3,G08,sirna_853,HEPG2,1,images/HEPG2-03/Plate3,{experiment}/Plate{plate}/{well}_s{site}_w{channel}.png,images
HEPG2-03_3_G09,HEPG2-03,3,G09,sirna_616,HEPG2,1,images/HEPG2-03/Plate3,{experiment}/Plate{plate}/{well}_s{site}_w{channel}.png,images
HEPG2-03_3_G10,HEPG2-03,3,G10,sirna_540,HEPG2,1,images/HEPG2-03/Plate3,{experiment}/Plate{plate}/{well}_s{site}_w{channel}.png,images
HEPG2-03_3_G11,HEPG2-03,3,G11,sirna_612,HEPG2,1,images/HEPG2-03/Plate3,{experiment}/Plate{plate}/{well}_s{site}_w{channel}.png,images
HEPG2-03_3_G12,HEPG2-03,3,G12,sirna_588,HEPG2,1,images/HEPG2-03/Plate3,{experiment}/Plate{plate}/{well}_s{site}_w{channel}.png,images
HEPG2-03_3_G13,HEPG2-03,3,G13,sirna_240,HEPG2,1,images/HEPG2-03/Plate3,{experiment}/Plate{plate}/{well}_s{site}_w{channel}.png,images
HEPG2-03_3_G14,HEPG2-03,3,G14,sirna_273,HEPG2,1,images/HEPG2-03/Plate3,{experiment}/Plate{plate}/{well}_s{site}_w{channel}.png,images
HEPG2-03_3_G15,HEPG2-03,3,G15,sirna_935,HEPG2,1,images/HEPG2-03/Plate3,{experiment}/Plate{plate}/{well}_s{site}_w{channel}.png,images
HEPG2-03_3_G16,HEPG2-03,3,G16,sirna_395,HEPG2,1,images/HEPG2-03/Plate3,{experiment}/Plate{plate}/{well}_s{site}_w{channel}.png,images
HEPG2-03_3_G17,HEPG2-03,3,G17,sirna_829,HEPG2,1,images/HEPG2-03/Plate3,{experiment}/Plate{plate}/{well}_s{site}_w{channel}.png,images
HEPG2-03_3_G18,HEPG2-03,3,G18,sirna_737,HEPG2,1,images/HEPG2-03/Plate3,{experiment}/Plate{plate}/{well}_s{site}_w{channel}.png,images
HEPG2-03_3_G19,HEPG2-03,3,G19,sirna_40,HEPG2,1,images/HEPG2-03/Plate3,{experiment}/Plate{plate}/{well}_s{site}_w{channel}.png,images
HEPG2-03_3_G20,HEPG2-03,3,G20,sirna_1114,HEPG2,1,images/HEPG2-03/Plate3,{experiment}/Plate{plate}/{well}_s{site}_w{channel}.png,images
HEPG2-03_3_G21,HEPG2-03,3,G21,sirna_818,HEPG2,1,images/HEPG2-03/Plate3,{experiment}/Plate{plate}/{well}_s{site}_w{channel}.png,images
HEPG2-03_3_G22,HEPG2-03,3,G22,sirna_247,HEPG2,1,images/HEPG2-03/Plate3,{experiment}/Plate{plate}/{well}_s{site}_w{channel}.png,images
HEPG2-03_3_G23,HEPG2-03,3,G23,sirna_303,HEPG2,1,images/HEPG2-03/Plate3,{experiment}/Plate{plate}/{well}_s{site}_w{channel}.png,images
HEPG2-03_3_H02,HEPG2-03,3,H02,sirna_165,HEPG2,1,images/HEPG2-03/Plate3,{experiment}/Plate{plate}/{well}_s{site}_w{channel}.png,images
HEPG2-03_3_H04,HEPG2-03,3,H04,sirna_1055,HEPG2,1,images/HEPG2-03/Plate3,{experiment}/Plate{plate}/{well}_s{site}_w{channel}.png,images
HEPG2-03_3_H05,HEPG2-03,3,H05,sirna_461,HEPG2,1,images/HEPG2-03/Plate3,{experiment}/Plate{plate}/{well}_s{site}_w{channel}.png,images
HEPG2-03_3_H06,HEPG2-03,3,H06,sirna_11,HEPG2,1,images/HEPG2-03/Plate3,{experiment}/Plate{plate}/{well}_s{site}_w{channel}.png,images
HEPG2-03_3_H08,HEPG2-03,3,H08,sirna_644,HEPG2,1,images/HEPG2-03/Plate3,{experiment}/Plate{plate}/{well}_s{site}_w{channel}.png,images
HEPG2-03_3_H09,HEPG2-03,3,H09,sirna_447,HEPG2,1,images/HEPG2-03/Plate3,{experiment}/Plate{plate}/{well}_s{site}_w{channel}.png,images
HEPG2-03_3_H10,HEPG2-03,3,H10,sirna_473,HEPG2,1,images/HEPG2-03/Plate3,{experiment}/Plate{plate}/{well}_s{site}_w{channel}.png,images
HEPG2-03_3_H12,HEPG2-03,3,H12,sirna_1042,HEPG2,1,images/HEPG2-03/Plate3,{experiment}/Plate{plate}/{well}_s{site}_w{channel}.png,images
HEPG2-03_3_H13,HEPG2-03,3,H13,sirna_390,HEPG2,1,images/HEPG2-03/Plate3,{experiment}/Plate{plate}/{well}_s{site}_w{channel}.png,images
HEPG2-03_3_H14,HEPG2-03,3,H14,sirna_927,HEPG2,1,images/HEPG2-03/Plate3,{experiment}/Plate{plate}/{well}_s{site}_w{channel}.png,images
HEPG2-03_3_H16,HEPG2-03,3,H16,sirna_315,HEPG2,1,images/HEPG2-03/Plate3,{experiment}/Plate{plate}/{well}_s{site}_w{channel}.png,images
HEPG2-03_3_H17,HEPG2-03,3,H17,sirna_742,HEPG2,1,images/HEPG2-03/Plate3,{experiment}/Plate{plate}/{well}_s{site}_w{channel}.png,images
HEPG2-03_3_H18,HEPG2-03,3,H18,sirna_635,HEPG2,1,images/HEPG2-03/Plate3,{experiment}/Plate{plate}/{well}_s{site}_w{channel}.png,images
HEPG2-03_3_H20,HEPG2-03,3,H20,sirna_652,HEPG2,1,images/HEPG2-03/Plate3,{experiment}/Plate{plate}/{well}_s{site}_w{channel}.png,images
HEPG2-03_3_H21,HEPG2-03,3,H21,sirna_596,HEPG2,1,images/HEPG2-03/Plate3,{experiment}/Plate{plate}/{well}_s{site}_w{channel}.png,images
HEPG2-03_3_H23,HEPG2-03,3,H23,sirna_405,HEPG2,1,images/HEPG2-03/Plate3,{experiment}/Plate{plate}/{well}_s{site}_w{channel}.png,images
HEPG2-03_3_I02,HEPG2-03,3,I02,sirna_724,HEPG2,1,images/HEPG2-03/Plate3,{experiment}/Plate{plate}/{well}_s{site}_w{channel}.png,images
HEPG2-03_3_I03,HEPG2-03,3,I03,sirna_1136,HEPG2,1,images/HEPG2-03/Plate3,{experiment}/Plate{plate}/{well}_s{site}_w{channel}.png,images
HEPG2-03_3_I04,HEPG2-03,3,I04,sirna_836,HEPG2,1,images/HEPG2-03/Plate3,{experiment}/Plate{plate}/{well}_s{site}_w{channel}.png,images
HEPG2-03_3_I05,HEPG2-03,3,I05,sirna_497,HEPG2,1,images/HEPG2-03/Plate3,{experiment}/Plate{plate}/{well}_s{site}_w{channel}.png,images
HEPG2-03_3_I06,HEPG2-03,3,I06,sirna_898,HEPG2,1,images/HEPG2-03/Plate3,{experiment}/Plate{plate}/{well}_s{site}_w{channel}.png,images
HEPG2-03_3_I07,HEPG2-03,3,I07,sirna_389,HEPG2,1,images/HEPG2-03/Plate3,{experiment}/Plate{plate}/{well}_s{site}_w{channel}.png,images
HEPG2-03_3_I08,HEPG2-03,3,I08,sirna_44,HEPG2,1,images/HEPG2-03/Plate3,{experiment}/Plate{plate}/{well}_s{site}_w{channel}.png,images
HEPG2-03_3_I09,HEPG2-03,3,I09,sirna_535,HEPG2,1,images/HEPG2-03/Plate3,{experiment}/Plate{plate}/{well}_s{site}_w{channel}.png,images
HEPG2-03_3_I10,HEPG2-03,3,I10,sirna_21,HEPG2,1,images/HEPG2-03/Plate3,{experiment}/Plate{plate}/{well}_s{site}_w{channel}.png,images
HEPG2-03_3_I11,HEPG2-03,3,I11,sirna_1088,HEPG2,1,images/HEPG2-03/Plate3,{experiment}/Plate{plate}/{well}_s{site}_w{channel}.png,images
HEPG2-03_3_I12,HEPG2-03,3,I12,sirna_802,HEPG2,1,images/HEPG2-03/Plate3,{experiment}/Plate{plate}/{well}_s{site}_w{channel}.png,images
HEPG2-03_3_I13,HEPG2-03,3,I13,sirna_145,HEPG2,1,images/HEPG2-03/Plate3,{experiment}/Plate{plate}/{well}_s{site}_w{channel}.png,images
HEPG2-03_3_I14,HEPG2-03,3,I14,sirna_89,HEPG2,1,images/HEPG2-03/Plate3,{experiment}/Plate{plate}/{well}_s{site}_w{channel}.png,images
HEPG2-03_3_I15,HEPG2-03,3,I15,sirna_782,HEPG2,1,images/HEPG2-03/Plate3,{experiment}/Plate{plate}/{well}_s{site}_w{channel}.png,images
HEPG2-03_3_I16,HEPG2-03,3,I16,sirna_929,HEPG2,1,images/HEPG2-03/Plate3,{experiment}/Plate{plate}/{well}_s{site}_w{channel}.png,images
HEPG2-03_3_I17,HEPG2-03,3,I17,sirna_268,HEPG2,1,images/HEPG2-03/Plate3,{experiment}/Plate{plate}/{well}_s{site}_w{channel}.png,images
HEPG2-03_3_I18,HEPG2-03,3,I18,sirna_962,HEPG2,1,images/HEPG2-03/Plate3,{experiment}/Plate{plate}/{well}_s{site}_w{channel}.png,images
HEPG2-03_3_I19,HEPG2-03,3,I19,sirna_84,HEPG2,1,images/HEPG2-03/Plate3,{experiment}/Plate{plate}/{well}_s{site}_w{channel}.png,images
HEPG2-03_3_I20,HEPG2-03,3,I20,sirna_377,HEPG2,1,images/HEPG2-03/Plate3,{experiment}/Plate{plate}/{well}_s{site}_w{channel}.png,images
HEPG2-03_3_I21,HEPG2-03,3,I21,sirna_518,HEPG2,1,images/HEPG2-03/Plate3,{experiment}/Plate{plate}/{well}_s{site}_w{channel}.png,images
HEPG2-03_3_I22,HEPG2-03,3,I22,sirna_551,HEPG2,1,images/HEPG2-03/Plate3,{experiment}/Plate{plate}/{well}_s{site}_w{channel}.png,images
HEPG2-03_3_I23,HEPG2-03,3,I23,sirna_369,HEPG2,1,images/HEPG2-03/Plate3,{experiment}/Plate{plate}/{well}_s{site}_w{channel}.png,images
HEPG2-03_3_J02,HEPG2-03,3,J02,sirna_740,HEPG2,1,images/HEPG2-03/Plate3,{experiment}/Plate{plate}/{well}_s{site}_w{channel}.png,images
HEPG2-03_3_J04,HEPG2-03,3,J04,sirna_383,HEPG2,1,images/HEPG2-03/Plate3,{experiment}/Plate{plate}/{well}_s{site}_w{channel}.png,images
HEPG2-03_3_J05,HEPG2-03,3,J05,sirna_580,HEPG2,1,images/HEPG2-03/Plate3,{experiment}/Plate{plate}/{well}_s{site}_w{channel}.png,images
HEPG2-03_3_J06,HEPG2-03,3,J06,sirna_1118,HEPG2,1,images/HEPG2-03/Plate3,{experiment}/Plate{plate}/{well}_s{site}_w{channel}.png,images
HEPG2-03_3_J08,HEPG2-03,3,J08,sirna_87,HEPG2,1,images/HEPG2-03/Plate3,{experiment}/Plate{plate}/{well}_s{site}_w{channel}.png,images
HEPG2-03_3_J09,HEPG2-03,3,J09,sirna_284,HEPG2,1,images/HEPG2-03/Plate3,{experiment}/Plate{plate}/{well}_s{site}_w{channel}.png,images
HEPG2-03_3_J10,HEPG2-03,3,J10,sirna_516,HEPG2,1,images/HEPG2-03/Plate3,{experiment}/Plate{plate}/{well}_s{site}_w{channel}.png,images
HEPG2-03_3_J12,HEPG2-03,3,J12,sirna_599,HEPG2,1,images/HEPG2-03/Plate3,{experiment}/Plate{plate}/{well}_s{site}_w{channel}.png,images
HEPG2-03_3_J13,HEPG2-03,3,J13,sirna_1038,HEPG2,1,images/HEPG2-03/Plate3,{experiment}/Plate{plate}/{well}_s{site}_w{channel}.png,images
HEPG2-03_3_J14,HEPG2-03,3,J14,sirna_786,HEPG2,1,images/HEPG2-03/Plate3,{experiment}/Plate{plate}/{well}_s{site}_w{channel}.png,images
HEPG2-03_3_J16,HEPG2-03,3,J16,sirna_834,HEPG2,1,images/HEPG2-03/Plate3,{experiment}/Plate{plate}/{well}_s{site}_w{channel}.png,images
HEPG2-03_3_J17,HEPG2-03,3,J17,sirna_1079,HEPG2,1,images/HEPG2-03/Plate3,{experiment}/Plate{plate}/{well}_s{site}_w{channel}.png,images
HEPG2-03_3_J18,HEPG2-03,3,J18,sirna_877,HEPG2,1,images/HEPG2-03/Plate3,{experiment}/Plate{plate}/{well}_s{site}_w{channel}.png,images
HEPG2-03_3_J20,HEPG2-03,3,J20,sirna_734,HEPG2,1,images/HEPG2-03/Plate3,{experiment}/Plate{plate}/{well}_s{site}_w{channel}.png,images
HEPG2-03_3_J21,HEPG2-03,3,J21,sirna_726,HEPG2,1,images/HEPG2-03/Plate3,{experiment}/Plate{plate}/{well}_s{site}_w{channel}.png,images
HEPG2-03_3_J23,HEPG2-03,3,J23,sirna_245,HEPG2,1,images/HEPG2-03/Plate3,{experiment}/Plate{plate}/{well}_s{site}_w{channel}.png,images
HEPG2-03_3_K02,HEPG2-03,3,K02,sirna_1119,HEPG2,1,images/HEPG2-03/Plate3,{experiment}/Plate{plate}/{well}_s{site}_w{channel}.png,images
HEPG2-03_3_K03,HEPG2-03,3,K03,sirna_656,HEPG2,1,images/HEPG2-03/Plate3,{experiment}/Plate{plate}/{well}_s{site}_w{channel}.png,images
HEPG2-03_3_K04,HEPG2-03,3,K04,sirna_322,HEPG2,1,images/HEPG2-03/Plate3,{experiment}/Plate{plate}/{well}_s{site}_w{channel}.png,images
HEPG2-03_3_K05,HEPG2-03,3,K05,sirna_223,HEPG2,1,images/HEPG2-03/Plate3,{experiment}/Plate{plate}/{well}_s{site}_w{channel}.png,images
HEPG2-03_3_K06,HEPG2-03,3,K06,sirna_467,HEPG2,1,images/HEPG2-03/Plate3,{experiment}/Plate{plate}/{well}_s{site}_w{channel}.png,images
HEPG2-03_3_K07,HEPG2-03,3,K07,sirna_506,HEPG2,1,images/HEPG2-03/Plate3,{experiment}/Plate{plate}/{well}_s{site}_w{channel}.png,images
HEPG2-03_3_K08,HEPG2-03,3,K08,sirna_117,HEPG2,1,images/HEPG2-03/Plate3,{experiment}/Plate{plate}/{well}_s{site}_w{channel}.png,images
HEPG2-03_3_K09,HEPG2-03,3,K09,sirna_514,HEPG2,1,images/HEPG2-03/Plate3,{experiment}/Plate{plate}/{well}_s{site}_w{channel}.png,images
HEPG2-03_3_K10,HEPG2-03,3,K10,sirna_812,HEPG2,1,images/HEPG2-03/Plate3,{experiment}/Plate{plate}/{well}_s{site}_w{channel}.png,images
HEPG2-03_3_K11,HEPG2-03,3,K11,sirna_360,HEPG2,1,images/HEPG2-03/Plate3,{experiment}/Plate{plate}/{well}_s{site}_w{channel}.png,images
HEPG2-03_3_K12,HEPG2-03,3,K12,sirna_759,HEPG2,1,images/HEPG2-03/Plate3,{experiment}/Plate{plate}/{well}_s{site}_w{channel}.png,images
HEPG2-03_3_K13,HEPG2-03,3,K13,sirna_944,HEPG2,1,images/HEPG2-03/Plate3,{experiment}/Plate{plate}/{well}_s{site}_w{channel}.png,images
HEPG2-03_3_K14,HEPG2-03,3,K14,sirna_790,HEPG2,1,images/HEPG2-03/Plate3,{experiment}/Plate{plate}/{well}_s{site}_w{channel}.png,images
HEPG2-03_3_K15,HEPG2-03,3,K15,sirna_190,HEPG2,1,images/HEPG2-03/Plate3,{experiment}/Plate{plate}/{well}_s{site}_w{channel}.png,images
HEPG2-03_3_K16,HEPG2-03,3,K16,sirna_24,HEPG2,1,images/HEPG2-03/Plate3,{experiment}/Plate{plate}/{well}_s{site}_w{channel}.png,images
HEPG2-03_3_K17,HEPG2-03,3,K17,sirna_729,HEPG2,1,images/HEPG2-03/Plate3,{experiment}/Plate{plate}/{well}_s{site}_w{channel}.png,images
HEPG2-03_3_K18,HEPG2-03,3,K18,sirna_1134,HEPG2,1,images/HEPG2-03/Plate3,{experiment}/Plate{plate}/{well}_s{site}_w{channel}.png,images
HEPG2-03_3_K19,HEPG2-03,3,K19,sirna_903,HEPG2,1,images/HEPG2-03/Plate3,{experiment}/Plate{plate}/{well}_s{site}_w{channel}.png,images
HEPG2-03_3_K20,HEPG2-03,3,K20,sirna_126,HEPG2,1,images/HEPG2-03/Plate3,{experiment}/Plate{plate}/{well}_s{site}_w{channel}.png,images
HEPG2-03_3_K21,HEPG2-03,3,K21,sirna_1130,HEPG2,1,images/HEPG2-03/Plate3,{experiment}/Plate{plate}/{well}_s{site}_w{channel}.png,images
HEPG2-03_3_K22,HEPG2-03,3,K22,sirna_1,HEPG2,1,images/HEPG2-03/Plate3,{experiment}/Plate{plate}/{well}_s{site}_w{channel}.png,images
HEPG2-03_3_K23,HEPG2-03,3,K23,sirna_1050,HEPG2,1,images/HEPG2-03/Plate3,{experiment}/Plate{plate}/{well}_s{site}_w{channel}.png,images
HEPG2-03_3_L02,HEPG2-03,3,L02,sirna_269,HEPG2,1,images/HEPG2-03/Plate3,{experiment}/Plate{plate}/{well}_s{site}_w{channel}.png,images
HEPG2-03_3_L03,HEPG2-03,3,L03,sirna_699,HEPG2,1,images/HEPG2-03/Plate3,{experiment}/Plate{plate}/{well}_s{site}_w{channel}.png,images
HEPG2-03_3_L04,HEPG2-03,3,L04,sirna_806,HEPG2,1,images/HEPG2-03/Plate3,{experiment}/Plate{plate}/{well}_s{site}_w{channel}.png,images
HEPG2-03_3_L05,HEPG2-03,3,L05,sirna_534,HEPG2,1,images/HEPG2-03/Plate3,{experiment}/Plate{plate}/{well}_s{site}_w{channel}.png,images
HEPG2-03_3_L06,HEPG2-03,3,L06,sirna_639,HEPG2,1,images/HEPG2-03/Plate3,{experiment}/Plate{plate}/{well}_s{site}_w{channel}.png,images
HEPG2-03_3_L07,HEPG2-03,3,L07,sirna_827,HEPG2,1,images/HEPG2-03/Plate3,{experiment}/Plate{plate}/{well}_s{site}_w{channel}.png,images
HEPG2-03_3_L08,HEPG2-03,3,L08,sirna_456,HEPG2,1,images/HEPG2-03/Plate3,{experiment}/Plate{plate}/{well}_s{site}_w{channel}.png,images
HEPG2-03_3_L09,HEPG2-03,3,L09,sirna_1027,HEPG2,1,images/HEPG2-03/Plate3,{experiment}/Plate{plate}/{well}_s{site}_w{channel}.png,images
HEPG2-03_3_L10,HEPG2-03,3,L10,sirna_314,HEPG2,1,images/HEPG2-03/Plate3,{experiment}/Plate{plate}/{well}_s{site}_w{channel}.png,images
HEPG2-03_3_L11,HEPG2-03,3,L11,sirna_781,HEPG2,1,images/HEPG2-03/Plate3,{experiment}/Plate{plate}/{well}_s{site}_w{channel}.png,images
HEPG2-03_3_L12,HEPG2-03,3,L12,sirna_1017,HEPG2,1,images/HEPG2-03/Plate3,{experiment}/Plate{plate}/{well}_s{site}_w{channel}.png,images
HEPG2-03_3_L13,HEPG2-03,3,L13,sirna_338,HEPG2,1,images/HEPG2-03/Plate3,{experiment}/Plate{plate}/{well}_s{site}_w{channel}.png,images
HEPG2-03_3_L14,HEPG2-03,3,L14,sirna_177,HEPG2,1,images/HEPG2-03/Plate3,{experiment}/Plate{plate}/{well}_s{site}_w{channel}.png,images
HEPG2-03_3_L15,HEPG2-03,3,L15,sirna_499,HEPG2,1,images/HEPG2-03/Plate3,{experiment}/Plate{plate}/{well}_s{site}_w{channel}.png,images
HEPG2-03_3_L16,HEPG2-03,3,L16,sirna_50,HEPG2,1,images/HEPG2-03/Plate3,{experiment}/Plate{plate}/{well}_s{site}_w{channel}.png,images
HEPG2-03_3_L17,HEPG2-03,3,L17,sirna_423,HEPG2,1,images/HEPG2-03/Plate3,{experiment}/Plate{plate}/{well}_s{site}_w{channel}.png,images
HEPG2-03_3_L18,HEPG2-03,3,L18,sirna_804,HEPG2,1,images/HEPG2-03/Plate3,{experiment}/Plate{plate}/{well}_s{site}_w{channel}.png,images
HEPG2-03_3_L19,HEPG2-03,3,L19,sirna_952,HEPG2,1,images/HEPG2-03/Plate3,{experiment}/Plate{plate}/{well}_s{site}_w{channel}.png,images
HEPG2-03_3_L20,HEPG2-03,3,L20,sirna_110,HEPG2,1,images/HEPG2-03/Plate3,{experiment}/Plate{plate}/{well}_s{site}_w{channel}.png,images
HEPG2-03_3_L21,HEPG2-03,3,L21,sirna_954,HEPG2,1,images/HEPG2-03/Plate3,{experiment}/Plate{plate}/{well}_s{site}_w{channel}.png,images
HEPG2-03_3_L22,HEPG2-03,3,L22,sirna_708,HEPG2,1,images/HEPG2-03/Plate3,{experiment}/Plate{plate}/{well}_s{site}_w{channel}.png,images
HEPG2-03_3_L23,HEPG2-03,3,L23,sirna_947,HEPG2,1,images/HEPG2-03/Plate3,{experiment}/Plate{plate}/{well}_s{site}_w{channel}.png,images
HEPG2-03_3_M02,HEPG2-03,3,M02,sirna_188,HEPG2,1,images/HEPG2-03/Plate3,{experiment}/Plate{plate}/{well}_s{site}_w{channel}.png,images
HEPG2-03_3_M04,HEPG2-03,3,M04,sirna_1069,HEPG2,1,images/HEPG2-03/Plate3,{experiment}/Plate{plate}/{well}_s{site}_w{channel}.png,images
HEPG2-03_3_M05,HEPG2-03,3,M05,sirna_182,HEPG2,1,images/HEPG2-03/Plate3,{experiment}/Plate{plate}/{well}_s{site}_w{channel}.png,images
HEPG2-03_3_M06,HEPG2-03,3,M06,sirna_1090,HEPG2,1,images/HEPG2-03/Plate3,{experiment}/Plate{plate}/{well}_s{site}_w{channel}.png,images
HEPG2-03_3_M08,HEPG2-03,3,M08,sirna_524,HEPG2,1,images/HEPG2-03/Plate3,{experiment}/Plate{plate}/{well}_s{site}_w{channel}.png,images
HEPG2-03_3_M09,HEPG2-03,3,M09,sirna_452,HEPG2,1,images/HEPG2-03/Plate3,{experiment}/Plate{plate}/{well}_s{site}_w{channel}.png,images
HEPG2-03_3_M10,HEPG2-03,3,M10,sirna_140,HEPG2,1,images/HEPG2-03/Plate3,{experiment}/Plate{plate}/{well}_s{site}_w{channel}.png,images
HEPG2-03_3_M12,HEPG2-03,3,M12,sirna_603,HEPG2,1,images/HEPG2-03/Plate3,{experiment}/Plate{plate}/{well}_s{site}_w{channel}.png,images
HEPG2-03_3_M13,HEPG2-03,3,M13,sirna_707,HEPG2,1,images/HEPG2-03/Plate3,{experiment}/Plate{plate}/{well}_s{site}_w{channel}.png,images
HEPG2-03_3_M14,HEPG2-03,3,M14,sirna_80,HEPG2,1,images/HEPG2-03/Plate3,{experiment}/Plate{plate}/{well}_s{site}_w{channel}.png,images
HEPG2-03_3_M16,HEPG2-03,3,M16,sirna_378,HEPG2,1,images/HEPG2-03/Plate3,{experiment}/Plate{plate}/{well}_s{site}_w{channel}.png,images
HEPG2-03_3_M17,HEPG2-03,3,M17,sirna_432,HEPG2,1,images/HEPG2-03/Plate3,{experiment}/Plate{plate}/{well}_s{site}_w{channel}.png,images
HEPG2-03_3_M18,HEPG2-03,3,M18,sirna_747,HEPG2,1,images/HEPG2-03/Plate3,{experiment}/Plate{plate}/{well}_s{site}_w{channel}.png,images
HEPG2-03_3_M20,HEPG2-03,3,M20,sirna_636,HEPG2,1,images/HEPG2-03/Plate3,{experiment}/Plate{plate}/{well}_s{site}_w{channel}.png,images
HEPG2-03_3_M21,HEPG2-03,3,M21,sirna_32,HEPG2,1,images/HEPG2-03/Plate3,{experiment}/Plate{plate}/{well}_s{site}_w{channel}.png,images
HEPG2-03_3_M23,HEPG2-03,3,M23,sirna_459,HEPG2,1,images/HEPG2-03/Plate3,{experiment}/Plate{plate}/{well}_s{site}_w{channel}.png,images
HEPG2-03_3_N02,HEPG2-03,3,N02,sirna_446,HEPG2,1,images/HEPG2-03/Plate3,{experiment}/Plate{plate}/{well}_s{site}_w{channel}.png,images
HEPG2-03_3_N03,HEPG2-03,3,N03,sirna_1096,HEPG2,1,images/HEPG2-03/Plate3,{experiment}/Plate{plate}/{well}_s{site}_w{channel}.png,images
HEPG2-03_3_N04,HEPG2-03,3,N04,sirna_871,HEPG2,1,images/HEPG2-03/Plate3,{experiment}/Plate{plate}/{well}_s{site}_w{channel}.png,images
HEPG2-03_3_N05,HEPG2-03,3,N05,sirna_458,HEPG2,1,images/HEPG2-03/Plate3,{experiment}/Plate{plate}/{well}_s{site}_w{channel}.png,images
HEPG2-03_3_N06,HEPG2-03,3,N06,sirna_361,HEPG2,1,images/HEPG2-03/Plate3,{experiment}/Plate{plate}/{well}_s{site}_w{channel}.png,images
HEPG2-03_3_N07,HEPG2-03,3,N07,sirna_999,HEPG2,1,images/HEPG2-03/Plate3,{experiment}/Plate{plate}/{well}_s{site}_w{channel}.png,images
HEPG2-03_3_N08,HEPG2-03,3,N08,sirna_646,HEPG2,1,images/HEPG2-03/Plate3,{experiment}/Plate{plate}/{well}_s{site}_w{channel}.png,images
HEPG2-03_3_N09,HEPG2-03,3,N09,sirna_526,HEPG2,1,images/HEPG2-03/Plate3,{experiment}/Plate{plate}/{well}_s{site}_w{channel}.png,images
HEPG2-03_3_N10,HEPG2-03,3,N10,sirna_1087,HEPG2,1,images/HEPG2-03/Plate3,{experiment}/Plate{plate}/{well}_s{site}_w{channel}.png,images
HEPG2-03_3_N11,HEPG2-03,3,N11,sirna_75,HEPG2,1,images/HEPG2-03/Plate3,{experiment}/Plate{plate}/{well}_s{site}_w{channel}.png,images
HEPG2-03_3_N12,HEPG2-03,3,N12,sirna_394,HEPG2,1,images/HEPG2-03/Plate3,{experiment}/Plate{plate}/{well}_s{site}_w{channel}.png,images
HEPG2-03_3_N13,HEPG2-03,3,N13,sirna_567,HEPG2,1,images/HEPG2-03/Plate3,{experiment}/Plate{plate}/{well}_s{site}_w{channel}.png,images
HEPG2-03_3_N14,HEPG2-03,3,N14,sirna_841,HEPG2,1,images/HEPG2-03/Plate3,{experiment}/Plate{plate}/{well}_s{site}_w{channel}.png,images
HEPG2-03_3_N15,HEPG2-03,3,N15,sirna_795,HEPG2,1,images/HEPG2-03/Plate3,{experiment}/Plate{plate}/{well}_s{site}_w{channel}.png,images
HEPG2-03_3_N16,HEPG2-03,3,N16,sirna_408,HEPG2,1,images/HEPG2-03/Plate3,{experiment}/Plate{plate}/{well}_s{site}_w{channel}.png,images
HEPG2-03_3_N17,HEPG2-03,3,N17,sirna_689,HEPG2,1,images/HEPG2-03/Plate3,{experiment}/Plate{plate}/{well}_s{site}_w{channel}.png,images
HEPG2-03_3_N18,HEPG2-03,3,N18,sirna_681,HEPG2,1,images/HEPG2-03/Plate3,{experiment}/Plate{plate}/{well}_s{site}_w{channel}.png,images
HEPG2-03_3_N19,HEPG2-03,3,N19,sirna_280,HEPG2,1,images/HEPG2-03/Plate3,{experiment}/Plate{plate}/{well}_s{site}_w{channel}.png,images
HEPG2-03_3_N20,HEPG2-03,3,N20,sirna_337,HEPG2,1,images/HEPG2-03/Plate3,{experiment}/Plate{plate}/{well}_s{site}_w{channel}.png,images
HEPG2-03_3_N21,HEPG2-03,3,N21,sirna_17,HEPG2,1,images/HEPG2-03/Plate3,{experiment}/Plate{plate}/{well}_s{site}_w{channel}.png,images
HEPG2-03_3_N22,HEPG2-03,3,N22,sirna_881,HEPG2,1,images/HEPG2-03/Plate3,{experiment}/Plate{plate}/{well}_s{site}_w{channel}.png,images
HEPG2-03_3_N23,HEPG2-03,3,N23,sirna_365,HEPG2,1,images/HEPG2-03/Plate3,{experiment}/Plate{plate}/{well}_s{site}_w{channel}.png,images
HEPG2-03_3_O02,HEPG2-03,3,O02,sirna_235,HEPG2,1,images/HEPG2-03/Plate3,{experiment}/Plate{plate}/{well}_s{site}_w{channel}.png,images
HEPG2-03_3_O03,HEPG2-03,3,O03,sirna_455,HEPG2,1,images/HEPG2-03/Plate3,{experiment}/Plate{plate}/{well}_s{site}_w{channel}.png,images
HEPG2-03_3_O04,HEPG2-03,3,O04,sirna_1106,HEPG2,1,images/HEPG2-03/Plate3,{experiment}/Plate{plate}/{well}_s{site}_w{channel}.png,images
HEPG2-03_3_O05,HEPG2-03,3,O05,sirna_414,HEPG2,1,images/HEPG2-03/Plate3,{experiment}/Plate{plate}/{well}_s{site}_w{channel}.png,images
HEPG2-03_3_O06,HEPG2-03,3,O06,sirna_307,HEPG2,1,images/HEPG2-03/Plate3,{experiment}/Plate{plate}/{well}_s{site}_w{channel}.png,images
HEPG2-03_3_O07,HEPG2-03,3,O07,sirna_411,HEPG2,1,images/HEPG2-03/Plate3,{experiment}/Plate{plate}/{well}_s{site}_w{channel}.png,images
HEPG2-03_3_O08,HEPG2-03,3,O08,sirna_392,HEPG2,1,images/HEPG2-03/Plate3,{experiment}/Plate{plate}/{well}_s{site}_w{channel}.png,images
HEPG2-03_3_O09,HEPG2-03,3,O09,sirna_380,HEPG2,1,images/HEPG2-03/Plate3,{experiment}/Plate{plate}/{well}_s{site}_w{channel}.png,images
HEPG2-03_3_O10,HEPG2-03,3,O10,sirna_617,HEPG2,1,images/HEPG2-03/Plate3,{experiment}/Plate{plate}/{well}_s{site}_w{channel}.png,images
HEPG2-03_3_O11,HEPG2-03,3,O11,sirna_1095,HEPG2,1,images/HEPG2-03/Plate3,{experiment}/Plate{plate}/{well}_s{site}_w{channel}.png,images
HEPG2-03_3_O12,HEPG2-03,3,O12,sirna_397,HEPG2,1,images/HEPG2-03/Plate3,{experiment}/Plate{plate}/{well}_s{site}_w{channel}.png,images
HEPG2-03_3_O13,HEPG2-03,3,O13,sirna_1131,HEPG2,1,images/HEPG2-03/Plate3,{experiment}/Plate{plate}/{well}_s{site}_w{channel}.png,images
HEPG2-03_3_O14,HEPG2-03,3,O14,sirna_1010,HEPG2,1,images/HEPG2-03/Plate3,{experiment}/Plate{plate}/{well}_s{site}_w{channel}.png,images
HEPG2-03_3_O15,HEPG2-03,3,O15,sirna_817,HEPG2,1,images/HEPG2-03/Plate3,{experiment}/Plate{plate}/{well}_s{site}_w{channel}.png,images
HEPG2-03_3_O16,HEPG2-03,3,O16,sirna_105,HEPG2,1,images/HEPG2-03/Plate3,{experiment}/Plate{plate}/{well}_s{site}_w{channel}.png,images
HEPG2-03_3_O17,HEPG2-03,3,O17,sirna_736,HEPG2,1,images/HEPG2-03/Plate3,{experiment}/Plate{plate}/{well}_s{site}_w{channel}.png,images
HEPG2-03_3_O18,HEPG2-03,3,O18,sirna_285,HEPG2,1,images/HEPG2-03/Plate3,{experiment}/Plate{plate}/{well}_s{site}_w{channel}.png,images
HEPG2-03_3_O19,HEPG2-03,3,O19,sirna_849,HEPG2,1,images/HEPG2-03/Plate3,{experiment}/Plate{plate}/{well}_s{site}_w{channel}.png,images
HEPG2-03_3_O20,HEPG2-03,3,O20,sirna_994,HEPG2,1,images/HEPG2-03/Plate3,{experiment}/Plate{plate}/{well}_s{site}_w{channel}.png,images
HEPG2-03_3_O21,HEPG2-03,3,O21,sirna_1031,HEPG2,1,images/HEPG2-03/Plate3,{experiment}/Plate{plate}/{well}_s{site}_w{channel}.png,images
HEPG2-03_3_O22,HEPG2-03,3,O22,sirna_1075,HEPG2,1,images/HEPG2-03/Plate3,{experiment}/Plate{plate}/{well}_s{site}_w{channel}.png,images
HEPG2-03_3_O23,HEPG2-03,3,O23,sirna_1052,HEPG2,1,images/HEPG2-03/Plate3,{experiment}/Plate{plate}/{well}_s{site}_w{channel}.png,images
HEPG2-03_4_B03,HEPG2-03,4,B03,sirna_453,HEPG2,1,images/HEPG2-03/Plate4,{experiment}/Plate{plate}/{well}_s{site}_w{channel}.png,images
HEPG2-03_4_B04,HEPG2-03,4,B04,sirna_847,HEPG2,1,images/HEPG2-03/Plate4,{experiment}/Plate{plate}/{well}_s{site}_w{channel}.png,images
HEPG2-03_4_B05,HEPG2-03,4,B05,sirna_608,HEPG2,1,images/HEPG2-03/Plate4,{experiment}/Plate{plate}/{well}_s{site}_w{channel}.png,images
HEPG2-03_4_B06,HEPG2-03,4,B06,sirna_371,HEPG2,1,images/HEPG2-03/Plate4,{experiment}/Plate{plate}/{well}_s{site}_w{channel}.png,images
HEPG2-03_4_B07,HEPG2-03,4,B07,sirna_965,HEPG2,1,images/HEPG2-03/Plate4,{experiment}/Plate{plate}/{well}_s{site}_w{channel}.png,images
HEPG2-03_4_B08,HEPG2-03,4,B08,sirna_443,HEPG2,1,images/HEPG2-03/Plate4,{experiment}/Plate{plate}/{well}_s{site}_w{channel}.png,images
HEPG2-03_4_B09,HEPG2-03,4,B09,sirna_677,HEPG2,1,images/HEPG2-03/Plate4,{experiment}/Plate{plate}/{well}_s{site}_w{channel}.png,images
HEPG2-03_4_B10,HEPG2-03,4,B10,sirna_339,HEPG2,1,images/HEPG2-03/Plate4,{experiment}/Plate{plate}/{well}_s{site}_w{channel}.png,images
HEPG2-03_4_B11,HEPG2-03,4,B11,sirna_885,HEPG2,1,images/HEPG2-03/Plate4,{experiment}/Plate{plate}/{well}_s{site}_w{channel}.png,images
HEPG2-03_4_B12,HEPG2-03,4,B12,sirna_1086,HEPG2,1,images/HEPG2-03/Plate4,{experiment}/Plate{plate}/{well}_s{site}_w{channel}.png,images
HEPG2-03_4_B13,HEPG2-03,4,B13,sirna_19,HEPG2,1,images/HEPG2-03/Plate4,{experiment}/Plate{plate}/{well}_s{site}_w{channel}.png,images
HEPG2-03_4_B14,HEPG2-03,4,B14,sirna_513,HEPG2,1,images/HEPG2-03/Plate4,{experiment}/Plate{plate}/{well}_s{site}_w{channel}.png,images
HEPG2-03_4_B15,HEPG2-03,4,B15,sirna_203,HEPG2,1,images/HEPG2-03/Plate4,{experiment}/Plate{plate}/{well}_s{site}_w{channel}.png,images
HEPG2-03_4_B16,HEPG2-03,4,B16,sirna_271,HEPG2,1,images/HEPG2-03/Plate4,{experiment}/Plate{plate}/{well}_s{site}_w{channel}.png,images
HEPG2-03_4_B17,HEPG2-03,4,B17,sirna_762,HEPG2,1,images/HEPG2-03/Plate4,{experiment}/Plate{plate}/{well}_s{site}_w{channel}.png,images
HEPG2-03_4_B18,HEPG2-03,4,B18,sirna_505,HEPG2,1,images/HEPG2-03/Plate4,{experiment}/Plate{plate}/{well}_s{site}_w{channel}.png,images
HEPG2-03_4_B19,HEPG2-03,4,B19,sirna_1080,HEPG2,1,images/HEPG2-03/Plate4,{experiment}/Plate{plate}/{well}_s{site}_w{channel}.png,images
HEPG2-03_4_B20,HEPG2-03,4,B20,sirna_674,HEPG2,1,images/HEPG2-03/Plate4,{experiment}/Plate{plate}/{well}_s{site}_w{channel}.png,images
HEPG2-03_4_B21,HEPG2-03,4,B21,sirna_53,HEPG2,1,images/HEPG2-03/Plate4,{experiment}/Plate{plate}/{well}_s{site}_w{channel}.png,images
HEPG2-03_4_B22,HEPG2-03,4,B22,sirna_421,HEPG2,1,images/HEPG2-03/Plate4,{experiment}/Plate{plate}/{well}_s{site}_w{channel}.png,images
HEPG2-03_4_B23,HEPG2-03,4,B23,sirna_913,HEPG2,1,images/HEPG2-03/Plate4,{experiment}/Plate{plate}/{well}_s{site}_w{channel}.png,images
HEPG2-03_4_C02,HEPG2-03,4,C02,sirna_368,HEPG2,1,images/HEPG2-03/Plate4,{experiment}/Plate{plate}/{well}_s{site}_w{channel}.png,images
HEPG2-03_4_C04,HEPG2-03,4,C04,sirna_160,HEPG2,1,images/HEPG2-03/Plate4,{experiment}/Plate{plate}/{well}_s{site}_w{channel}.png,images
HEPG2-03_4_C05,HEPG2-03,4,C05,sirna_1063,HEPG2,1,images/HEPG2-03/Plate4,{experiment}/Plate{plate}/{well}_s{site}_w{channel}.png,images
HEPG2-03_4_C06,HEPG2-03,4,C06,sirna_902,HEPG2,1,images/HEPG2-03/Plate4,{experiment}/Plate{plate}/{well}_s{site}_w{channel}.png,images
HEPG2-03_4_C08,HEPG2-03,4,C08,sirna_316,HEPG2,1,images/HEPG2-03/Plate4,{experiment}/Plate{plate}/{well}_s{site}_w{channel}.png,images
HEPG2-03_4_C09,HEPG2-03,4,C09,sirna_81,HEPG2,1,images/HEPG2-03/Plate4,{experiment}/Plate{plate}/{well}_s{site}_w{channel}.png,images
HEPG2-03_4_C10,HEPG2-03,4,C10,sirna_775,HEPG2,1,images/HEPG2-03/Plate4,{experiment}/Plate{plate}/{well}_s{site}_w{channel}.png,images
HEPG2-03_4_C12,HEPG2-03,4,C12,sirna_538,HEPG2,1,images/HEPG2-03/Plate4,{experiment}/Plate{plate}/{well}_s{site}_w{channel}.png,images
HEPG2-03_4_C13,HEPG2-03,4,C13,sirna_31,HEPG2,1,images/HEPG2-03/Plate4,{experiment}/Plate{plate}/{well}_s{site}_w{channel}.png,images
HEPG2-03_4_C14,HEPG2-03,4,C14,sirna_904,HEPG2,1,images/HEPG2-03/Plate4,{experiment}/Plate{plate}/{well}_s{site}_w{channel}.png,images
HEPG2-03_4_C16,HEPG2-03,4,C16,sirna_94,HEPG2,1,images/HEPG2-03/Plate4,{experiment}/Plate{plate}/{well}_s{site}_w{channel}.png,images
HEPG2-03_4_C17,HEPG2-03,4,C17,sirna_691,HEPG2,1,images/HEPG2-03/Plate4,{experiment}/Plate{plate}/{well}_s{site}_w{channel}.png,images
HEPG2-03_4_C18,HEPG2-03,4,C18,sirna_472,HEPG2,1,images/HEPG2-03/Plate4,{experiment}/Plate{plate}/{well}_s{site}_w{channel}.png,images
HEPG2-03_4_C20,HEPG2-03,4,C20,sirna_120,HEPG2,1,images/HEPG2-03/Plate4,{experiment}/Plate{plate}/{well}_s{site}_w{channel}.png,images
HEPG2-03_4_C21,HEPG2-03,4,C21,sirna_290,HEPG2,1,images/HEPG2-03/Plate4,{experiment}/Plate{plate}/{well}_s{site}_w{channel}.png,images
HEPG2-03_4_C23,HEPG2-03,4,C23,sirna_83,HEPG2,1,images/HEPG2-03/Plate4,{experiment}/Plate{plate}/{well}_s{site}_w{channel}.png,images
HEPG2-03_4_D02,HEPG2-03,4,D02,sirna_648,HEPG2,1,images/HEPG2-03/Plate4,{experiment}/Plate{plate}/{well}_s{site}_w{channel}.png,images
HEPG2-03_4_D03,HEPG2-03,4,D03,sirna_219,HEPG2,1,images/HEPG2-03/Plate4,{experiment}/Plate{plate}/{well}_s{site}_w{channel}.png,images
HEPG2-03_4_D04,HEPG2-03,4,D04,sirna_415,HEPG2,1,images/HEPG2-03/Plate4,{experiment}/Plate{plate}/{well}_s{site}_w{channel}.png,images
HEPG2-03_4_D05,HEPG2-03,4,D05,sirna_808,HEPG2,1,images/HEPG2-03/Plate4,{experiment}/Plate{plate}/{well}_s{site}_w{channel}.png,images
HEPG2-03_4_D06,HEPG2-03,4,D06,sirna_441,HEPG2,1,images/HEPG2-03/Plate4,{experiment}/Plate{plate}/{well}_s{site}_w{channel}.png,images
HEPG2-03_4_D07,HEPG2-03,4,D07,sirna_732,HEPG2,1,images/HEPG2-03/Plate4,{experiment}/Plate{plate}/{well}_s{site}_w{channel}.png,images
HEPG2-03_4_D08,HEPG2-03,4,D08,sirna_1122,HEPG2,1,images/HEPG2-03/Plate4,{experiment}/Plate{plate}/{well}_s{site}_w{channel}.png,images
HEPG2-03_4_D09,HEPG2-03,4,D09,sirna_1061,HEPG2,1,images/HEPG2-03/Plate4,{experiment}/Plate{plate}/{well}_s{site}_w{channel}.png,images
HEPG2-03_4_D10,HEPG2-03,4,D10,sirna_262,HEPG2,1,images/HEPG2-03/Plate4,{experiment}/Plate{plate}/{well}_s{site}_w{channel}.png,images
HEPG2-03_4_D11,HEPG2-03,4,D11,sirna_856,HEPG2,1,images/HEPG2-03/Plate4,{experiment}/Plate{plate}/{well}_s{site}_w{channel}.png,images
HEPG2-03_4_D12,HEPG2-03,4,D12,sirna_815,HEPG2,1,images/HEPG2-03/Plate4,{experiment}/Plate{plate}/{well}_s{site}_w{channel}.png,images
HEPG2-03_4_D13,HEPG2-03,4,D13,sirna_243,HEPG2,1,images/HEPG2-03/Plate4,{experiment}/Plate{plate}/{well}_s{site}_w{channel}.png,images
HEPG2-03_4_D14,HEPG2-03,4,D14,sirna_892,HEPG2,1,images/HEPG2-03/Plate4,{experiment}/Plate{plate}/{well}_s{site}_w{channel}.png,images
HEPG2-03_4_D15,HEPG2-03,4,D15,sirna_731,HEPG2,1,images/HEPG2-03/Plate4,{experiment}/Plate{plate}/{well}_s{site}_w{channel}.png,images
HEPG2-03_4_D16,HEPG2-03,4,D16,sirna_265,HEPG2,1,images/HEPG2-03/Plate4,{experiment}/Plate{plate}/{well}_s{site}_w{channel}.png,images
HEPG2-03_4_D17,HEPG2-03,4,D17,sirna_167,HEPG2,1,images/HEPG2-03/Plate4,{experiment}/Plate{plate}/{well}_s{site}_w{channel}.png,images
HEPG2-03_4_D18,HEPG2-03,4,D18,sirna_557,HEPG2,1,images/HEPG2-03/Plate4,{experiment}/Plate{plate}/{well}_s{site}_w{channel}.png,images
HEPG2-03_4_D19,HEPG2-03,4,D19,sirna_925,HEPG2,1,images/HEPG2-03/Plate4,{experiment}/Plate{plate}/{well}_s{site}_w{channel}.png,images
HEPG2-03_4_D20,HEPG2-03,4,D20,sirna_220,HEPG2,1,images/HEPG2-03/Plate4,{experiment}/Plate{plate}/{well}_s{site}_w{channel}.png,images
HEPG2-03_4_D21,HEPG2-03,4,D21,sirna_563,HEPG2,1,images/HEPG2-03/Plate4,{experiment}/Plate{plate}/{well}_s{site}_w{channel}.png,images
HEPG2-03_4_D22,HEPG2-03,4,D22,sirna_332,HEPG2,1,images/HEPG2-03/Plate4,{experiment}/Plate{plate}/{well}_s{site}_w{channel}.png,images
HEPG2-03_4_D23,HEPG2-03,4,D23,sirna_873,HEPG2,1,images/HEPG2-03/Plate4,{experiment}/Plate{plate}/{well}_s{site}_w{channel}.png,images
HEPG2-03_4_E02,HEPG2-03,4,E02,sirna_961,HEPG2,1,images/HEPG2-03/Plate4,{experiment}/Plate{plate}/{well}_s{site}_w{channel}.png,images
HEPG2-03_4_E03,HEPG2-03,4,E03,sirna_101,HEPG2,1,images/HEPG2-03/Plate4,{experiment}/Plate{plate}/{well}_s{site}_w{channel}.png,images
HEPG2-03_4_E04,HEPG2-03,4,E04,sirna_696,HEPG2,1,images/HEPG2-03/Plate4,{experiment}/Plate{plate}/{well}_s{site}_w{channel}.png,images
HEPG2-03_4_E05,HEPG2-03,4,E05,sirna_248,HEPG2,1,images/HEPG2-03/Plate4,{experiment}/Plate{plate}/{well}_s{site}_w{channel}.png,images
HEPG2-03_4_E06,HEPG2-03,4,E06,sirna_520,HEPG2,1,images/HEPG2-03/Plate4,{experiment}/Plate{plate}/{well}_s{site}_w{channel}.png,images
HEPG2-03_4_E07,HEPG2-03,4,E07,sirna_407,HEPG2,1,images/HEPG2-03/Plate4,{experiment}/Plate{plate}/{well}_s{site}_w{channel}.png,images
HEPG2-03_4_E08,HEPG2-03,4,E08,sirna_205,HEPG2,1,images/HEPG2-03/Plate4,{experiment}/Plate{plate}/{well}_s{site}_w{channel}.png,images
HEPG2-03_4_E09,HEPG2-03,4,E09,sirna_287,HEPG2,1,images/HEPG2-03/Plate4,{experiment}/Plate{plate}/{well}_s{site}_w{channel}.png,images
HEPG2-03_4_E10,HEPG2-03,4,E10,sirna_797,HEPG2,1,images/HEPG2-03/Plate4,{experiment}/Plate{plate}/{well}_s{site}_w{channel}.png,images
HEPG2-03_4_E11,HEPG2-03,4,E11,sirna_1107,HEPG2,1,images/HEPG2-03/Plate4,{experiment}/Plate{plate}/{well}_s{site}_w{channel}.png,images
HEPG2-03_4_E12,HEPG2-03,4,E12,sirna_345,HEPG2,1,images/HEPG2-03/Plate4,{experiment}/Plate{plate}/{well}_s{site}_w{channel}.png,images
HEPG2-03_4_E13,HEPG2-03,4,E13,sirna_530,HEPG2,1,images/HEPG2-03/Plate4,{experiment}/Plate{plate}/{well}_s{site}_w{channel}.png,images
HEPG2-03_4_E14,HEPG2-03,4,E14,sirna_991,HEPG2,1,images/HEPG2-03/Plate4,{experiment}/Plate{plate}/{well}_s{site}_w{channel}.png,images
HEPG2-03_4_E15,HEPG2-03,4,E15,sirna_891,HEPG2,1,images/HEPG2-03/Plate4,{experiment}/Plate{plate}/{well}_s{site}_w{channel}.png,images
HEPG2-03_4_E16,HEPG2-03,4,E16,sirna_764,HEPG2,1,images/HEPG2-03/Plate4,{experiment}/Plate{plate}/{well}_s{site}_w{channel}.png,images
HEPG2-03_4_E17,HEPG2-03,4,E17,sirna_387,HEPG2,1,images/HEPG2-03/Plate4,{experiment}/Plate{plate}/{well}_s{site}_w{channel}.png,images
HEPG2-03_4_E18,HEPG2-03,4,E18,sirna_769,HEPG2,1,images/HEPG2-03/Plate4,{experiment}/Plate{plate}/{well}_s{site}_w{channel}.png,images
HEPG2-03_4_E19,HEPG2-03,4,E19,sirna_509,HEPG2,1,images/HEPG2-03/Plate4,{experiment}/Plate{plate}/{well}_s{site}_w{channel}.png,images
HEPG2-03_4_E20,HEPG2-03,4,E20,sirna_135,HEPG2,1,images/HEPG2-03/Plate4,{experiment}/Plate{plate}/{well}_s{site}_w{channel}.png,images
HEPG2-03_4_E21,HEPG2-03,4,E21,sirna_257,HEPG2,1,images/HEPG2-03/Plate4,{experiment}/Plate{plate}/{well}_s{site}_w{channel}.png,images
HEPG2-03_4_E22,HEPG2-03,4,E22,sirna_844,HEPG2,1,images/HEPG2-03/Plate4,{experiment}/Plate{plate}/{well}_s{site}_w{channel}.png,images
HEPG2-03_4_E23,HEPG2-03,4,E23,sirna_1049,HEPG2,1,images/HEPG2-03/Plate4,{experiment}/Plate{plate}/{well}_s{site}_w{channel}.png,images
HEPG2-03_4_F02,HEPG2-03,4,F02,sirna_1060,HEPG2,1,images/HEPG2-03/Plate4,{experiment}/Plate{plate}/{well}_s{site}_w{channel}.png,images
HEPG2-03_4_F04,HEPG2-03,4,F04,sirna_379,HEPG2,1,images/HEPG2-03/Plate4,{experiment}/Plate{plate}/{well}_s{site}_w{channel}.png,images
HEPG2-03_4_F05,HEPG2-03,4,F05,sirna_175,HEPG2,1,images/HEPG2-03/Plate4,{experiment}/Plate{plate}/{well}_s{site}_w{channel}.png,images
HEPG2-03_4_F06,HEPG2-03,4,F06,sirna_227,HEPG2,1,images/HEPG2-03/Plate4,{experiment}/Plate{plate}/{well}_s{site}_w{channel}.png,images
HEPG2-03_4_F08,HEPG2-03,4,F08,sirna_889,HEPG2,1,images/HEPG2-03/Plate4,{experiment}/Plate{plate}/{well}_s{site}_w{channel}.png,images
HEPG2-03_4_F09,HEPG2-03,4,F09,sirna_36,HEPG2,1,images/HEPG2-03/Plate4,{experiment}/Plate{plate}/{well}_s{site}_w{channel}.png,images
HEPG2-03_4_F10,HEPG2-03,4,F10,sirna_1036,HEPG2,1,images/HEPG2-03/Plate4,{experiment}/Plate{plate}/{well}_s{site}_w{channel}.png,images
HEPG2-03_4_F12,HEPG2-03,4,F12,sirna_91,HEPG2,1,images/HEPG2-03/Plate4,{experiment}/Plate{plate}/{well}_s{site}_w{channel}.png,images
HEPG2-03_4_F13,HEPG2-03,4,F13,sirna_1048,HEPG2,1,images/HEPG2-03/Plate4,{experiment}/Plate{plate}/{well}_s{site}_w{channel}.png,images
HEPG2-03_4_F14,HEPG2-03,4,F14,sirna_151,HEPG2,1,images/HEPG2-03/Plate4,{experiment}/Plate{plate}/{well}_s{site}_w{channel}.png,images
HEPG2-03_4_F16,HEPG2-03,4,F16,sirna_474,HEPG2,1,images/HEPG2-03/Plate4,{experiment}/Plate{plate}/{well}_s{site}_w{channel}.png,images
HEPG2-03_4_F17,HEPG2-03,4,F17,sirna_500,HEPG2,1,images/HEPG2-03/Plate4,{experiment}/Plate{plate}/{well}_s{site}_w{channel}.png,images
HEPG2-03_4_F18,HEPG2-03,4,F18,sirna_832,HEPG2,1,images/HEPG2-03/Plate4,{experiment}/Plate{plate}/{well}_s{site}_w{channel}.png,images
HEPG2-03_4_F20,HEPG2-03,4,F20,sirna_352,HEPG2,1,images/HEPG2-03/Plate4,{experiment}/Plate{plate}/{well}_s{site}_w{channel}.png,images
HEPG2-03_4_F21,HEPG2-03,4,F21,sirna_833,HEPG2,1,images/HEPG2-03/Plate4,{experiment}/Plate{plate}/{well}_s{site}_w{channel}.png,images
HEPG2-03_4_F23,HEPG2-03,4,F23,sirna_1006,HEPG2,1,images/HEPG2-03/Plate4,{experiment}/Plate{plate}/{well}_s{site}_w{channel}.png,images
HEPG2-03_4_G02,HEPG2-03,4,G02,sirna_933,HEPG2,1,images/HEPG2-03/Plate4,{experiment}/Plate{plate}/{well}_s{site}_w{channel}.png,images
HEPG2-03_4_G03,HEPG2-03,4,G03,sirna_313,HEPG2,1,images/HEPG2-03/Plate4,{experiment}/Plate{plate}/{well}_s{site}_w{channel}.png,images
HEPG2-03_4_G04,HEPG2-03,4,G04,sirna_796,HEPG2,1,images/HEPG2-03/Plate4,{experiment}/Plate{plate}/{well}_s{site}_w{channel}.png,images
HEPG2-03_4_G05,HEPG2-03,4,G05,sirna_1058,HEPG2,1,images/HEPG2-03/Plate4,{experiment}/Plate{plate}/{well}_s{site}_w{channel}.png,images
HEPG2-03_4_G06,HEPG2-03,4,G06,sirna_463,HEPG2,1,images/HEPG2-03/Plate4,{experiment}/Plate{plate}/{well}_s{site}_w{channel}.png,images
HEPG2-03_4_G07,HEPG2-03,4,G07,sirna_920,HEPG2,1,images/HEPG2-03/Plate4,{experiment}/Plate{plate}/{well}_s{site}_w{channel}.png,images
HEPG2-03_4_G08,HEPG2-03,4,G08,sirna_594,HEPG2,1,images/HEPG2-03/Plate4,{experiment}/Plate{plate}/{well}_s{site}_w{channel}.png,images
HEPG2-03_4_G09,HEPG2-03,4,G09,sirna_787,HEPG2,1,images/HEPG2-03/Plate4,{experiment}/Plate{plate}/{well}_s{site}_w{channel}.png,images
HEPG2-03_4_G10,HEPG2-03,4,G10,sirna_824,HEPG2,1,images/HEPG2-03/Plate4,{experiment}/Plate{plate}/{well}_s{site}_w{channel}.png,images
HEPG2-03_4_G11,HEPG2-03,4,G11,sirna_171,HEPG2,1,images/HEPG2-03/Plate4,{experiment}/Plate{plate}/{well}_s{site}_w{channel}.png,images
HEPG2-03_4_G12,HEPG2-03,4,G12,sirna_909,HEPG2,1,images/HEPG2-03/Plate4,{experiment}/Plate{plate}/{well}_s{site}_w{channel}.png,images
HEPG2-03_4_G13,HEPG2-03,4,G13,sirna_971,HEPG2,1,images/HEPG2-03/Plate4,{experiment}/Plate{plate}/{well}_s{site}_w{channel}.png,images
HEPG2-03_4_G14,HEPG2-03,4,G14,sirna_722,HEPG2,1,images/HEPG2-03/Plate4,{experiment}/Plate{plate}/{well}_s{site}_w{channel}.png,images
HEPG2-03_4_G15,HEPG2-03,4,G15,sirna_882,HEPG2,1,images/HEPG2-03/Plate4,{experiment}/Plate{plate}/{well}_s{site}_w{channel}.png,images
HEPG2-03_4_G16,HEPG2-03,4,G16,sirna_438,HEPG2,1,images/HEPG2-03/Plate4,{experiment}/Plate{plate}/{well}_s{site}_w{channel}.png,images
HEPG2-03_4_G17,HEPG2-03,4,G17,sirna_178,HEPG2,1,images/HEPG2-03/Plate4,{experiment}/Plate{plate}/{well}_s{site}_w{channel}.png,images
HEPG2-03_4_G18,HEPG2-03,4,G18,sirna_960,HEPG2,1,images/HEPG2-03/Plate4,{experiment}/Plate{plate}/{well}_s{site}_w{channel}.png,images
HEPG2-03_4_G19,HEPG2-03,4,G19,sirna_349,HEPG2,1,images/HEPG2-03/Plate4,{experiment}/Plate{plate}/{well}_s{site}_w{channel}.png,images
HEPG2-03_4_G20,HEPG2-03,4,G20,sirna_115,HEPG2,1,images/HEPG2-03/Plate4,{experiment}/Plate{plate}/{well}_s{site}_w{channel}.png,images
HEPG2-03_4_G21,HEPG2-03,4,G21,sirna_1077,HEPG2,1,images/HEPG2-03/Plate4,{experiment}/Plate{plate}/{well}_s{site}_w{channel}.png,images
HEPG2-03_4_G22,HEPG2-03,4,G22,sirna_288,HEPG2,1,images/HEPG2-03/Plate4,{experiment}/Plate{plate}/{well}_s{site}_w{channel}.png,images
HEPG2-03_4_G23,HEPG2-03,4,G23,sirna_950,HEPG2,1,images/HEPG2-03/Plate4,{experiment}/Plate{plate}/{well}_s{site}_w{channel}.png,images
HEPG2-03_4_H02,HEPG2-03,4,H02,sirna_511,HEPG2,1,images/HEPG2-03/Plate4,{experiment}/Plate{plate}/{well}_s{site}_w{channel}.png,images
HEPG2-03_4_H04,HEPG2-03,4,H04,sirna_35,HEPG2,1,images/HEPG2-03/Plate4,{experiment}/Plate{plate}/{well}_s{site}_w{channel}.png,images
HEPG2-03_4_H05,HEPG2-03,4,H05,sirna_1051,HEPG2,1,images/HEPG2-03/Plate4,{experiment}/Plate{plate}/{well}_s{site}_w{channel}.png,images
HEPG2-03_4_H06,HEPG2-03,4,H06,sirna_142,HEPG2,1,images/HEPG2-03/Plate4,{experiment}/Plate{plate}/{well}_s{site}_w{channel}.png,images
HEPG2-03_4_H08,HEPG2-03,4,H08,sirna_571,HEPG2,1,images/HEPG2-03/Plate4,{experiment}/Plate{plate}/{well}_s{site}_w{channel}.png,images
HEPG2-03_4_H09,HEPG2-03,4,H09,sirna_351,HEPG2,1,images/HEPG2-03/Plate4,{experiment}/Plate{plate}/{well}_s{site}_w{channel}.png,images
HEPG2-03_4_H10,HEPG2-03,4,H10,sirna_936,HEPG2,1,images/HEPG2-03/Plate4,{experiment}/Plate{plate}/{well}_s{site}_w{channel}.png,images
HEPG2-03_4_H12,HEPG2-03,4,H12,sirna_166,HEPG2,1,images/HEPG2-03/Plate4,{experiment}/Plate{plate}/{well}_s{site}_w{channel}.png,images
HEPG2-03_4_H13,HEPG2-03,4,H13,sirna_522,HEPG2,1,images/HEPG2-03/Plate4,{experiment}/Plate{plate}/{well}_s{site}_w{channel}.png,images
HEPG2-03_4_H14,HEPG2-03,4,H14,sirna_214,HEPG2,1,images/HEPG2-03/Plate4,{experiment}/Plate{plate}/{well}_s{site}_w{channel}.png,images
HEPG2-03_4_H16,HEPG2-03,4,H16,sirna_398,HEPG2,1,images/HEPG2-03/Plate4,{experiment}/Plate{plate}/{well}_s{site}_w{channel}.png,images
HEPG2-03_4_H17,HEPG2-03,4,H17,sirna_1074,HEPG2,1,images/HEPG2-03/Plate4,{experiment}/Plate{plate}/{well}_s{site}_w{channel}.png,images
HEPG2-03_4_H18,HEPG2-03,4,H18,sirna_772,HEPG2,1,images/HEPG2-03/Plate4,{experiment}/Plate{plate}/{well}_s{site}_w{channel}.png,images
HEPG2-03_4_H20,HEPG2-03,4,H20,sirna_794,HEPG2,1,images/HEPG2-03/Plate4,{experiment}/Plate{plate}/{well}_s{site}_w{channel}.png,images
HEPG2-03_4_H21,HEPG2-03,4,H21,sirna_698,HEPG2,1,images/HEPG2-03/Plate4,{experiment}/Plate{plate}/{well}_s{site}_w{channel}.png,images
HEPG2-03_4_H23,HEPG2-03,4,H23,sirna_1057,HEPG2,1,images/HEPG2-03/Plate4,{experiment}/Plate{plate}/{well}_s{site}_w{channel}.png,images
HEPG2-03_4_I02,HEPG2-03,4,I02,sirna_1024,HEPG2,1,images/HEPG2-03/Plate4,{experiment}/Plate{plate}/{well}_s{site}_w{channel}.png,images
HEPG2-03_4_I03,HEPG2-03,4,I03,sirna_127,HEPG2,1,images/HEPG2-03/Plate4,{experiment}/Plate{plate}/{well}_s{site}_w{channel}.png,images
HEPG2-03_4_I04,HEPG2-03,4,I04,sirna_207,HEPG2,1,images/HEPG2-03/Plate4,{experiment}/Plate{plate}/{well}_s{site}_w{channel}.png,images
HEPG2-03_4_I05,HEPG2-03,4,I05,sirna_173,HEPG2,1,images/HEPG2-03/Plate4,{experiment}/Plate{plate}/{well}_s{site}_w{channel}.png,images
HEPG2-03_4_I06,HEPG2-03,4,I06,sirna_980,HEPG2,1,images/HEPG2-03/Plate4,{experiment}/Plate{plate}/{well}_s{site}_w{channel}.png,images
HEPG2-03_4_I07,HEPG2-03,4,I07,sirna_793,HEPG2,1,images/HEPG2-03/Plate4,{experiment}/Plate{plate}/{well}_s{site}_w{channel}.png,images
HEPG2-03_4_I08,HEPG2-03,4,I08,sirna_989,HEPG2,1,images/HEPG2-03/Plate4,{experiment}/Plate{plate}/{well}_s{site}_w{channel}.png,images
HEPG2-03_4_I09,HEPG2-03,4,I09,sirna_1015,HEPG2,1,images/HEPG2-03/Plate4,{experiment}/Plate{plate}/{well}_s{site}_w{channel}.png,images
HEPG2-03_4_I10,HEPG2-03,4,I10,sirna_988,HEPG2,1,images/HEPG2-03/Plate4,{experiment}/Plate{plate}/{well}_s{site}_w{channel}.png,images
HEPG2-03_4_I11,HEPG2-03,4,I11,sirna_141,HEPG2,1,images/HEPG2-03/Plate4,{experiment}/Plate{plate}/{well}_s{site}_w{channel}.png,images
HEPG2-03_4_I12,HEPG2-03,4,I12,sirna_236,HEPG2,1,images/HEPG2-03/Plate4,{experiment}/Plate{plate}/{well}_s{site}_w{channel}.png,images
HEPG2-03_4_I13,HEPG2-03,4,I13,sirna_470,HEPG2,1,images/HEPG2-03/Plate4,{experiment}/Plate{plate}/{well}_s{site}_w{channel}.png,images
HEPG2-03_4_I14,HEPG2-03,4,I14,sirna_768,HEPG2,1,images/HEPG2-03/Plate4,{experiment}/Plate{plate}/{well}_s{site}_w{channel}.png,images
HEPG2-03_4_I15,HEPG2-03,4,I15,sirna_116,HEPG2,1,images/HEPG2-03/Plate4,{experiment}/Plate{plate}/{well}_s{site}_w{channel}.png,images
HEPG2-03_4_I16,HEPG2-03,4,I16,sirna_531,HEPG2,1,images/HEPG2-03/Plate4,{experiment}/Plate{plate}/{well}_s{site}_w{channel}.png,images
HEPG2-03_4_I17,HEPG2-03,4,I17,sirna_687,HEPG2,1,images/HEPG2-03/Plate4,{experiment}/Plate{plate}/{well}_s{site}_w{channel}.png,images
HEPG2-03_4_I18,HEPG2-03,4,I18,sirna_956,HEPG2,1,images/HEPG2-03/Plate4,{experiment}/Plate{plate}/{well}_s{site}_w{channel}.png,images
HEPG2-03_4_I19,HEPG2-03,4,I19,sirna_926,HEPG2,1,images/HEPG2-03/Plate4,{experiment}/Plate{plate}/{well}_s{site}_w{channel}.png,images
HEPG2-03_4_I20,HEPG2-03,4,I20,sirna_121,HEPG2,1,images/HEPG2-03/Plate4,{experiment}/Plate{plate}/{well}_s{site}_w{channel}.png,images
HEPG2-03_4_I21,HEPG2-03,4,I21,sirna_1093,HEPG2,1,images/HEPG2-03/Plate4,{experiment}/Plate{plate}/{well}_s{site}_w{channel}.png,images
HEPG2-03_4_I22,HEPG2-03,4,I22,sirna_1110,HEPG2,1,images/HEPG2-03/Plate4,{experiment}/Plate{plate}/{well}_s{site}_w{channel}.png,images
HEPG2-03_4_I23,HEPG2-03,4,I23,sirna_370,HEPG2,1,images/HEPG2-03/Plate4,{experiment}/Plate{plate}/{well}_s{site}_w{channel}.png,images
HEPG2-03_4_J02,HEPG2-03,4,J02,sirna_583,HEPG2,1,images/HEPG2-03/Plate4,{experiment}/Plate{plate}/{well}_s{site}_w{channel}.png,images
HEPG2-03_4_J04,HEPG2-03,4,J04,sirna_598,HEPG2,1,images/HEPG2-03/Plate4,{experiment}/Plate{plate}/{well}_s{site}_w{channel}.png,images
HEPG2-03_4_J05,HEPG2-03,4,J05,sirna_27,HEPG2,1,images/HEPG2-03/Plate4,{experiment}/Plate{plate}/{well}_s{site}_w{channel}.png,images
HEPG2-03_4_J06,HEPG2-03,4,J06,sirna_879,HEPG2,1,images/HEPG2-03/Plate4,{experiment}/Plate{plate}/{well}_s{site}_w{channel}.png,images
HEPG2-03_4_J08,HEPG2-03,4,J08,sirna_755,HEPG2,1,images/HEPG2-03/Plate4,{experiment}/Plate{plate}/{well}_s{site}_w{channel}.png,images
HEPG2-03_4_J09,HEPG2-03,4,J09,sirna_132,HEPG2,1,images/HEPG2-03/Plate4,{experiment}/Plate{plate}/{well}_s{site}_w{channel}.png,images
HEPG2-03_4_J10,HEPG2-03,4,J10,sirna_1002,HEPG2,1,images/HEPG2-03/Plate4,{experiment}/Plate{plate}/{well}_s{site}_w{channel}.png,images
HEPG2-03_4_J12,HEPG2-03,4,J12,sirna_283,HEPG2,1,images/HEPG2-03/Plate4,{experiment}/Plate{plate}/{well}_s{site}_w{channel}.png,images
HEPG2-03_4_J13,HEPG2-03,4,J13,sirna_442,HEPG2,1,images/HEPG2-03/Plate4,{experiment}/Plate{plate}/{well}_s{site}_w{channel}.png,images
HEPG2-03_4_J14,HEPG2-03,4,J14,sirna_546,HEPG2,1,images/HEPG2-03/Plate4,{experiment}/Plate{plate}/{well}_s{site}_w{channel}.png,images
HEPG2-03_4_J16,HEPG2-03,4,J16,sirna_1099,HEPG2,1,images/HEPG2-03/Plate4,{experiment}/Plate{plate}/{well}_s{site}_w{channel}.png,images
HEPG2-03_4_J17,HEPG2-03,4,J17,sirna_433,HEPG2,1,images/HEPG2-03/Plate4,{experiment}/Plate{plate}/{well}_s{site}_w{channel}.png,images
HEPG2-03_4_J18,HEPG2-03,4,J18,sirna_984,HEPG2,1,images/HEPG2-03/Plate4,{experiment}/Plate{plate}/{well}_s{site}_w{channel}.png,images
HEPG2-03_4_J20,HEPG2-03,4,J20,sirna_137,HEPG2,1,images/HEPG2-03/Plate4,{experiment}/Plate{plate}/{well}_s{site}_w{channel}.png,images
HEPG2-03_4_J21,HEPG2-03,4,J21,sirna_168,HEPG2,1,images/HEPG2-03/Plate4,{experiment}/Plate{plate}/{well}_s{site}_w{channel}.png,images
HEPG2-03_4_J23,HEPG2-03,4,J23,sirna_1103,HEPG2,1,images/HEPG2-03/Plate4,{experiment}/Plate{plate}/{well}_s{site}_w{channel}.png,images
HEPG2-03_4_K02,HEPG2-03,4,K02,sirna_363,HEPG2,1,images/HEPG2-03/Plate4,{experiment}/Plate{plate}/{well}_s{site}_w{channel}.png,images
HEPG2-03_4_K03,HEPG2-03,4,K03,sirna_133,HEPG2,1,images/HEPG2-03/Plate4,{experiment}/Plate{plate}/{well}_s{site}_w{channel}.png,images
HEPG2-03_4_K04,HEPG2-03,4,K04,sirna_704,HEPG2,1,images/HEPG2-03/Plate4,{experiment}/Plate{plate}/{well}_s{site}_w{channel}.png,images
HEPG2-03_4_K05,HEPG2-03,4,K05,sirna_637,HEPG2,1,images/HEPG2-03/Plate4,{experiment}/Plate{plate}/{well}_s{site}_w{channel}.png,images
HEPG2-03_4_K06,HEPG2-03,4,K06,sirna_911,HEPG2,1,images/HEPG2-03/Plate4,{experiment}/Plate{plate}/{well}_s{site}_w{channel}.png,images
HEPG2-03_4_K07,HEPG2-03,4,K07,sirna_629,HEPG2,1,images/HEPG2-03/Plate4,{experiment}/Plate{plate}/{well}_s{site}_w{channel}.png,images
HEPG2-03_4_K08,HEPG2-03,4,K08,sirna_366,HEPG2,1,images/HEPG2-03/Plate4,{experiment}/Plate{plate}/{well}_s{site}_w{channel}.png,images
HEPG2-03_4_K09,HEPG2-03,4,K09,sirna_614,HEPG2,1,images/HEPG2-03/Plate4,{experiment}/Plate{plate}/{well}_s{site}_w{channel}.png,images
HEPG2-03_4_K10,HEPG2-03,4,K10,sirna_194,HEPG2,1,images/HEPG2-03/Plate4,{experiment}/Plate{plate}/{well}_s{site}_w{channel}.png,images
HEPG2-03_4_K11,HEPG2-03,4,K11,sirna_945,HEPG2,1,images/HEPG2-03/Plate4,{experiment}/Plate{plate}/{well}_s{site}_w{channel}.png,images
HEPG2-03_4_K12,HEPG2-03,4,K12,sirna_706,HEPG2,1,images/HEPG2-03/Plate4,{experiment}/Plate{plate}/{well}_s{site}_w{channel}.png,images
HEPG2-03_4_K13,HEPG2-03,4,K13,sirna_896,HEPG2,1,images/HEPG2-03/Plate4,{experiment}/Plate{plate}/{well}_s{site}_w{channel}.png,images
HEPG2-03_4_K14,HEPG2-03,4,K14,sirna_424,HEPG2,1,images/HEPG2-03/Plate4,{experiment}/Plate{plate}/{well}_s{site}_w{channel}.png,images
HEPG2-03_4_K15,HEPG2-03,4,K15,sirna_125,HEPG2,1,images/HEPG2-03/Plate4,{experiment}/Plate{plate}/{well}_s{site}_w{channel}.png,images
HEPG2-03_4_K16,HEPG2-03,4,K16,sirna_713,HEPG2,1,images/HEPG2-03/Plate4,{experiment}/Plate{plate}/{well}_s{site}_w{channel}.png,images
HEPG2-03_4_K17,HEPG2-03,4,K17,sirna_244,HEPG2,1,images/HEPG2-03/Plate4,{experiment}/Plate{plate}/{well}_s{site}_w{channel}.png,images
HEPG2-03_4_K18,HEPG2-03,4,K18,sirna_386,HEPG2,1,images/HEPG2-03/Plate4,{experiment}/Plate{plate}/{well}_s{site}_w{channel}.png,images
HEPG2-03_4_K19,HEPG2-03,4,K19,sirna_460,HEPG2,1,images/HEPG2-03/Plate4,{experiment}/Plate{plate}/{well}_s{site}_w{channel}.png,images
HEPG2-03_4_K20,HEPG2-03,4,K20,sirna_12,HEPG2,1,images/HEPG2-03/Plate4,{experiment}/Plate{plate}/{well}_s{site}_w{channel}.png,images
HEPG2-03_4_K21,HEPG2-03,4,K21,sirna_329,HEPG2,1,images/HEPG2-03/Plate4,{experiment}/Plate{plate}/{well}_s{site}_w{channel}.png,images
HEPG2-03_4_K22,HEPG2-03,4,K22,sirna_353,HEPG2,1,images/HEPG2-03/Plate4,{experiment}/Plate{plate}/{well}_s{site}_w{channel}.png,images
HEPG2-03_4_K23,HEPG2-03,4,K23,sirna_798,HEPG2,1,images/HEPG2-03/Plate4,{experiment}/Plate{plate}/{well}_s{site}_w{channel}.png,images
HEPG2-03_4_L02,HEPG2-03,4,L02,sirna_431,HEPG2,1,images/HEPG2-03/Plate4,{experiment}/Plate{plate}/{well}_s{site}_w{channel}.png,images
HEPG2-03_4_L03,HEPG2-03,4,L03,sirna_228,HEPG2,1,images/HEPG2-03/Plate4,{experiment}/Plate{plate}/{well}_s{site}_w{channel}.png,images
HEPG2-03_4_L04,HEPG2-03,4,L04,sirna_566,HEPG2,1,images/HEPG2-03/Plate4,{experiment}/Plate{plate}/{well}_s{site}_w{channel}.png,images
HEPG2-03_4_L05,HEPG2-03,4,L05,sirna_897,HEPG2,1,images/HEPG2-03/Plate4,{experiment}/Plate{plate}/{well}_s{site}_w{channel}.png,images
HEPG2-03_4_L06,HEPG2-03,4,L06,sirna_1023,HEPG2,1,images/HEPG2-03/Plate4,{experiment}/Plate{plate}/{well}_s{site}_w{channel}.png,images
HEPG2-03_4_L07,HEPG2-03,4,L07,sirna_1071,HEPG2,1,images/HEPG2-03/Plate4,{experiment}/Plate{plate}/{well}_s{site}_w{channel}.png,images
HEPG2-03_4_L08,HEPG2-03,4,L08,sirna_591,HEPG2,1,images/HEPG2-03/Plate4,{experiment}/Plate{plate}/{well}_s{site}_w{channel}.png,images
HEPG2-03_4_L09,HEPG2-03,4,L09,sirna_417,HEPG2,1,images/HEPG2-03/Plate4,{experiment}/Plate{plate}/{well}_s{site}_w{channel}.png,images
HEPG2-03_4_L10,HEPG2-03,4,L10,sirna_1113,HEPG2,1,images/HEPG2-03/Plate4,{experiment}/Plate{plate}/{well}_s{site}_w{channel}.png,images
HEPG2-03_4_L11,HEPG2-03,4,L11,sirna_604,HEPG2,1,images/HEPG2-03/Plate4,{experiment}/Plate{plate}/{well}_s{site}_w{channel}.png,images
HEPG2-03_4_L12,HEPG2-03,4,L12,sirna_590,HEPG2,1,images/HEPG2-03/Plate4,{experiment}/Plate{plate}/{well}_s{site}_w{channel}.png,images
HEPG2-03_4_L13,HEPG2-03,4,L13,sirna_938,HEPG2,1,images/HEPG2-03/Plate4,{experiment}/Plate{plate}/{well}_s{site}_w{channel}.png,images
HEPG2-03_4_L14,HEPG2-03,4,L14,sirna_1040,HEPG2,1,images/HEPG2-03/Plate4,{experiment}/Plate{plate}/{well}_s{site}_w{channel}.png,images
HEPG2-03_4_L15,HEPG2-03,4,L15,sirna_489,HEPG2,1,images/HEPG2-03/Plate4,{experiment}/Plate{plate}/{well}_s{site}_w{channel}.png,images
HEPG2-03_4_L16,HEPG2-03,4,L16,sirna_1120,HEPG2,1,images/HEPG2-03/Plate4,{experiment}/Plate{plate}/{well}_s{site}_w{channel}.png,images
HEPG2-03_4_L17,HEPG2-03,4,L17,sirna_525,HEPG2,1,images/HEPG2-03/Plate4,{experiment}/Plate{plate}/{well}_s{site}_w{channel}.png,images
HEPG2-03_4_L18,HEPG2-03,4,L18,sirna_675,HEPG2,1,images/HEPG2-03/Plate4,{experiment}/Plate{plate}/{well}_s{site}_w{channel}.png,images
HEPG2-03_4_L19,HEPG2-03,4,L19,sirna_692,HEPG2,1,images/HEPG2-03/Plate4,{experiment}/Plate{plate}/{well}_s{site}_w{channel}.png,images
HEPG2-03_4_L20,HEPG2-03,4,L20,sirna_807,HEPG2,1,images/HEPG2-03/Plate4,{experiment}/Plate{plate}/{well}_s{site}_w{channel}.png,images
HEPG2-03_4_L21,HEPG2-03,4,L21,sirna_549,HEPG2,1,images/HEPG2-03/Plate4,{experiment}/Plate{plate}/{well}_s{site}_w{channel}.png,images
HEPG2-03_4_L22,HEPG2-03,4,L22,sirna_761,HEPG2,1,images/HEPG2-03/Plate4,{experiment}/Plate{plate}/{well}_s{site}_w{channel}.png,images
HEPG2-03_4_L23,HEPG2-03,4,L23,sirna_211,HEPG2,1,images/HEPG2-03/Plate4,{experiment}/Plate{plate}/{well}_s{site}_w{channel}.png,images
HEPG2-03_4_M02,HEPG2-03,4,M02,sirna_568,HEPG2,1,images/HEPG2-03/Plate4,{experiment}/Plate{plate}/{well}_s{site}_w{channel}.png,images
HEPG2-03_4_M04,HEPG2-03,4,M04,sirna_388,HEPG2,1,images/HEPG2-03/Plate4,{experiment}/Plate{plate}/{well}_s{site}_w{channel}.png,images
HEPG2-03_4_M05,HEPG2-03,4,M05,sirna_266,HEPG2,1,images/HEPG2-03/Plate4,{experiment}/Plate{plate}/{well}_s{site}_w{channel}.png,images
HEPG2-03_4_M06,HEPG2-03,4,M06,sirna_1128,HEPG2,1,images/HEPG2-03/Plate4,{experiment}/Plate{plate}/{well}_s{site}_w{channel}.png,images
HEPG2-03_4_M08,HEPG2-03,4,M08,sirna_532,HEPG2,1,images/HEPG2-03/Plate4,{experiment}/Plate{plate}/{well}_s{site}_w{channel}.png,images
HEPG2-03_4_M09,HEPG2-03,4,M09,sirna_451,HEPG2,1,images/HEPG2-03/Plate4,{experiment}/Plate{plate}/{well}_s{site}_w{channel}.png,images
HEPG2-03_4_M10,HEPG2-03,4,M10,sirna_940,HEPG2,1,images/HEPG2-03/Plate4,{experiment}/Plate{plate}/{well}_s{site}_w{channel}.png,images
HEPG2-03_4_M12,HEPG2-03,4,M12,sirna_172,HEPG2,1,images/HEPG2-03/Plate4,{experiment}/Plate{plate}/{well}_s{site}_w{channel}.png,images
HEPG2-03_4_M13,HEPG2-03,4,M13,sirna_1108,HEPG2,1,images/HEPG2-03/Plate4,{experiment}/Plate{plate}/{well}_s{site}_w{channel}.png,images
HEPG2-03_4_M14,HEPG2-03,4,M14,sirna_632,HEPG2,1,images/HEPG2-03/Plate4,{experiment}/Plate{plate}/{well}_s{site}_w{channel}.png,images
HEPG2-03_4_M16,HEPG2-03,4,M16,sirna_221,HEPG2,1,images/HEPG2-03/Plate4,{experiment}/Plate{plate}/{well}_s{site}_w{channel}.png,images
HEPG2-03_4_M17,HEPG2-03,4,M17,sirna_564,HEPG2,1,images/HEPG2-03/Plate4,{experiment}/Plate{plate}/{well}_s{site}_w{channel}.png,images
HEPG2-03_4_M18,HEPG2-03,4,M18,sirna_260,HEPG2,1,images/HEPG2-03/Plate4,{experiment}/Plate{plate}/{well}_s{site}_w{channel}.png,images
HEPG2-03_4_M20,HEPG2-03,4,M20,sirna_963,HEPG2,1,images/HEPG2-03/Plate4,{experiment}/Plate{plate}/{well}_s{site}_w{channel}.png,images
HEPG2-03_4_M21,HEPG2-03,4,M21,sirna_791,HEPG2,1,images/HEPG2-03/Plate4,{experiment}/Plate{plate}/{well}_s{site}_w{channel}.png,images
HEPG2-03_4_M23,HEPG2-03,4,M23,sirna_333,HEPG2,1,images/HEPG2-03/Plate4,{experiment}/Plate{plate}/{well}_s{site}_w{channel}.png,images
HEPG2-03_4_N02,HEPG2-03,4,N02,sirna_738,HEPG2,1,images/HEPG2-03/Plate4,{experiment}/Plate{plate}/{well}_s{site}_w{channel}.png,images
HEPG2-03_4_N03,HEPG2-03,4,N03,sirna_658,HEPG2,1,images/HEPG2-03/Plate4,{experiment}/Plate{plate}/{well}_s{site}_w{channel}.png,images
HEPG2-03_4_N04,HEPG2-03,4,N04,sirna_743,HEPG2,1,images/HEPG2-03/Plate4,{experiment}/Plate{plate}/{well}_s{site}_w{channel}.png,images
HEPG2-03_4_N05,HEPG2-03,4,N05,sirna_1000,HEPG2,1,images/HEPG2-03/Plate4,{experiment}/Plate{plate}/{well}_s{site}_w{channel}.png,images
HEPG2-03_4_N06,HEPG2-03,4,N06,sirna_330,HEPG2,1,images/HEPG2-03/Plate4,{experiment}/Plate{plate}/{well}_s{site}_w{channel}.png,images
HEPG2-03_4_N07,HEPG2-03,4,N07,sirna_1007,HEPG2,1,images/HEPG2-03/Plate4,{experiment}/Plate{plate}/{well}_s{site}_w{channel}.png,images
HEPG2-03_4_N08,HEPG2-03,4,N08,sirna_299,HEPG2,1,images/HEPG2-03/Plate4,{experiment}/Plate{plate}/{well}_s{site}_w{channel}.png,images
HEPG2-03_4_N09,HEPG2-03,4,N09,sirna_826,HEPG2,1,images/HEPG2-03/Plate4,{experiment}/Plate{plate}/{well}_s{site}_w{channel}.png,images
HEPG2-03_4_N10,HEPG2-03,4,N10,sirna_114,HEPG2,1,images/HEPG2-03/Plate4,{experiment}/Plate{plate}/{well}_s{site}_w{channel}.png,images
HEPG2-03_4_N11,HEPG2-03,4,N11,sirna_162,HEPG2,1,images/HEPG2-03/Plate4,{experiment}/Plate{plate}/{well}_s{site}_w{channel}.png,images
HEPG2-03_4_N12,HEPG2-03,4,N12,sirna_686,HEPG2,1,images/HEPG2-03/Plate4,{experiment}/Plate{plate}/{well}_s{site}_w{channel}.png,images
HEPG2-03_4_N13,HEPG2-03,4,N13,sirna_29,HEPG2,1,images/HEPG2-03/Plate4,{experiment}/Plate{plate}/{well}_s{site}_w{channel}.png,images
HEPG2-03_4_N14,HEPG2-03,4,N14,sirna_477,HEPG2,1,images/HEPG2-03/Plate4,{experiment}/Plate{plate}/{well}_s{site}_w{channel}.png,images
HEPG2-03_4_N15,HEPG2-03,4,N15,sirna_176,HEPG2,1,images/HEPG2-03/Plate4,{experiment}/Plate{plate}/{well}_s{site}_w{channel}.png,images
HEPG2-03_4_N16,HEPG2-03,4,N16,sirna_901,HEPG2,1,images/HEPG2-03/Plate4,{experiment}/Plate{plate}/{well}_s{site}_w{channel}.png,images
HEPG2-03_4_N17,HEPG2-03,4,N17,sirna_710,HEPG2,1,images/HEPG2-03/Plate4,{experiment}/Plate{plate}/{well}_s{site}_w{channel}.png,images
HEPG2-03_4_N18,HEPG2-03,4,N18,sirna_150,HEPG2,1,images/HEPG2-03/Plate4,{experiment}/Plate{plate}/{well}_s{site}_w{channel}.png,images
HEPG2-03_4_N19,HEPG2-03,4,N19,sirna_1072,HEPG2,1,images/HEPG2-03/Plate4,{experiment}/Plate{plate}/{well}_s{site}_w{channel}.png,images
HEPG2-03_4_N20,HEPG2-03,4,N20,sirna_982,HEPG2,1,images/HEPG2-03/Plate4,{experiment}/Plate{plate}/{well}_s{site}_w{channel}.png,images
HEPG2-03_4_N21,HEPG2-03,4,N21,sirna_143,HEPG2,1,images/HEPG2-03/Plate4,{experiment}/Plate{plate}/{well}_s{site}_w{channel}.png,images
HEPG2-03_4_N22,HEPG2-03,4,N22,sirna_98,HEPG2,1,images/HEPG2-03/Plate4,{experiment}/Plate{plate}/{well}_s{site}_w{channel}.png,images
HEPG2-03_4_N23,HEPG2-03,4,N23,sirna_277,HEPG2,1,images/HEPG2-03/Plate4,{experiment}/Plate{plate}/{well}_s{site}_w{channel}.png,images
HEPG2-03_4_O02,HEPG2-03,4,O02,sirna_949,HEPG2,1,images/HEPG2-03/Plate4,{experiment}/Plate{plate}/{well}_s{site}_w{channel}.png,images
HEPG2-03_4_O03,HEPG2-03,4,O03,sirna_396,HEPG2,1,images/HEPG2-03/Plate4,{experiment}/Plate{plate}/{well}_s{site}_w{channel}.png,images
HEPG2-03_4_O04,HEPG2-03,4,O04,sirna_420,HEPG2,1,images/HEPG2-03/Plate4,{experiment}/Plate{plate}/{well}_s{site}_w{channel}.png,images
HEPG2-03_4_O05,HEPG2-03,4,O05,sirna_541,HEPG2,1,images/HEPG2-03/Plate4,{experiment}/Plate{plate}/{well}_s{site}_w{channel}.png,images
HEPG2-03_4_O06,HEPG2-03,4,O06,sirna_1091,HEPG2,1,images/HEPG2-03/Plate4,{experiment}/Plate{plate}/{well}_s{site}_w{channel}.png,images
HEPG2-03_4_O07,HEPG2-03,4,O07,sirna_373,HEPG2,1,images/HEPG2-03/Plate4,{experiment}/Plate{plate}/{well}_s{site}_w{channel}.png,images
HEPG2-03_4_O08,HEPG2-03,4,O08,sirna_533,HEPG2,1,images/HEPG2-03/Plate4,{experiment}/Plate{plate}/{well}_s{site}_w{channel}.png,images
HEPG2-03_4_O09,HEPG2-03,4,O09,sirna_582,HEPG2,1,images/HEPG2-03/Plate4,{experiment}/Plate{plate}/{well}_s{site}_w{channel}.png,images
HEPG2-03_4_O10,HEPG2-03,4,O10,sirna_592,HEPG2,1,images/HEPG2-03/Plate4,{experiment}/Plate{plate}/{well}_s{site}_w{channel}.png,images
HEPG2-03_4_O11,HEPG2-03,4,O11,sirna_212,HEPG2,1,images/HEPG2-03/Plate4,{experiment}/Plate{plate}/{well}_s{site}_w{channel}.png,images
HEPG2-03_4_O12,HEPG2-03,4,O12,sirna_152,HEPG2,1,images/HEPG2-03/Plate4,{experiment}/Plate{plate}/{well}_s{site}_w{channel}.png,images
HEPG2-03_4_O13,HEPG2-03,4,O13,sirna_719,HEPG2,1,images/HEPG2-03/Plate4,{experiment}/Plate{plate}/{well}_s{site}_w{channel}.png,images
HEPG2-03_4_O14,HEPG2-03,4,O14,sirna_1026,HEPG2,1,images/HEPG2-03/Plate4,{experiment}/Plate{plate}/{well}_s{site}_w{channel}.png,images
HEPG2-03_4_O15,HEPG2-03,4,O15,sirna_975,HEPG2,1,images/HEPG2-03/Plate4,{experiment}/Plate{plate}/{well}_s{site}_w{channel}.png,images
HEPG2-03_4_O16,HEPG2-03,4,O16,sirna_1001,HEPG2,1,images/HEPG2-03/Plate4,{experiment}/Plate{plate}/{well}_s{site}_w{channel}.png,images
HEPG2-03_4_O17,HEPG2-03,4,O17,sirna_294,HEPG2,1,images/HEPG2-03/Plate4,{experiment}/Plate{plate}/{well}_s{site}_w{channel}.png,images
HEPG2-03_4_O18,HEPG2-03,4,O18,sirna_957,HEPG2,1,images/HEPG2-03/Plate4,{experiment}/Plate{plate}/{well}_s{site}_w{channel}.png,images
HEPG2-03_4_O19,HEPG2-03,4,O19,sirna_507,HEPG2,1,images/HEPG2-03/Plate4,{experiment}/Plate{plate}/{well}_s{site}_w{channel}.png,images
HEPG2-03_4_O20,HEPG2-03,4,O20,sirna_258,HEPG2,1,images/HEPG2-03/Plate4,{experiment}/Plate{plate}/{well}_s{site}_w{channel}.png,images
HEPG2-03_4_O21,HEPG2-03,4,O21,sirna_633,HEPG2,1,images/HEPG2-03/Plate4,{experiment}/Plate{plate}/{well}_s{site}_w{channel}.png,images
HEPG2-03_4_O22,HEPG2-03,4,O22,sirna_1018,HEPG2,1,images/HEPG2-03/Plate4,{experiment}/Plate{plate}/{well}_s{site}_w{channel}.png,images
HEPG2-03_4_O23,HEPG2-03,4,O23,sirna_869,HEPG2,1,images/HEPG2-03/Plate4,{experiment}/Plate{plate}/{well}_s{site}_w{channel}.png,images
HUVEC-01_1_B03,HUVEC-01,1,B03,sirna_403,HUVEC,1,images/HUVEC-01/Plate1,{experiment}/Plate{plate}/{well}_s{site}_w{channel}.png,images
HUVEC-01_1_B04,HUVEC-01,1,B04,sirna_348,HUVEC,1,images/HUVEC-01/Plate1,{experiment}/Plate{plate}/{well}_s{site}_w{channel}.png,images
HUVEC-01_1_B05,HUVEC-01,1,B05,sirna_678,HUVEC,1,images/HUVEC-01/Plate1,{experiment}/Plate{plate}/{well}_s{site}_w{channel}.png,images
HUVEC-01_1_B06,HUVEC-01,1,B06,sirna_39,HUVEC,1,images/HUVEC-01/Plate1,{experiment}/Plate{plate}/{well}_s{site}_w{channel}.png,images
HUVEC-01_1_B07,HUVEC-01,1,B07,sirna_355,HUVEC,1,images/HUVEC-01/Plate1,{experiment}/Plate{plate}/{well}_s{site}_w{channel}.png,images
HUVEC-01_1_B08,HUVEC-01,1,B08,sirna_134,HUVEC,1,images/HUVEC-01/Plate1,{experiment}/Plate{plate}/{well}_s{site}_w{channel}.png,images
HUVEC-01_1_B09,HUVEC-01,1,B09,sirna_1047,HUVEC,1,images/HUVEC-01/Plate1,{experiment}/Plate{plate}/{well}_s{site}_w{channel}.png,images
HUVEC-01_1_B10,HUVEC-01,1,B10,sirna_602,HUVEC,1,images/HUVEC-01/Plate1,{experiment}/Plate{plate}/{well}_s{site}_w{channel}.png,images
HUVEC-01_1_B11,HUVEC-01,1,B11,sirna_670,HUVEC,1,images/HUVEC-01/Plate1,{experiment}/Plate{plate}/{well}_s{site}_w{channel}.png,images
HUVEC-01_1_B12,HUVEC-01,1,B12,sirna_606,HUVEC,1,images/HUVEC-01/Plate1,{experiment}/Plate{plate}/{well}_s{site}_w{channel}.png,images
HUVEC-01_1_B13,HUVEC-01,1,B13,sirna_419,HUVEC,1,images/HUVEC-01/Plate1,{experiment}/Plate{plate}/{well}_s{site}_w{channel}.png,images
HUVEC-01_1_B14,HUVEC-01,1,B14,sirna_1085,HUVEC,1,images/HUVEC-01/Plate1,{experiment}/Plate{plate}/{well}_s{site}_w{channel}.png,images
HUVEC-01_1_B15,HUVEC-01,1,B15,sirna_777,HUVEC,1,images/HUVEC-01/Plate1,{experiment}/Plate{plate}/{well}_s{site}_w{channel}.png,images
HUVEC-01_1_B16,HUVEC-01,1,B16,sirna_1116,HUVEC,1,images/HUVEC-01/Plate1,{experiment}/Plate{plate}/{well}_s{site}_w{channel}.png,images
HUVEC-01_1_B17,HUVEC-01,1,B17,sirna_800,HUVEC,1,images/HUVEC-01/Plate1,{experiment}/Plate{plate}/{well}_s{site}_w{channel}.png,images
HUVEC-01_1_B18,HUVEC-01,1,B18,sirna_189,HUVEC,1,images/HUVEC-01/Plate1,{experiment}/Plate{plate}/{well}_s{site}_w{channel}.png,images
HUVEC-01_1_B19,HUVEC-01,1,B19,sirna_402,HUVEC,1,images/HUVEC-01/Plate1,{experiment}/Plate{plate}/{well}_s{site}_w{channel}.png,images
HUVEC-01_1_B20,HUVEC-01,1,B20,sirna_615,HUVEC,1,images/HUVEC-01/Plate1,{experiment}/Plate{plate}/{well}_s{site}_w{channel}.png,images
HUVEC-01_1_B21,HUVEC-01,1,B21,sirna_215,HUVEC,1,images/HUVEC-01/Plate1,{experiment}/Plate{plate}/{well}_s{site}_w{channel}.png,images
HUVEC-01_1_B22,HUVEC-01,1,B22,sirna_959,HUVEC,1,images/HUVEC-01/Plate1,{experiment}/Plate{plate}/{well}_s{site}_w{channel}.png,images
HUVEC-01_1_B23,HUVEC-01,1,B23,sirna_631,HUVEC,1,images/HUVEC-01/Plate1,{experiment}/Plate{plate}/{well}_s{site}_w{channel}.png,images
HUVEC-01_1_C02,HUVEC-01,1,C02,sirna_232,HUVEC,1,images/HUVEC-01/Plate1,{experiment}/Plate{plate}/{well}_s{site}_w{channel}.png,images
HUVEC-01_1_C04,HUVEC-01,1,C04,sirna_983,HUVEC,1,images/HUVEC-01/Plate1,{experiment}/Plate{plate}/{well}_s{site}_w{channel}.png,images
HUVEC-01_1_C05,HUVEC-01,1,C05,sirna_928,HUVEC,1,images/HUVEC-01/Plate1,{experiment}/Plate{plate}/{well}_s{site}_w{channel}.png,images
HUVEC-01_1_C06,HUVEC-01,1,C06,sirna_311,HUVEC,1,images/HUVEC-01/Plate1,{experiment}/Plate{plate}/{well}_s{site}_w{channel}.png,images
HUVEC-01_1_C08,HUVEC-01,1,C08,sirna_574,HUVEC,1,images/HUVEC-01/Plate1,{experiment}/Plate{plate}/{well}_s{site}_w{channel}.png,images
HUVEC-01_1_C09,HUVEC-01,1,C09,sirna_213,HUVEC,1,images/HUVEC-01/Plate1,{experiment}/Plate{plate}/{well}_s{site}_w{channel}.png,images
HUVEC-01_1_C10,HUVEC-01,1,C10,sirna_544,HUVEC,1,images/HUVEC-01/Plate1,{experiment}/Plate{plate}/{well}_s{site}_w{channel}.png,images
HUVEC-01_1_C12,HUVEC-01,1,C12,sirna_375,HUVEC,1,images/HUVEC-01/Plate1,{experiment}/Plate{plate}/{well}_s{site}_w{channel}.png,images
HUVEC-01_1_C13,HUVEC-01,1,C13,sirna_99,HUVEC,1,images/HUVEC-01/Plate1,{experiment}/Plate{plate}/{well}_s{site}_w{channel}.png,images
HUVEC-01_1_C14,HUVEC-01,1,C14,sirna_910,HUVEC,1,images/HUVEC-01/Plate1,{experiment}/Plate{plate}/{well}_s{site}_w{channel}.png,images
HUVEC-01_1_C16,HUVEC-01,1,C16,sirna_779,HUVEC,1,images/HUVEC-01/Plate1,{experiment}/Plate{plate}/{well}_s{site}_w{channel}.png,images
HUVEC-01_1_C17,HUVEC-01,1,C17,sirna_23,HUVEC,1,images/HUVEC-01/Plate1,{experiment}/Plate{plate}/{well}_s{site}_w{channel}.png,images
HUVEC-01_1_C18,HUVEC-01,1,C18,sirna_385,HUVEC,1,images/HUVEC-01/Plate1,{experiment}/Plate{plate}/{well}_s{site}_w{channel}.png,images
HUVEC-01_1_C20,HUVEC-01,1,C20,sirna_241,HUVEC,1,images/HUVEC-01/Plate1,{experiment}/Plate{plate}/{well}_s{site}_w{channel}.png,images
HUVEC-01_1_C21,HUVEC-01,1,C21,sirna_282,HUVEC,1,images/HUVEC-01/Plate1,{experiment}/Plate{plate}/{well}_s{site}_w{channel}.png,images
HUVEC-01_1_C23,HUVEC-01,1,C23,sirna_58,HUVEC,1,images/HUVEC-01/Plate1,{experiment}/Plate{plate}/{well}_s{site}_w{channel}.png,images
HUVEC-01_1_D02,HUVEC-01,1,D02,sirna_521,HUVEC,1,images/HUVEC-01/Plate1,{experiment}/Plate{plate}/{well}_s{site}_w{channel}.png,images
HUVEC-01_1_D03,HUVEC-01,1,D03,sirna_1078,HUVEC,1,images/HUVEC-01/Plate1,{experiment}/Plate{plate}/{well}_s{site}_w{channel}.png,images
HUVEC-01_1_D04,HUVEC-01,1,D04,sirna_720,HUVEC,1,images/HUVEC-01/Plate1,{experiment}/Plate{plate}/{well}_s{site}_w{channel}.png,images
HUVEC-01_1_D05,HUVEC-01,1,D05,sirna_465,HUVEC,1,images/HUVEC-01/Plate1,{experiment}/Plate{plate}/{well}_s{site}_w{channel}.png,images
HUVEC-01_1_D06,HUVEC-01,1,D06,sirna_95,HUVEC,1,images/HUVEC-01/Plate1,{experiment}/Plate{plate}/{well}_s{site}_w{channel}.png,images
HUVEC-01_1_D07,HUVEC-01,1,D07,sirna_872,HUVEC,1,images/HUVEC-01/Plate1,{experiment}/Plate{plate}/{well}_s{site}_w{channel}.png,images
HUVEC-01_1_D08,HUVEC-01,1,D08,sirna_919,HUVEC,1,images/HUVEC-01/Plate1,{experiment}/Plate{plate}/{well}_s{site}_w{channel}.png,images
HUVEC-01_1_D09,HUVEC-01,1,D09,sirna_942,HUVEC,1,images/HUVEC-01/Plate1,{experiment}/Plate{plate}/{well}_s{site}_w{channel}.png,images
HUVEC-01_1_D10,HUVEC-01,1,D10,sirna_13,HUVEC,1,images/HUVEC-01/Plate1,{experiment}/Plate{plate}/{well}_s{site}_w{channel}.png,images
HUVEC-01_1_D11,HUVEC-01,1,D11,sirna_527,HUVEC,1,images/HUVEC-01/Plate1,{experiment}/Plate{plate}/{well}_s{site}_w{channel}.png,images
HUVEC-01_1_D12,HUVEC-01,1,D12,sirna_1102,HUVEC,1,images/HUVEC-01/Plate1,{experiment}/Plate{plate}/{well}_s{site}_w{channel}.png,images
HUVEC-01_1_D13,HUVEC-01,1,D13,sirna_478,HUVEC,1,images/HUVEC-01/Plate1,{experiment}/Plate{plate}/{well}_s{site}_w{channel}.png,images
HUVEC-01_1_D14,HUVEC-01,1,D14,sirna_464,HUVEC,1,images/HUVEC-01/Plate1,{experiment}/Plate{plate}/{well}_s{site}_w{channel}.png,images
HUVEC-01_1_D15,HUVEC-01,1,D15,sirna_334,HUVEC,1,images/HUVEC-01/Plate1,{experiment}/Plate{plate}/{well}_s{site}_w{channel}.png,images
HUVEC-01_1_D16,HUVEC-01,1,D16,sirna_624,HUVEC,1,images/HUVEC-01/Plate1,{experiment}/Plate{plate}/{well}_s{site}_w{channel}.png,images
HUVEC-01_1_D17,HUVEC-01,1,D17,sirna_234,HUVEC,1,images/HUVEC-01/Plate1,{experiment}/Plate{plate}/{well}_s{site}_w{channel}.png,images
HUVEC-01_1_D18,HUVEC-01,1,D18,sirna_1035,HUVEC,1,images/HUVEC-01/Plate1,{experiment}/Plate{plate}/{well}_s{site}_w{channel}.png,images
HUVEC-01_1_D19,HUVEC-01,1,D19,sirna_996,HUVEC,1,images/HUVEC-01/Plate1,{experiment}/Plate{plate}/{well}_s{site}_w{channel}.png,images
HUVEC-01_1_D20,HUVEC-01,1,D20,sirna_893,HUVEC,1,images/HUVEC-01/Plate1,{experiment}/Plate{plate}/{well}_s{site}_w{channel}.png,images
HUVEC-01_1_D21,HUVEC-01,1,D21,sirna_553,HUVEC,1,images/HUVEC-01/Plate1,{experiment}/Plate{plate}/{well}_s{site}_w{channel}.png,images
HUVEC-01_1_D22,HUVEC-01,1,D22,sirna_427,HUVEC,1,images/HUVEC-01/Plate1,{experiment}/Plate{plate}/{well}_s{site}_w{channel}.png,images
HUVEC-01_1_D23,HUVEC-01,1,D23,sirna_930,HUVEC,1,images/HUVEC-01/Plate1,{experiment}/Plate{plate}/{well}_s{site}_w{channel}.png,images
HUVEC-01_1_E02,HUVEC-01,1,E02,sirna_978,HUVEC,1,images/HUVEC-01/Plate1,{experiment}/Plate{plate}/{well}_s{site}_w{channel}.png,images
HUVEC-01_1_E03,HUVEC-01,1,E03,sirna_1123,HUVEC,1,images/HUVEC-01/Plate1,{experiment}/Plate{plate}/{well}_s{site}_w{channel}.png,images
HUVEC-01_1_E04,HUVEC-01,1,E04,sirna_659,HUVEC,1,images/HUVEC-01/Plate1,{experiment}/Plate{plate}/{well}_s{site}_w{channel}.png,images
HUVEC-01_1_E05,HUVEC-01,1,E05,sirna_254,HUVEC,1,images/HUVEC-01/Plate1,{experiment}/Plate{plate}/{well}_s{site}_w{channel}.png,images
HUVEC-01_1_E06,HUVEC-01,1,E06,sirna_837,HUVEC,1,images/HUVEC-01/Plate1,{experiment}/Plate{plate}/{well}_s{site}_w{channel}.png,images
HUVEC-01_1_E07,HUVEC-01,1,E07,sirna_997,HUVEC,1,images/HUVEC-01/Plate1,{experiment}/Plate{plate}/{well}_s{site}_w{channel}.png,images
HUVEC-01_1_E08,HUVEC-01,1,E08,sirna_180,HUVEC,1,images/HUVEC-01/Plate1,{experiment}/Plate{plate}/{well}_s{site}_w{channel}.png,images
HUVEC-01_1_E09,HUVEC-01,1,E09,sirna_191,HUVEC,1,images/HUVEC-01/Plate1,{experiment}/Plate{plate}/{well}_s{site}_w{channel}.png,images
HUVEC-01_1_E10,HUVEC-01,1,E10,sirna_449,HUVEC,1,images/HUVEC-01/Plate1,{experiment}/Plate{plate}/{well}_s{site}_w{channel}.png,images
HUVEC-01_1_E11,HUVEC-01,1,E11,sirna_839,HUVEC,1,images/HUVEC-01/Plate1,{experiment}/Plate{plate}/{well}_s{site}_w{channel}.png,images
HUVEC-01_1_E12,HUVEC-01,1,E12,sirna_279,HUVEC,1,images/HUVEC-01/Plate1,{experiment}/Plate{plate}/{well}_s{site}_w{channel}.png,images
HUVEC-01_1_E13,HUVEC-01,1,E13,sirna_502,HUVEC,1,images/HUVEC-01/Plate1,{experiment}/Plate{plate}/{well}_s{site}_w{channel}.png,images
HUVEC-01_1_E14,HUVEC-01,1,E14,sirna_439,HUVEC,1,images/HUVEC-01/Plate1,{experiment}/Plate{plate}/{well}_s{site}_w{channel}.png,images
HUVEC-01_1_E15,HUVEC-01,1,E15,sirna_859,HUVEC,1,images/HUVEC-01/Plate1,{experiment}/Plate{plate}/{well}_s{site}_w{channel}.png,images
HUVEC-01_1_E16,HUVEC-01,1,E16,sirna_1066,HUVEC,1,images/HUVEC-01/Plate1,{experiment}/Plate{plate}/{well}_s{site}_w{channel}.png,images
HUVEC-01_1_E17,HUVEC-01,1,E17,sirna_46,HUVEC,1,images/HUVEC-01/Plate1,{experiment}/Plate{plate}/{well}_s{site}_w{channel}.png,images
HUVEC-01_1_E18,HUVEC-01,1,E18,sirna_880,HUVEC,1,images/HUVEC-01/Plate1,{experiment}/Plate{plate}/{well}_s{site}_w{channel}.png,images
HUVEC-01_1_E19,HUVEC-01,1,E19,sirna_985,HUVEC,1,images/HUVEC-01/Plate1,{experiment}/Plate{plate}/{well}_s{site}_w{channel}.png,images
HUVEC-01_1_E20,HUVEC-01,1,E20,sirna_843,HUVEC,1,images/HUVEC-01/Plate1,{experiment}/Plate{plate}/{well}_s{site}_w{channel}.png,images
HUVEC-01_1_E21,HUVEC-01,1,E21,sirna_548,HUVEC,1,images/HUVEC-01/Plate1,{experiment}/Plate{plate}/{well}_s{site}_w{channel}.png,images
HUVEC-01_1_E22,HUVEC-01,1,E22,sirna_539,HUVEC,1,images/HUVEC-01/Plate1,{experiment}/Plate{plate}/{well}_s{site}_w{channel}.png,images
HUVEC-01_1_E23,HUVEC-01,1,E23,sirna_295,HUVEC,1,images/HUVEC-01/Plate1,{experiment}/Plate{plate}/{well}_s{site}_w{channel}.png,images
HUVEC-01_1_F02,HUVEC-01,1,F02,sirna_174,HUVEC,1,images/HUVEC-01/Plate1,{experiment}/Plate{plate}/{well}_s{site}_w{channel}.png,images
HUVEC-01_1_F04,HUVEC-01,1,F04,sirna_129,HUVEC,1,images/HUVEC-01/Plate1,{experiment}/Plate{plate}/{well}_s{site}_w{channel}.png,images
HUVEC-01_1_F05,HUVEC-01,1,F05,sirna_475,HUVEC,1,images/HUVEC-01/Plate1,{experiment}/Plate{plate}/{well}_s{site}_w{channel}.png,images
HUVEC-01_1_F06,HUVEC-01,1,F06,sirna_289,HUVEC,1,images/HUVEC-01/Plate1,{experiment}/Plate{plate}/{well}_s{site}_w{channel}.png,images
HUVEC-01_1_F08,HUVEC-01,1,F08,sirna_695,HUVEC,1,images/HUVEC-01/Plate1,{experiment}/Plate{plate}/{well}_s{site}_w{channel}.png,images
HUVEC-01_1_F09,HUVEC-01,1,F09,sirna_1016,HUVEC,1,images/HUVEC-01/Plate1,{experiment}/Plate{plate}/{well}_s{site}_w{channel}.png,images
HUVEC-01_1_F10,HUVEC-01,1,F10,sirna_15,HUVEC,1,images/HUVEC-01/Plate1,{experiment}/Plate{plate}/{well}_s{site}_w{channel}.png,images
HUVEC-01_1_F12,HUVEC-01,1,F12,sirna_924,HUVEC,1,images/HUVEC-01/Plate1,{experiment}/Plate{plate}/{well}_s{site}_w{channel}.png,images
HUVEC-01_1_F13,HUVEC-01,1,F13,sirna_749,HUVEC,1,images/HUVEC-01/Plate1,{experiment}/Plate{plate}/{well}_s{site}_w{channel}.png,images
HUVEC-01_1_F14,HUVEC-01,1,F14,sirna_163,HUVEC,1,images/HUVEC-01/Plate1,{experiment}/Plate{plate}/{well}_s{site}_w{channel}.png,images
HUVEC-01_1_F16,HUVEC-01,1,F16,sirna_444,HUVEC,1,images/HUVEC-01/Plate1,{experiment}/Plate{plate}/{well}_s{site}_w{channel}.png,images
HUVEC-01_1_F17,HUVEC-01,1,F17,sirna_727,HUVEC,1,images/HUVEC-01/Plate1,{experiment}/Plate{plate}/{well}_s{site}_w{channel}.png,images
HUVEC-01_1_F18,HUVEC-01,1,F18,sirna_915,HUVEC,1,images/HUVEC-01/Plate1,{experiment}/Plate{plate}/{well}_s{site}_w{channel}.png,images
HUVEC-01_1_F20,HUVEC-01,1,F20,sirna_139,HUVEC,1,images/HUVEC-01/Plate1,{experiment}/Plate{plate}/{well}_s{site}_w{channel}.png,images
HUVEC-01_1_F21,HUVEC-01,1,F21,sirna_239,HUVEC,1,images/HUVEC-01/Plate1,{experiment}/Plate{plate}/{well}_s{site}_w{channel}.png,images
HUVEC-01_1_F23,HUVEC-01,1,F23,sirna_562,HUVEC,1,images/HUVEC-01/Plate1,{experiment}/Plate{plate}/{well}_s{site}_w{channel}.png,images
HUVEC-01_1_G02,HUVEC-01,1,G02,sirna_671,HUVEC,1,images/HUVEC-01/Plate1,{experiment}/Plate{plate}/{well}_s{site}_w{channel}.png,images
HUVEC-01_1_G03,HUVEC-01,1,G03,sirna_428,HUVEC,1,images/HUVEC-01/Plate1,{experiment}/Plate{plate}/{well}_s{site}_w{channel}.png,images
HUVEC-01_1_G04,HUVEC-01,1,G04,sirna_93,HUVEC,1,images/HUVEC-01/Plate1,{experiment}/Plate{plate}/{well}_s{site}_w{channel}.png,images
HUVEC-01_1_G05,HUVEC-01,1,G05,sirna_998,HUVEC,1,images/HUVEC-01/Plate1,{experiment}/Plate{plate}/{well}_s{site}_w{channel}.png,images
HUVEC-01_1_G06,HUVEC-01,1,G06,sirna_250,HUVEC,1,images/HUVEC-01/Plate1,{experiment}/Plate{plate}/{well}_s{site}_w{channel}.png,images
HUVEC-01_1_G07,HUVEC-01,1,G07,sirna_430,HUVEC,1,images/HUVEC-01/Plate1,{experiment}/Plate{plate}/{well}_s{site}_w{channel}.png,images
HUVEC-01_1_G08,HUVEC-01,1,G08,sirna_1111,HUVEC,1,images/HUVEC-01/Plate1,{experiment}/Plate{plate}/{well}_s{site}_w{channel}.png,images
HUVEC-01_1_G09,HUVEC-01,1,G09,sirna_887,HUVEC,1,images/HUVEC-01/Plate1,{experiment}/Plate{plate}/{well}_s{site}_w{channel}.png,images
HUVEC-01_1_G10,HUVEC-01,1,G10,sirna_482,HUVEC,1,images/HUVEC-01/Plate1,{experiment}/Plate{plate}/{well}_s{site}_w{channel}.png,images
HUVEC-01_1_G11,HUVEC-01,1,G11,sirna_131,HUVEC,1,images/HUVEC-01/Plate1,{experiment}/Plate{plate}/{well}_s{site}_w{channel}.png,images
HUVEC-01_1_G12,HUVEC-01,1,G12,sirna_364,HUVEC,1,images/HUVEC-01/Plate1,{experiment}/Plate{plate}/{well}_s{site}_w{channel}.png,images
HUVEC-01_1_G13,HUVEC-01,1,G13,sirna_183,HUVEC,1,images/HUVEC-01/Plate1,{experiment}/Plate{plate}/{well}_s{site}_w{channel}.png,images
HUVEC-01_1_G14,HUVEC-01,1,G14,sirna_1127,HUVEC,1,images/HUVEC-01/Plate1,{experiment}/Plate{plate}/{well}_s{site}_w{channel}.png,images
HUVEC-01_1_G15,HUVEC-01,1,G15,sirna_953,HUVEC,1,images/HUVEC-01/Plate1,{experiment}/Plate{plate}/{well}_s{site}_w{channel}.png,images
HUVEC-01_1_G16,HUVEC-01,1,G16,sirna_863,HUVEC,1,images/HUVEC-01/Plate1,{experiment}/Plate{plate}/{well}_s{site}_w{channel}.png,images
HUVEC-01_1_G17,HUVEC-01,1,G17,sirna_1013,HUVEC,1,images/HUVEC-01/Plate1,{experiment}/Plate{plate}/{well}_s{site}_w{channel}.png,images
HUVEC-01_1_G18,HUVEC-01,1,G18,sirna_861,HUVEC,1,images/HUVEC-01/Plate1,{experiment}/Plate{plate}/{well}_s{site}_w{channel}.png,images
HUVEC-01_1_G19,HUVEC-01,1,G19,sirna_684,HUVEC,1,images/HUVEC-01/Plate1,{experiment}/Plate{plate}/{well}_s{site}_w{channel}.png,images
HUVEC-01_1_G20,HUVEC-01,1,G20,sirna_585,HUVEC,1,images/HUVEC-01/Plate1,{experiment}/Plate{plate}/{well}_s{site}_w{channel}.png,images
HUVEC-01_1_G21,HUVEC-01,1,G21,sirna_253,HUVEC,1,images/HUVEC-01/Plate1,{experiment}/Plate{plate}/{well}_s{site}_w{channel}.png,images
HUVEC-01_1_G22,HUVEC-01,1,G22,sirna_908,HUVEC,1,images/HUVEC-01/Plate1,{experiment}/Plate{plate}/{well}_s{site}_w{channel}.png,images
HUVEC-01_1_G23,HUVEC-01,1,G23,sirna_811,HUVEC,1,images/HUVEC-01/Plate1,{experiment}/Plate{plate}/{well}_s{site}_w{channel}.png,images
HUVEC-01_1_H02,HUVEC-01,1,H02,sirna_693,HUVEC,1,images/HUVEC-01/Plate1,{experiment}/Plate{plate}/{well}_s{site}_w{channel}.png,images
HUVEC-01_1_H04,HUVEC-01,1,H04,sirna_82,HUVEC,1,images/HUVEC-01/Plate1,{experiment}/Plate{plate}/{well}_s{site}_w{channel}.png,images
HUVEC-01_1_H05,HUVEC-01,1,H05,sirna_701,HUVEC,1,images/HUVEC-01/Plate1,{experiment}/Plate{plate}/{well}_s{site}_w{channel}.png,images
HUVEC-01_1_H06,HUVEC-01,1,H06,sirna_372,HUVEC,1,images/HUVEC-01/Plate1,{experiment}/Plate{plate}/{well}_s{site}_w{channel}.png,images
HUVEC-01_1_H08,HUVEC-01,1,H08,sirna_854,HUVEC,1,images/HUVEC-01/Plate1,{experiment}/Plate{plate}/{well}_s{site}_w{channel}.png,images
HUVEC-01_1_H09,HUVEC-01,1,H09,sirna_251,HUVEC,1,images/HUVEC-01/Plate1,{experiment}/Plate{plate}/{well}_s{site}_w{channel}.png,images
HUVEC-01_1_H10,HUVEC-01,1,H10,sirna_733,HUVEC,1,images/HUVEC-01/Plate1,{experiment}/Plate{plate}/{well}_s{site}_w{channel}.png,images
HUVEC-01_1_H12,HUVEC-01,1,H12,sirna_964,HUVEC,1,images/HUVEC-01/Plate1,{experiment}/Plate{plate}/{well}_s{site}_w{channel}.png,images
HUVEC-01_1_H13,HUVEC-01,1,H13,sirna_224,HUVEC,1,images/HUVEC-01/Plate1,{experiment}/Plate{plate}/{well}_s{site}_w{channel}.png,images
HUVEC-01_1_H14,HUVEC-01,1,H14,sirna_418,HUVEC,1,images/HUVEC-01/Plate1,{experiment}/Plate{plate}/{well}_s{site}_w{channel}.png,images
HUVEC-01_1_H16,HUVEC-01,1,H16,sirna_426,HUVEC,1,images/HUVEC-01/Plate1,{experiment}/Plate{plate}/{well}_s{site}_w{channel}.png,images
HUVEC-01_1_H17,HUVEC-01,1,H17,sirna_661,HUVEC,1,images/HUVEC-01/Plate1,{experiment}/Plate{plate}/{well}_s{site}_w{channel}.png,images
HUVEC-01_1_H18,HUVEC-01,1,H18,sirna_709,HUVEC,1,images/HUVEC-01/Plate1,{experiment}/Plate{plate}/{well}_s{site}_w{channel}.png,images
HUVEC-01_1_H20,HUVEC-01,1,H20,sirna_218,HUVEC,1,images/HUVEC-01/Plate1,{experiment}/Plate{plate}/{well}_s{site}_w{channel}.png,images
HUVEC-01_1_H21,HUVEC-01,1,H21,sirna_711,HUVEC,1,images/HUVEC-01/Plate1,{experiment}/Plate{plate}/{well}_s{site}_w{channel}.png,images
HUVEC-01_1_H23,HUVEC-01,1,H23,sirna_728,HUVEC,1,images/HUVEC-01/Plate1,{experiment}/Plate{plate}/{well}_s{site}_w{channel}.png,images
HUVEC-01_1_I02,HUVEC-01,1,I02,sirna_158,HUVEC,1,images/HUVEC-01/Plate1,{experiment}/Plate{plate}/{well}_s{site}_w{channel}.png,images
HUVEC-01_1_I03,HUVEC-01,1,I03,sirna_66,HUVEC,1,images/HUVEC-01/Plate1,{experiment}/Plate{plate}/{well}_s{site}_w{channel}.png,images
HUVEC-01_1_I04,HUVEC-01,1,I04,sirna_668,HUVEC,1,images/HUVEC-01/Plate1,{experiment}/Plate{plate}/{well}_s{site}_w{channel}.png,images
HUVEC-01_1_I05,HUVEC-01,1,I05,sirna_367,HUVEC,1,images/HUVEC-01/Plate1,{experiment}/Plate{plate}/{well}_s{site}_w{channel}.png,images
HUVEC-01_1_I06,HUVEC-01,1,I06,sirna_611,HUVEC,1,images/HUVEC-01/Plate1,{experiment}/Plate{plate}/{well}_s{site}_w{channel}.png,images
HUVEC-01_1_I07,HUVEC-01,1,I07,sirna_990,HUVEC,1,images/HUVEC-01/Plate1,{experiment}/Plate{plate}/{well}_s{site}_w{channel}.png,images
HUVEC-01_1_I08,HUVEC-01,1,I08,sirna_653,HUVEC,1,images/HUVEC-01/Plate1,{experiment}/Plate{plate}/{well}_s{site}_w{channel}.png,images
HUVEC-01_1_I09,HUVEC-01,1,I09,sirna_751,HUVEC,1,images/HUVEC-01/Plate1,{experiment}/Plate{plate}/{well}_s{site}_w{channel}.png,images
HUVEC-01_1_I10,HUVEC-01,1,I10,sirna_33,HUVEC,1,images/HUVEC-01/Plate1,{experiment}/Plate{plate}/{well}_s{site}_w{channel}.png,images
HUVEC-01_1_I11,HUVEC-01,1,I11,sirna_986,HUVEC,1,images/HUVEC-01/Plate1,{experiment}/Plate{plate}/{well}_s{site}_w{channel}.png,images
HUVEC-01_1_I12,HUVEC-01,1,I12,sirna_155,HUVEC,1,images/HUVEC-01/Plate1,{experiment}/Plate{plate}/{well}_s{site}_w{channel}.png,images
HUVEC-01_1_I13,HUVEC-01,1,I13,sirna_757,HUVEC,1,images/HUVEC-01/Plate1,{experiment}/Plate{plate}/{well}_s{site}_w{channel}.png,images
HUVEC-01_1_I14,HUVEC-01,1,I14,sirna_45,HUVEC,1,images/HUVEC-01/Plate1,{experiment}/Plate{plate}/{well}_s{site}_w{channel}.png,images
HUVEC-01_1_I15,HUVEC-01,1,I15,sirna_561,HUVEC,1,images/HUVEC-01/Plate1,{experiment}/Plate{plate}/{well}_s{site}_w{channel}.png,images
HUVEC-01_1_I16,HUVEC-01,1,I16,sirna_803,HUVEC,1,images/HUVEC-01/Plate1,{experiment}/Plate{plate}/{well}_s{site}_w{channel}.png,images
HUVEC-01_1_I17,HUVEC-01,1,I17,sirna_321,HUVEC,1,images/HUVEC-01/Plate1,{experiment}/Plate{plate}/{well}_s{site}_w{channel}.png,images
HUVEC-01_1_I18,HUVEC-01,1,I18,sirna_181,HUVEC,1,images/HUVEC-01/Plate1,{experiment}/Plate{plate}/{well}_s{site}_w{channel}.png,images
HUVEC-01_1_I19,HUVEC-01,1,I19,sirna_264,HUVEC,1,images/HUVEC-01/Plate1,{experiment}/Plate{plate}/{well}_s{site}_w{channel}.png,images
HUVEC-01_1_I20,HUVEC-01,1,I20,sirna_437,HUVEC,1,images/HUVEC-01/Plate1,{experiment}/Plate{plate}/{well}_s{site}_w{channel}.png,images
HUVEC-01_1_I21,HUVEC-01,1,I21,sirna_716,HUVEC,1,images/HUVEC-01/Plate1,{experiment}/Plate{plate}/{well}_s{site}_w{channel}.png,images
HUVEC-01_1_I22,HUVEC-01,1,I22,sirna_1004,HUVEC,1,images/HUVEC-01/Plate1,{experiment}/Plate{plate}/{well}_s{site}_w{channel}.png,images
HUVEC-01_1_I23,HUVEC-01,1,I23,sirna_1046,HUVEC,1,images/HUVEC-01/Plate1,{experiment}/Plate{plate}/{well}_s{site}_w{channel}.png,images
HUVEC-01_1_J02,HUVEC-01,1,J02,sirna_799,HUVEC,1,images/HUVEC-01/Plate1,{experiment}/Plate{plate}/{well}_s{site}_w{channel}.png,images
HUVEC-01_1_J04,HUVEC-01,1,J04,sirna_1062,HUVEC,1,images/HUVEC-01/Plate1,{experiment}/Plate{plate}/{well}_s{site}_w{channel}.png,images
HUVEC-01_1_J05,HUVEC-01,1,J05,sirna_907,HUVEC,1,images/HUVEC-01/Plate1,{experiment}/Plate{plate}/{well}_s{site}_w{channel}.png,images
HUVEC-01_1_J06,HUVEC-01,1,J06,sirna_488,HUVEC,1,images/HUVEC-01/Plate1,{experiment}/Plate{plate}/{well}_s{site}_w{channel}.png,images
HUVEC-01_1_J08,HUVEC-01,1,J08,sirna_575,HUVEC,1,images/HUVEC-01/Plate1,{experiment}/Plate{plate}/{well}_s{site}_w{channel}.png,images
HUVEC-01_1_J09,HUVEC-01,1,J09,sirna_610,HUVEC,1,images/HUVEC-01/Plate1,{experiment}/Plate{plate}/{well}_s{site}_w{channel}.png,images
HUVEC-01_1_J10,HUVEC-01,1,J10,sirna_483,HUVEC,1,images/HUVEC-01/Plate1,{experiment}/Plate{plate}/{well}_s{site}_w{channel}.png,images
HUVEC-01_1_J12,HUVEC-01,1,J12,sirna_831,HUVEC,1,images/HUVEC-01/Plate1,{experiment}/Plate{plate}/{well}_s{site}_w{channel}.png,images
HUVEC-01_1_J13,HUVEC-01,1,J13,sirna_1135,HUVEC,1,images/HUVEC-01/Plate1,{experiment}/Plate{plate}/{well}_s{site}_w{channel}.png,images
HUVEC-01_1_J14,HUVEC-01,1,J14,sirna_229,HUVEC,1,images/HUVEC-01/Plate1,{experiment}/Plate{plate}/{well}_s{site}_w{channel}.png,images
HUVEC-01_1_J16,HUVEC-01,1,J16,sirna_723,HUVEC,1,images/HUVEC-01/Plate1,{experiment}/Plate{plate}/{well}_s{site}_w{channel}.png,images
HUVEC-01_1_J17,HUVEC-01,1,J17,sirna_197,HUVEC,1,images/HUVEC-01/Plate1,{experiment}/Plate{plate}/{well}_s{site}_w{channel}.png,images
HUVEC-01_1_J18,HUVEC-01,1,J18,sirna_62,HUVEC,1,images/HUVEC-01/Plate1,{experiment}/Plate{plate}/{well}_s{site}_w{channel}.png,images
HUVEC-01_1_J20,HUVEC-01,1,J20,sirna_993,HUVEC,1,images/HUVEC-01/Plate1,{experiment}/Plate{plate}/{well}_s{site}_w{channel}.png,images
HUVEC-01_1_J21,HUVEC-01,1,J21,sirna_593,HUVEC,1,images/HUVEC-01/Plate1,{experiment}/Plate{plate}/{well}_s{site}_w{channel}.png,images
HUVEC-01_1_J23,HUVEC-01,1,J23,sirna_102,HUVEC,1,images/HUVEC-01/Plate1,{experiment}/Plate{plate}/{well}_s{site}_w{channel}.png,images
HUVEC-01_1_K02,HUVEC-01,1,K02,sirna_434,HUVEC,1,images/HUVEC-01/Plate1,{experiment}/Plate{plate}/{well}_s{site}_w{channel}.png,images
HUVEC-01_1_K03,HUVEC-01,1,K03,sirna_104,HUVEC,1,images/HUVEC-01/Plate1,{experiment}/Plate{plate}/{well}_s{site}_w{channel}.png,images
HUVEC-01_1_K04,HUVEC-01,1,K04,sirna_943,HUVEC,1,images/HUVEC-01/Plate1,{experiment}/Plate{plate}/{well}_s{site}_w{channel}.png,images
HUVEC-01_1_K05,HUVEC-01,1,K05,sirna_917,HUVEC,1,images/HUVEC-01/Plate1,{experiment}/Plate{plate}/{well}_s{site}_w{channel}.png,images
HUVEC-01_1_K06,HUVEC-01,1,K06,sirna_118,HUVEC,1,images/HUVEC-01/Plate1,{experiment}/Plate{plate}/{well}_s{site}_w{channel}.png,images
HUVEC-01_1_K07,HUVEC-01,1,K07,sirna_934,HUVEC,1,images/HUVEC-01/Plate1,{experiment}/Plate{plate}/{well}_s{site}_w{channel}.png,images
HUVEC-01_1_K08,HUVEC-01,1,K08,sirna_153,HUVEC,1,images/HUVEC-01/Plate1,{experiment}/Plate{plate}/{well}_s{site}_w{channel}.png,images
HUVEC-01_1_K09,HUVEC-01,1,K09,sirna_688,HUVEC,1,images/HUVEC-01/Plate1,{experiment}/Plate{plate}/{well}_s{site}_w{channel}.png,images
HUVEC-01_1_K10,HUVEC-01,1,K10,sirna_1092,HUVEC,1,images/HUVEC-01/Plate1,{experiment}/Plate{plate}/{well}_s{site}_w{channel}.png,images
HUVEC-01_1_K11,HUVEC-01,1,K11,sirna_981,HUVEC,1,images/HUVEC-01/Plate1,{experiment}/Plate{plate}/{well}_s{site}_w{channel}.png,images
HUVEC-01_1_K12,HUVEC-01,1,K12,sirna_18,HUVEC,1,images/HUVEC-01/Plate1,{experiment}/Plate{plate}/{well}_s{site}_w{channel}.png,images
HUVEC-01_1_K13,HUVEC-01,1,K13,sirna_955,HUVEC,1,images/HUVEC-01/Plate1,{experiment}/Plate{plate}/{well}_s{site}_w{channel}.png,images
HUVEC-01_1_K14,HUVEC-01,1,K14,sirna_851,HUVEC,1,images/HUVEC-01/Plate1,{experiment}/Plate{plate}/{well}_s{site}_w{channel}.png,images
HUVEC-01_1_K15,HUVEC-01,1,K15,sirna_298,HUVEC,1,images/HUVEC-01/Plate1,{experiment}/Plate{plate}/{well}_s{site}_w{channel}.png,images
HUVEC-01_1_K16,HUVEC-01,1,K16,sirna_448,HUVEC,1,images/HUVEC-01/Plate1,{experiment}/Plate{plate}/{well}_s{site}_w{channel}.png,images
HUVEC-01_1_K17,HUVEC-01,1,K17,sirna_948,HUVEC,1,images/HUVEC-01/Plate1,{experiment}/Plate{plate}/{well}_s{site}_w{channel}.png,images
HUVEC-01_1_K18,HUVEC-01,1,K18,sirna_1025,HUVEC,1,images/HUVEC-01/Plate1,{experiment}/Plate{plate}/{well}_s{site}_w{channel}.png,images
HUVEC-01_1_K19,HUVEC-01,1,K19,sirna_625,HUVEC,1,images/HUVEC-01/Plate1,{experiment}/Plate{plate}/{well}_s{site}_w{channel}.png,images
HUVEC-01_1_K20,HUVEC-01,1,K20,sirna_765,HUVEC,1,images/HUVEC-01/Plate1,{experiment}/Plate{plate}/{well}_s{site}_w{channel}.png,images
HUVEC-01_1_K21,HUVEC-01,1,K21,sirna_225,HUVEC,1,images/HUVEC-01/Plate1,{experiment}/Plate{plate}/{well}_s{site}_w{channel}.png,images
HUVEC-01_1_K22,HUVEC-01,1,K22,sirna_494,HUVEC,1,images/HUVEC-01/Plate1,{experiment}/Plate{plate}/{well}_s{site}_w{channel}.png,images
HUVEC-01_1_K23,HUVEC-01,1,K23,sirna_1021,HUVEC,1,images/HUVEC-01/Plate1,{experiment}/Plate{plate}/{well}_s{site}_w{channel}.png,images
HUVEC-01_1_L02,HUVEC-01,1,L02,sirna_647,HUVEC,1,images/HUVEC-01/Plate1,{experiment}/Plate{plate}/{well}_s{site}_w{channel}.png,images
HUVEC-01_1_L03,HUVEC-01,1,L03,sirna_1030,HUVEC,1,images/HUVEC-01/Plate1,{experiment}/Plate{plate}/{well}_s{site}_w{channel}.png,images
HUVEC-01_1_L04,HUVEC-01,1,L04,sirna_715,HUVEC,1,images/HUVEC-01/Plate1,{experiment}/Plate{plate}/{well}_s{site}_w{channel}.png,images
HUVEC-01_1_L05,HUVEC-01,1,L05,sirna_744,HUVEC,1,images/HUVEC-01/Plate1,{experiment}/Plate{plate}/{well}_s{site}_w{channel}.png,images
HUVEC-01_1_L06,HUVEC-01,1,L06,sirna_529,HUVEC,1,images/HUVEC-01/Plate1,{experiment}/Plate{plate}/{well}_s{site}_w{channel}.png,images
HUVEC-01_1_L07,HUVEC-01,1,L07,sirna_1003,HUVEC,1,images/HUVEC-01/Plate1,{experiment}/Plate{plate}/{well}_s{site}_w{channel}.png,images
HUVEC-01_1_L08,HUVEC-01,1,L08,sirna_754,HUVEC,1,images/HUVEC-01/Plate1,{experiment}/Plate{plate}/{well}_s{site}_w{channel}.png,images
HUVEC-01_1_L09,HUVEC-01,1,L09,sirna_788,HUVEC,1,images/HUVEC-01/Plate1,{experiment}/Plate{plate}/{well}_s{site}_w{channel}.png,images
HUVEC-01_1_L10,HUVEC-01,1,L10,sirna_932,HUVEC,1,images/HUVEC-01/Plate1,{experiment}/Plate{plate}/{well}_s{site}_w{channel}.png,images
HUVEC-01_1_L11,HUVEC-01,1,L11,sirna_487,HUVEC,1,images/HUVEC-01/Plate1,{experiment}/Plate{plate}/{well}_s{site}_w{channel}.png,images
HUVEC-01_1_L12,HUVEC-01,1,L12,sirna_88,HUVEC,1,images/HUVEC-01/Plate1,{experiment}/Plate{plate}/{well}_s{site}_w{channel}.png,images
HUVEC-01_1_L13,HUVEC-01,1,L13,sirna_343,HUVEC,1,images/HUVEC-01/Plate1,{experiment}/Plate{plate}/{well}_s{site}_w{channel}.png,images
HUVEC-01_1_L14,HUVEC-01,1,L14,sirna_43,HUVEC,1,images/HUVEC-01/Plate1,{experiment}/Plate{plate}/{well}_s{site}_w{channel}.png,images
HUVEC-01_1_L15,HUVEC-01,1,L15,sirna_1121,HUVEC,1,images/HUVEC-01/Plate1,{experiment}/Plate{plate}/{well}_s{site}_w{channel}.png,images
HUVEC-01_1_L16,HUVEC-01,1,L16,sirna_445,HUVEC,1,images/HUVEC-01/Plate1,{experiment}/Plate{plate}/{well}_s{site}_w{channel}.png,images
HUVEC-01_1_L17,HUVEC-01,1,L17,sirna_814,HUVEC,1,images/HUVEC-01/Plate1,{experiment}/Plate{plate}/{well}_s{site}_w{channel}.png,images
HUVEC-01_1_L18,HUVEC-01,1,L18,sirna_581,HUVEC,1,images/HUVEC-01/Plate1,{experiment}/Plate{plate}/{well}_s{site}_w{channel}.png,images
HUVEC-01_1_L19,HUVEC-01,1,L19,sirna_501,HUVEC,1,images/HUVEC-01/Plate1,{experiment}/Plate{plate}/{well}_s{site}_w{channel}.png,images
HUVEC-01_1_L20,HUVEC-01,1,L20,sirna_113,HUVEC,1,images/HUVEC-01/Plate1,{experiment}/Plate{plate}/{well}_s{site}_w{channel}.png,images
HUVEC-01_1_L21,HUVEC-01,1,L21,sirna_1019,HUVEC,1,images/HUVEC-01/Plate1,{experiment}/Plate{plate}/{well}_s{site}_w{channel}.png,images
HUVEC-01_1_L22,HUVEC-01,1,L22,sirna_238,HUVEC,1,images/HUVEC-01/Plate1,{experiment}/Plate{plate}/{well}_s{site}_w{channel}.png,images
HUVEC-01_1_L23,HUVEC-01,1,L23,sirna_63,HUVEC,1,images/HUVEC-01/Plate1,{experiment}/Plate{plate}/{well}_s{site}_w{channel}.png,images
HUVEC-01_1_M02,HUVEC-01,1,M02,sirna_51,HUVEC,1,images/HUVEC-01/Plate1,{experiment}/Plate{plate}/{well}_s{site}_w{channel}.png,images
HUVEC-01_1_M04,HUVEC-01,1,M04,sirna_136,HUVEC,1,images/HUVEC-01/Plate1,{experiment}/Plate{plate}/{well}_s{site}_w{channel}.png,images
HUVEC-01_1_M05,HUVEC-01,1,M05,sirna_906,HUVEC,1,images/HUVEC-01/Plate1,{experiment}/Plate{plate}/{well}_s{site}_w{channel}.png,images
HUVEC-01_1_M06,HUVEC-01,1,M06,sirna_193,HUVEC,1,images/HUVEC-01/Plate1,{experiment}/Plate{plate}/{well}_s{site}_w{channel}.png,images
HUVEC-01_1_M08,HUVEC-01,1,M08,sirna_1129,HUVEC,1,images/HUVEC-01/Plate1,{experiment}/Plate{plate}/{well}_s{site}_w{channel}.png,images
HUVEC-01_1_M09,HUVEC-01,1,M09,sirna_292,HUVEC,1,images/HUVEC-01/Plate1,{experiment}/Plate{plate}/{well}_s{site}_w{channel}.png,images
HUVEC-01_1_M10,HUVEC-01,1,M10,sirna_325,HUVEC,1,images/HUVEC-01/Plate1,{experiment}/Plate{plate}/{well}_s{site}_w{channel}.png,images
HUVEC-01_1_M12,HUVEC-01,1,M12,sirna_767,HUVEC,1,images/HUVEC-01/Plate1,{experiment}/Plate{plate}/{well}_s{site}_w{channel}.png,images
HUVEC-01_1_M13,HUVEC-01,1,M13,sirna_819,HUVEC,1,images/HUVEC-01/Plate1,{experiment}/Plate{plate}/{well}_s{site}_w{channel}.png,images
HUVEC-01_1_M14,HUVEC-01,1,M14,sirna_550,HUVEC,1,images/HUVEC-01/Plate1,{experiment}/Plate{plate}/{well}_s{site}_w{channel}.png,images
HUVEC-01_1_M16,HUVEC-01,1,M16,sirna_536,HUVEC,1,images/HUVEC-01/Plate1,{experiment}/Plate{plate}/{well}_s{site}_w{channel}.png,images
HUVEC-01_1_M17,HUVEC-01,1,M17,sirna_186,HUVEC,1,images/HUVEC-01/Plate1,{experiment}/Plate{plate}/{well}_s{site}_w{channel}.png,images
HUVEC-01_1_M18,HUVEC-01,1,M18,sirna_344,HUVEC,1,images/HUVEC-01/Plate1,{experiment}/Plate{plate}/{well}_s{site}_w{channel}.png,images
HUVEC-01_1_M20,HUVEC-01,1,M20,sirna_185,HUVEC,1,images/HUVEC-01/Plate1,{experiment}/Plate{plate}/{well}_s{site}_w{channel}.png,images
HUVEC-01_1_M21,HUVEC-01,1,M21,sirna_263,HUVEC,1,images/HUVEC-01/Plate1,{experiment}/Plate{plate}/{well}_s{site}_w{channel}.png,images
HUVEC-01_1_M23,HUVEC-01,1,M23,sirna_496,HUVEC,1,images/HUVEC-01/Plate1,{experiment}/Plate{plate}/{well}_s{site}_w{channel}.png,images
HUVEC-01_1_N02,HUVEC-01,1,N02,sirna_416,HUVEC,1,images/HUVEC-01/Plate1,{experiment}/Plate{plate}/{well}_s{site}_w{channel}.png,images
HUVEC-01_1_N03,HUVEC-01,1,N03,sirna_202,HUVEC,1,images/HUVEC-01/Plate1,{experiment}/Plate{plate}/{well}_s{site}_w{channel}.png,images
HUVEC-01_1_N04,HUVEC-01,1,N04,sirna_504,HUVEC,1,images/HUVEC-01/Plate1,{experiment}/Plate{plate}/{well}_s{site}_w{channel}.png,images
HUVEC-01_1_N05,HUVEC-01,1,N05,sirna_217,HUVEC,1,images/HUVEC-01/Plate1,{experiment}/Plate{plate}/{well}_s{site}_w{channel}.png,images
HUVEC-01_1_N06,HUVEC-01,1,N06,sirna_846,HUVEC,1,images/HUVEC-01/Plate1,{experiment}/Plate{plate}/{well}_s{site}_w{channel}.png,images
HUVEC-01_1_N07,HUVEC-01,1,N07,sirna_210,HUVEC,1,images/HUVEC-01/Plate1,{experiment}/Plate{plate}/{well}_s{site}_w{channel}.png,images
HUVEC-01_1_N08,HUVEC-01,1,N08,sirna_309,HUVEC,1,images/HUVEC-01/Plate1,{experiment}/Plate{plate}/{well}_s{site}_w{channel}.png,images
HUVEC-01_1_N09,HUVEC-01,1,N09,sirna_816,HUVEC,1,images/HUVEC-01/Plate1,{experiment}/Plate{plate}/{well}_s{site}_w{channel}.png,images
HUVEC-01_1_N10,HUVEC-01,1,N10,sirna_649,HUVEC,1,images/HUVEC-01/Plate1,{experiment}/Plate{plate}/{well}_s{site}_w{channel}.png,images
HUVEC-01_1_N11,HUVEC-01,1,N11,sirna_78,HUVEC,1,images/HUVEC-01/Plate1,{experiment}/Plate{plate}/{well}_s{site}_w{channel}.png,images
HUVEC-01_1_N12,HUVEC-01,1,N12,sirna_275,HUVEC,1,images/HUVEC-01/Plate1,{experiment}/Plate{plate}/{well}_s{site}_w{channel}.png,images
HUVEC-01_1_N13,HUVEC-01,1,N13,sirna_607,HUVEC,1,images/HUVEC-01/Plate1,{experiment}/Plate{plate}/{well}_s{site}_w{channel}.png,images
HUVEC-01_1_N14,HUVEC-01,1,N14,sirna_1137,HUVEC,1,images/HUVEC-01/Plate1,{experiment}/Plate{plate}/{well}_s{site}_w{channel}.png,images
HUVEC-01_1_N15,HUVEC-01,1,N15,sirna_555,HUVEC,1,images/HUVEC-01/Plate1,{experiment}/Plate{plate}/{well}_s{site}_w{channel}.png,images
HUVEC-01_1_N16,HUVEC-01,1,N16,sirna_90,HUVEC,1,images/HUVEC-01/Plate1,{experiment}/Plate{plate}/{well}_s{site}_w{channel}.png,images
HUVEC-01_1_N17,HUVEC-01,1,N17,sirna_1112,HUVEC,1,images/HUVEC-01/Plate1,{experiment}/Plate{plate}/{well}_s{site}_w{channel}.png,images
HUVEC-01_1_N18,HUVEC-01,1,N18,sirna_1044,HUVEC,1,images/HUVEC-01/Plate1,{experiment}/Plate{plate}/{well}_s{site}_w{channel}.png,images
HUVEC-01_1_N19,HUVEC-01,1,N19,sirna_222,HUVEC,1,images/HUVEC-01/Plate1,{experiment}/Plate{plate}/{well}_s{site}_w{channel}.png,images
HUVEC-01_1_N20,HUVEC-01,1,N20,sirna_1109,HUVEC,1,images/HUVEC-01/Plate1,{experiment}/Plate{plate}/{well}_s{site}_w{channel}.png,images
HUVEC-01_1_N21,HUVEC-01,1,N21,sirna_312,HUVEC,1,images/HUVEC-01/Plate1,{experiment}/Plate{plate}/{well}_s{site}_w{channel}.png,images
HUVEC-01_1_N22,HUVEC-01,1,N22,sirna_1081,HUVEC,1,images/HUVEC-01/Plate1,{experiment}/Plate{plate}/{well}_s{site}_w{channel}.png,images
HUVEC-01_1_N23,HUVEC-01,1,N23,sirna_112,HUVEC,1,images/HUVEC-01/Plate1,{experiment}/Plate{plate}/{well}_s{site}_w{channel}.png,images
HUVEC-01_1_O02,HUVEC-01,1,O02,sirna_667,HUVEC,1,images/HUVEC-01/Plate1,{experiment}/Plate{plate}/{well}_s{site}_w{channel}.png,images
HUVEC-01_1_O03,HUVEC-01,1,O03,sirna_870,HUVEC,1,images/HUVEC-01/Plate1,{experiment}/Plate{plate}/{well}_s{site}_w{channel}.png,images
HUVEC-01_1_O04,HUVEC-01,1,O04,sirna_850,HUVEC,1,images/HUVEC-01/Plate1,{experiment}/Plate{plate}/{well}_s{site}_w{channel}.png,images
HUVEC-01_1_O05,HUVEC-01,1,O05,sirna_845,HUVEC,1,images/HUVEC-01/Plate1,{experiment}/Plate{plate}/{well}_s{site}_w{channel}.png,images
HUVEC-01_1_O06,HUVEC-01,1,O06,sirna_425,HUVEC,1,images/HUVEC-01/Plate1,{experiment}/Plate{plate}/{well}_s{site}_w{channel}.png,images
HUVEC-01_1_O07,HUVEC-01,1,O07,sirna_895,HUVEC,1,images/HUVEC-01/Plate1,{experiment}/Plate{plate}/{well}_s{site}_w{channel}.png,images
HUVEC-01_1_O08,HUVEC-01,1,O08,sirna_86,HUVEC,1,images/HUVEC-01/Plate1,{experiment}/Plate{plate}/{well}_s{site}_w{channel}.png,images
HUVEC-01_1_O09,HUVEC-01,1,O09,sirna_310,HUVEC,1,images/HUVEC-01/Plate1,{experiment}/Plate{plate}/{well}_s{site}_w{channel}.png,images
HUVEC-01_1_O10,HUVEC-01,1,O10,sirna_1098,HUVEC,1,images/HUVEC-01/Plate1,{experiment}/Plate{plate}/{well}_s{site}_w{channel}.png,images
HUVEC-01_1_O11,HUVEC-01,1,O11,sirna_664,HUVEC,1,images/HUVEC-01/Plate1,{experiment}/Plate{plate}/{well}_s{site}_w{channel}.png,images
HUVEC-01_1_O12,HUVEC-01,1,O12,sirna_209,HUVEC,1,images/HUVEC-01/Plate1,{experiment}/Plate{plate}/{well}_s{site}_w{channel}.png,images
HUVEC-01_1_O13,HUVEC-01,1,O13,sirna_498,HUVEC,1,images/HUVEC-01/Plate1,{experiment}/Plate{plate}/{well}_s{site}_w{channel}.png,images
HUVEC-01_1_O14,HUVEC-01,1,O14,sirna_735,HUVEC,1,images/HUVEC-01/Plate1,{experiment}/Plate{plate}/{well}_s{site}_w{channel}.png,images
HUVEC-01_1_O15,HUVEC-01,1,O15,sirna_1104,HUVEC,1,images/HUVEC-01/Plate1,{experiment}/Plate{plate}/{well}_s{site}_w{channel}.png,images
HUVEC-01_1_O16,HUVEC-01,1,O16,sirna_865,HUVEC,1,images/HUVEC-01/Plate1,{experiment}/Plate{plate}/{well}_s{site}_w{channel}.png,images
HUVEC-01_1_O17,HUVEC-01,1,O17,sirna_462,HUVEC,1,images/HUVEC-01/Plate1,{experiment}/Plate{plate}/{well}_s{site}_w{channel}.png,images
HUVEC-01_1_O18,HUVEC-01,1,O18,sirna_60,HUVEC,1,images/HUVEC-01/Plate1,{experiment}/Plate{plate}/{well}_s{site}_w{channel}.png,images
HUVEC-01_1_O19,HUVEC-01,1,O19,sirna_1115,HUVEC,1,images/HUVEC-01/Plate1,{experiment}/Plate{plate}/{well}_s{site}_w{channel}.png,images
HUVEC-01_1_O20,HUVEC-01,1,O20,sirna_622,HUVEC,1,images/HUVEC-01/Plate1,{experiment}/Plate{plate}/{well}_s{site}_w{channel}.png,images
HUVEC-01_1_O21,HUVEC-01,1,O21,sirna_789,HUVEC,1,images/HUVEC-01/Plate1,{experiment}/Plate{plate}/{well}_s{site}_w{channel}.png,images
HUVEC-01_1_O22,HUVEC-01,1,O22,sirna_327,HUVEC,1,images/HUVEC-01/Plate1,{experiment}/Plate{plate}/{well}_s{site}_w{channel}.png,images
HUVEC-01_1_O23,HUVEC-01,1,O23,sirna_226,HUVEC,1,images/HUVEC-01/Plate1,{experiment}/Plate{plate}/{well}_s{site}_w{channel}.png,images
HUVEC-01_2_B03,HUVEC-01,2,B03,sirna_857,HUVEC,1,images/HUVEC-01/Plate2,{experiment}/Plate{plate}/{well}_s{site}_w{channel}.png,images
HUVEC-01_2_B04,HUVEC-01,2,B04,sirna_476,HUVEC,1,images/HUVEC-01/Plate2,{experiment}/Plate{plate}/{well}_s{site}_w{channel}.png,images
HUVEC-01_2_B05,HUVEC-01,2,B05,sirna_1043,HUVEC,1,images/HUVEC-01/Plate2,{experiment}/Plate{plate}/{well}_s{site}_w{channel}.png,images
HUVEC-01_2_B06,HUVEC-01,2,B06,sirna_676,HUVEC,1,images/HUVEC-01/Plate2,{experiment}/Plate{plate}/{well}_s{site}_w{channel}.png,images
HUVEC-01_2_B07,HUVEC-01,2,B07,sirna_362,HUVEC,1,images/HUVEC-01/Plate2,{experiment}/Plate{plate}/{well}_s{site}_w{channel}.png,images
HUVEC-01_2_B08,HUVEC-01,2,B08,sirna_703,HUVEC,1,images/HUVEC-01/Plate2,{experiment}/Plate{plate}/{well}_s{site}_w{channel}.png,images
HUVEC-01_2_B09,HUVEC-01,2,B09,sirna_179,HUVEC,1,images/HUVEC-01/Plate2,{experiment}/Plate{plate}/{well}_s{site}_w{channel}.png,images
HUVEC-01_2_B10,HUVEC-01,2,B10,sirna_79,HUVEC,1,images/HUVEC-01/Plate2,{experiment}/Plate{plate}/{well}_s{site}_w{channel}.png,images
HUVEC-01_2_B11,HUVEC-01,2,B11,sirna_450,HUVEC,1,images/HUVEC-01/Plate2,{experiment}/Plate{plate}/{well}_s{site}_w{channel}.png,images
HUVEC-01_2_B12,HUVEC-01,2,B12,sirna_70,HUVEC,1,images/HUVEC-01/Plate2,{experiment}/Plate{plate}/{well}_s{site}_w{channel}.png,images
HUVEC-01_2_B13,HUVEC-01,2,B13,sirna_28,HUVEC,1,images/HUVEC-01/Plate2,{experiment}/Plate{plate}/{well}_s{site}_w{channel}.png,images
HUVEC-01_2_B14,HUVEC-01,2,B14,sirna_512,HUVEC,1,images/HUVEC-01/Plate2,{experiment}/Plate{plate}/{well}_s{site}_w{channel}.png,images
HUVEC-01_2_B15,HUVEC-01,2,B15,sirna_855,HUVEC,1,images/HUVEC-01/Plate2,{experiment}/Plate{plate}/{well}_s{site}_w{channel}.png,images
HUVEC-01_2_B16,HUVEC-01,2,B16,sirna_680,HUVEC,1,images/HUVEC-01/Plate2,{experiment}/Plate{plate}/{well}_s{site}_w{channel}.png,images
HUVEC-01_2_B17,HUVEC-01,2,B17,sirna_291,HUVEC,1,images/HUVEC-01/Plate2,{experiment}/Plate{plate}/{well}_s{site}_w{channel}.png,images
HUVEC-01_2_B18,HUVEC-01,2,B18,sirna_71,HUVEC,1,images/HUVEC-01/Plate2,{experiment}/Plate{plate}/{well}_s{site}_w{channel}.png,images
HUVEC-01_2_B19,HUVEC-01,2,B19,sirna_149,HUVEC,1,images/HUVEC-01/Plate2,{experiment}/Plate{plate}/{well}_s{site}_w{channel}.png,images
HUVEC-01_2_B20,HUVEC-01,2,B20,sirna_276,HUVEC,1,images/HUVEC-01/Plate2,{experiment}/Plate{plate}/{well}_s{site}_w{channel}.png,images
HUVEC-01_2_B21,HUVEC-01,2,B21,sirna_306,HUVEC,1,images/HUVEC-01/Plate2,{experiment}/Plate{plate}/{well}_s{site}_w{channel}.png,images
HUVEC-01_2_B22,HUVEC-01,2,B22,sirna_400,HUVEC,1,images/HUVEC-01/Plate2,{experiment}/Plate{plate}/{well}_s{site}_w{channel}.png,images
HUVEC-01_2_B23,HUVEC-01,2,B23,sirna_3,HUVEC,1,images/HUVEC-01/Plate2,{experiment}/Plate{plate}/{well}_s{site}_w{channel}.png,images
HUVEC-01_2_C02,HUVEC-01,2,C02,sirna_867,HUVEC,1,images/HUVEC-01/Plate2,{experiment}/Plate{plate}/{well}_s{site}_w{channel}.png,images
HUVEC-01_2_C04,HUVEC-01,2,C04,sirna_68,HUVEC,1,images/HUVEC-01/Plate2,{experiment}/Plate{plate}/{well}_s{site}_w{channel}.png,images
HUVEC-01_2_C05,HUVEC-01,2,C05,sirna_1133,HUVEC,1,images/HUVEC-01/Plate2,{experiment}/Plate{plate}/{well}_s{site}_w{channel}.png,images
HUVEC-01_2_C06,HUVEC-01,2,C06,sirna_342,HUVEC,1,images/HUVEC-01/Plate2,{experiment}/Plate{plate}/{well}_s{site}_w{channel}.png,images
HUVEC-01_2_C08,HUVEC-01,2,C08,sirna_1105,HUVEC,1,images/HUVEC-01/Plate2,{experiment}/Plate{plate}/{well}_s{site}_w{channel}.png,images
HUVEC-01_2_C09,HUVEC-01,2,C09,sirna_304,HUVEC,1,images/HUVEC-01/Plate2,{experiment}/Plate{plate}/{well}_s{site}_w{channel}.png,images
HUVEC-01_2_C10,HUVEC-01,2,C10,sirna_457,HUVEC,1,images/HUVEC-01/Plate2,{experiment}/Plate{plate}/{well}_s{site}_w{channel}.png,images
HUVEC-01_2_C12,HUVEC-01,2,C12,sirna_1064,HUVEC,1,images/HUVEC-01/Plate2,{experiment}/Plate{plate}/{well}_s{site}_w{channel}.png,images
HUVEC-01_2_C13,HUVEC-01,2,C13,sirna_1045,HUVEC,1,images/HUVEC-01/Plate2,{experiment}/Plate{plate}/{well}_s{site}_w{channel}.png,images
HUVEC-01_2_C14,HUVEC-01,2,C14,sirna_34,HUVEC,1,images/HUVEC-01/Plate2,{experiment}/Plate{plate}/{well}_s{site}_w{channel}.png,images
HUVEC-01_2_C16,HUVEC-01,2,C16,sirna_813,HUVEC,1,images/HUVEC-01/Plate2,{experiment}/Plate{plate}/{well}_s{site}_w{channel}.png,images
HUVEC-01_2_C17,HUVEC-01,2,C17,sirna_828,HUVEC,1,images/HUVEC-01/Plate2,{experiment}/Plate{plate}/{well}_s{site}_w{channel}.png,images
HUVEC-01_2_C18,HUVEC-01,2,C18,sirna_340,HUVEC,1,images/HUVEC-01/Plate2,{experiment}/Plate{plate}/{well}_s{site}_w{channel}.png,images
HUVEC-01_2_C20,HUVEC-01,2,C20,sirna_154,HUVEC,1,images/HUVEC-01/Plate2,{experiment}/Plate{plate}/{well}_s{site}_w{channel}.png,images
HUVEC-01_2_C21,HUVEC-01,2,C21,sirna_302,HUVEC,1,images/HUVEC-01/Plate2,{experiment}/Plate{plate}/{well}_s{site}_w{channel}.png,images
HUVEC-01_2_C23,HUVEC-01,2,C23,sirna_662,HUVEC,1,images/HUVEC-01/Plate2,{experiment}/Plate{plate}/{well}_s{site}_w{channel}.png,images
HUVEC-01_2_D02,HUVEC-01,2,D02,sirna_569,HUVEC,1,images/HUVEC-01/Plate2,{experiment}/Plate{plate}/{well}_s{site}_w{channel}.png,images
HUVEC-01_2_D03,HUVEC-01,2,D03,sirna_969,HUVEC,1,images/HUVEC-01/Plate2,{experiment}/Plate{plate}/{well}_s{site}_w{channel}.png,images
HUVEC-01_2_D04,HUVEC-01,2,D04,sirna_912,HUVEC,1,images/HUVEC-01/Plate2,{experiment}/Plate{plate}/{well}_s{site}_w{channel}.png,images
HUVEC-01_2_D05,HUVEC-01,2,D05,sirna_308,HUVEC,1,images/HUVEC-01/Plate2,{experiment}/Plate{plate}/{well}_s{site}_w{channel}.png,images
HUVEC-01_2_D06,HUVEC-01,2,D06,sirna_281,HUVEC,1,images/HUVEC-01/Plate2,{experiment}/Plate{plate}/{well}_s{site}_w{channel}.png,images
HUVEC-01_2_D07,HUVEC-01,2,D07,sirna_56,HUVEC,1,images/HUVEC-01/Plate2,{experiment}/Plate{plate}/{well}_s{site}_w{channel}.png,images
HUVEC-01_2_D08,HUVEC-01,2,D08,sirna_335,HUVEC,1,images/HUVEC-01/Plate2,{experiment}/Plate{plate}/{well}_s{site}_w{channel}.png,images
HUVEC-01_2_D09,HUVEC-01,2,D09,sirna_621,HUVEC,1,images/HUVEC-01/Plate2,{experiment}/Plate{plate}/{well}_s{site}_w{channel}.png,images
HUVEC-01_2_D10,HUVEC-01,2,D10,sirna_721,HUVEC,1,images/HUVEC-01/Plate2,{experiment}/Plate{plate}/{well}_s{site}_w{channel}.png,images
HUVEC-01_2_D11,HUVEC-01,2,D11,sirna_753,HUVEC,1,images/HUVEC-01/Plate2,{experiment}/Plate{plate}/{well}_s{site}_w{channel}.png,images
HUVEC-01_2_D12,HUVEC-01,2,D12,sirna_381,HUVEC,1,images/HUVEC-01/Plate2,{experiment}/Plate{plate}/{well}_s{site}_w{channel}.png,images
HUVEC-01_2_D13,HUVEC-01,2,D13,sirna_1089,HUVEC,1,images/HUVEC-01/Plate2,{experiment}/Plate{plate}/{well}_s{site}_w{channel}.png,images
HUVEC-01_2_D14,HUVEC-01,2,D14,sirna_537,HUVEC,1,images/HUVEC-01/Plate2,{experiment}/Plate{plate}/{well}_s{site}_w{channel}.png,images
HUVEC-01_2_D15,HUVEC-01,2,D15,sirna_156,HUVEC,1,images/HUVEC-01/Plate2,{experiment}/Plate{plate}/{well}_s{site}_w{channel}.png,images
HUVEC-01_2_D16,HUVEC-01,2,D16,sirna_573,HUVEC,1,images/HUVEC-01/Plate2,{experiment}/Plate{plate}/{well}_s{site}_w{channel}.png,images
HUVEC-01_2_D17,HUVEC-01,2,D17,sirna_760,HUVEC,1,images/HUVEC-01/Plate2,{experiment}/Plate{plate}/{well}_s{site}_w{channel}.png,images
HUVEC-01_2_D18,HUVEC-01,2,D18,sirna_543,HUVEC,1,images/HUVEC-01/Plate2,{experiment}/Plate{plate}/{well}_s{site}_w{channel}.png,images
HUVEC-01_2_D19,HUVEC-01,2,D19,sirna_164,HUVEC,1,images/HUVEC-01/Plate2,{experiment}/Plate{plate}/{well}_s{site}_w{channel}.png,images
HUVEC-01_2_D20,HUVEC-01,2,D20,sirna_968,HUVEC,1,images/HUVEC-01/Plate2,{experiment}/Plate{plate}/{well}_s{site}_w{channel}.png,images
HUVEC-01_2_D21,HUVEC-01,2,D21,sirna_429,HUVEC,1,images/HUVEC-01/Plate2,{experiment}/Plate{plate}/{well}_s{site}_w{channel}.png,images
HUVEC-01_2_D22,HUVEC-01,2,D22,sirna_412,HUVEC,1,images/HUVEC-01/Plate2,{experiment}/Plate{plate}/{well}_s{site}_w{channel}.png,images
HUVEC-01_2_D23,HUVEC-01,2,D23,sirna_72,HUVEC,1,images/HUVEC-01/Plate2,{experiment}/Plate{plate}/{well}_s{site}_w{channel}.png,images
HUVEC-01_2_E02,HUVEC-01,2,E02,sirna_320,HUVEC,1,images/HUVEC-01/Plate2,{experiment}/Plate{plate}/{well}_s{site}_w{channel}.png,images
HUVEC-01_2_E03,HUVEC-01,2,E03,sirna_9,HUVEC,1,images/HUVEC-01/Plate2,{experiment}/Plate{plate}/{well}_s{site}_w{channel}.png,images
HUVEC-01_2_E04,HUVEC-01,2,E04,sirna_184,HUVEC,1,images/HUVEC-01/Plate2,{experiment}/Plate{plate}/{well}_s{site}_w{channel}.png,images
HUVEC-01_2_E05,HUVEC-01,2,E05,sirna_55,HUVEC,1,images/HUVEC-01/Plate2,{experiment}/Plate{plate}/{well}_s{site}_w{channel}.png,images
HUVEC-01_2_E06,HUVEC-01,2,E06,sirna_508,HUVEC,1,images/HUVEC-01/Plate2,{experiment}/Plate{plate}/{well}_s{site}_w{channel}.png,images
HUVEC-01_2_E07,HUVEC-01,2,E07,sirna_393,HUVEC,1,images/HUVEC-01/Plate2,{experiment}/Plate{plate}/{well}_s{site}_w{channel}.png,images
HUVEC-01_2_E08,HUVEC-01,2,E08,sirna_170,HUVEC,1,images/HUVEC-01/Plate2,{experiment}/Plate{plate}/{well}_s{site}_w{channel}.png,images
HUVEC-01_2_E09,HUVEC-01,2,E09,sirna_600,HUVEC,1,images/HUVEC-01/Plate2,{experiment}/Plate{plate}/{well}_s{site}_w{channel}.png,images
HUVEC-01_2_E10,HUVEC-01,2,E10,sirna_4,HUVEC,1,images/HUVEC-01/Plate2,{experiment}/Plate{plate}/{well}_s{site}_w{channel}.png,images
HUVEC-01_2_E11,HUVEC-01,2,E11,sirna_627,HUVEC,1,images/HUVEC-01/Plate2,{experiment}/Plate{plate}/{well}_s{site}_w{channel}.png,images
HUVEC-01_2_E12,HUVEC-01,2,E12,sirna_356,HUVEC,1,images/HUVEC-01/Plate2,{experiment}/Plate{plate}/{well}_s{site}_w{channel}.png,images
HUVEC-01_2_E13,HUVEC-01,2,E13,sirna_192,HUVEC,1,images/HUVEC-01/Plate2,{experiment}/Plate{plate}/{well}_s{site}_w{channel}.png,images
HUVEC-01_2_E14,HUVEC-01,2,E14,sirna_992,HUVEC,1,images/HUVEC-01/Plate2,{experiment}/Plate{plate}/{well}_s{site}_w{channel}.png,images
HUVEC-01_2_E15,HUVEC-01,2,E15,sirna_830,HUVEC,1,images/HUVEC-01/Plate2,{experiment}/Plate{plate}/{well}_s{site}_w{channel}.png,images
HUVEC-01_2_E16,HUVEC-01,2,E16,sirna_884,HUVEC,1,images/HUVEC-01/Plate2,{experiment}/Plate{plate}/{well}_s{site}_w{channel}.png,images
HUVEC-01_2_E17,HUVEC-01,2,E17,sirna_823,HUVEC,1,images/HUVEC-01/Plate2,{experiment}/Plate{plate}/{well}_s{site}_w{channel}.png,images
HUVEC-01_2_E18,HUVEC-01,2,E18,sirna_1039,HUVEC,1,images/HUVEC-01/Plate2,{experiment}/Plate{plate}/{well}_s{site}_w{channel}.png,images
HUVEC-01_2_E19,HUVEC-01,2,E19,sirna_124,HUVEC,1,images/HUVEC-01/Plate2,{experiment}/Plate{plate}/{well}_s{site}_w{channel}.png,images
HUVEC-01_2_E20,HUVEC-01,2,E20,sirna_1097,HUVEC,1,images/HUVEC-01/Plate2,{experiment}/Plate{plate}/{well}_s{site}_w{channel}.png,images
HUVEC-01_2_E21,HUVEC-01,2,E21,sirna_700,HUVEC,1,images/HUVEC-01/Plate2,{experiment}/Plate{plate}/{well}_s{site}_w{channel}.png,images
HUVEC-01_2_E22,HUVEC-01,2,E22,sirna_623,HUVEC,1,images/HUVEC-01/Plate2,{experiment}/Plate{plate}/{well}_s{site}_w{channel}.png,images
HUVEC-01_2_E23,HUVEC-01,2,E23,sirna_894,HUVEC,1,images/HUVEC-01/Plate2,{experiment}/Plate{plate}/{well}_s{site}_w{channel}.png,images
HUVEC-01_2_F02,HUVEC-01,2,F02,sirna_554,HUVEC,1,images/HUVEC-01/Plate2,{experiment}/Plate{plate}/{well}_s{site}_w{channel}.png,images
HUVEC-01_2_F04,HUVEC-01,2,F04,sirna_976,HUVEC,1,images/HUVEC-01/Plate2,{experiment}/Plate{plate}/{well}_s{site}_w{channel}.png,images
HUVEC-01_2_F05,HUVEC-01,2,F05,sirna_605,HUVEC,1,images/HUVEC-01/Plate2,{experiment}/Plate{plate}/{well}_s{site}_w{channel}.png,images
HUVEC-01_2_F06,HUVEC-01,2,F06,sirna_966,HUVEC,1,images/HUVEC-01/Plate2,{experiment}/Plate{plate}/{well}_s{site}_w{channel}.png,images
HUVEC-01_2_F08,HUVEC-01,2,F08,sirna_300,HUVEC,1,images/HUVEC-01/Plate2,{experiment}/Plate{plate}/{well}_s{site}_w{channel}.png,images
HUVEC-01_2_F09,HUVEC-01,2,F09,sirna_1008,HUVEC,1,images/HUVEC-01/Plate2,{experiment}/Plate{plate}/{well}_s{site}_w{channel}.png,images
HUVEC-01_2_F10,HUVEC-01,2,F10,sirna_558,HUVEC,1,images/HUVEC-01/Plate2,{experiment}/Plate{plate}/{well}_s{site}_w{channel}.png,images
HUVEC-01_2_F12,HUVEC-01,2,F12,sirna_491,HUVEC,1,images/HUVEC-01/Plate2,{experiment}/Plate{plate}/{well}_s{site}_w{channel}.png,images
HUVEC-01_2_F13,HUVEC-01,2,F13,sirna_657,HUVEC,1,images/HUVEC-01/Plate2,{experiment}/Plate{plate}/{well}_s{site}_w{channel}.png,images
HUVEC-01_2_F14,HUVEC-01,2,F14,sirna_65,HUVEC,1,images/HUVEC-01/Plate2,{experiment}/Plate{plate}/{well}_s{site}_w{channel}.png,images
HUVEC-01_2_F16,HUVEC-01,2,F16,sirna_92,HUVEC,1,images/HUVEC-01/Plate2,{experiment}/Plate{plate}/{well}_s{site}_w{channel}.png,images
HUVEC-01_2_F17,HUVEC-01,2,F17,sirna_492,HUVEC,1,images/HUVEC-01/Plate2,{experiment}/Plate{plate}/{well}_s{site}_w{channel}.png,images
HUVEC-01_2_F18,HUVEC-01,2,F18,sirna_57,HUVEC,1,images/HUVEC-01/Plate2,{experiment}/Plate{plate}/{well}_s{site}_w{channel}.png,images
HUVEC-01_2_F20,HUVEC-01,2,F20,sirna_73,HUVEC,1,images/HUVEC-01/Plate2,{experiment}/Plate{plate}/{well}_s{site}_w{channel}.png,images
HUVEC-01_2_F21,HUVEC-01,2,F21,sirna_778,HUVEC,1,images/HUVEC-01/Plate2,{experiment}/Plate{plate}/{well}_s{site}_w{channel}.png,images
HUVEC-01_2_F23,HUVEC-01,2,F23,sirna_642,HUVEC,1,images/HUVEC-01/Plate2,{experiment}/Plate{plate}/{well}_s{site}_w{channel}.png,images
HUVEC-01_2_G02,HUVEC-01,2,G02,sirna_579,HUVEC,1,images/HUVEC-01/Plate2,{experiment}/Plate{plate}/{well}_s{site}_w{channel}.png,images
HUVEC-01_2_G03,HUVEC-01,2,G03,sirna_30,HUVEC,1,images/HUVEC-01/Plate2,{experiment}/Plate{plate}/{well}_s{site}_w{channel}.png,images
HUVEC-01_2_G04,HUVEC-01,2,G04,sirna_25,HUVEC,1,images/HUVEC-01/Plate2,{experiment}/Plate{plate}/{well}_s{site}_w{channel}.png,images
HUVEC-01_2_G05,HUVEC-01,2,G05,sirna_1117,HUVEC,1,images/HUVEC-01/Plate2,{experiment}/Plate{plate}/{well}_s{site}_w{channel}.png,images
HUVEC-01_2_G06,HUVEC-01,2,G06,sirna_350,HUVEC,1,images/HUVEC-01/Plate2,{experiment}/Plate{plate}/{well}_s{site}_w{channel}.png,images
HUVEC-01_2_G07,HUVEC-01,2,G07,sirna_41,HUVEC,1,images/HUVEC-01/Plate2,{experiment}/Plate{plate}/{well}_s{site}_w{channel}.png,images
HUVEC-01_2_G08,HUVEC-01,2,G08,sirna_42,HUVEC,1,images/HUVEC-01/Plate2,{experiment}/Plate{plate}/{well}_s{site}_w{channel}.png,images
HUVEC-01_2_G09,HUVEC-01,2,G09,sirna_900,HUVEC,1,images/HUVEC-01/Plate2,{experiment}/Plate{plate}/{well}_s{site}_w{channel}.png,images
HUVEC-01_2_G10,HUVEC-01,2,G10,sirna_200,HUVEC,1,images/HUVEC-01/Plate2,{experiment}/Plate{plate}/{well}_s{site}_w{channel}.png,images
HUVEC-01_2_G11,HUVEC-01,2,G11,sirna_914,HUVEC,1,images/HUVEC-01/Plate2,{experiment}/Plate{plate}/{well}_s{site}_w{channel}.png,images
HUVEC-01_2_G12,HUVEC-01,2,G12,sirna_490,HUVEC,1,images/HUVEC-01/Plate2,{experiment}/Plate{plate}/{well}_s{site}_w{channel}.png,images
HUVEC-01_2_G13,HUVEC-01,2,G13,sirna_249,HUVEC,1,images/HUVEC-01/Plate2,{experiment}/Plate{plate}/{well}_s{site}_w{channel}.png,images
HUVEC-01_2_G14,HUVEC-01,2,G14,sirna_973,HUVEC,1,images/HUVEC-01/Plate2,{experiment}/Plate{plate}/{well}_s{site}_w{channel}.png,images
HUVEC-01_2_G15,HUVEC-01,2,G15,sirna_122,HUVEC,1,images/HUVEC-01/Plate2,{experiment}/Plate{plate}/{well}_s{site}_w{channel}.png,images
HUVEC-01_2_G16,HUVEC-01,2,G16,sirna_763,HUVEC,1,images/HUVEC-01/Plate2,{experiment}/Plate{plate}/{well}_s{site}_w{channel}.png,images
HUVEC-01_2_G17,HUVEC-01,2,G17,sirna_939,HUVEC,1,images/HUVEC-01/Plate2,{experiment}/Plate{plate}/{well}_s{site}_w{channel}.png,images
HUVEC-01_2_G18,HUVEC-01,2,G18,sirna_246,HUVEC,1,images/HUVEC-01/Plate2,{experiment}/Plate{plate}/{well}_s{site}_w{channel}.png,images
HUVEC-01_2_G19,HUVEC-01,2,G19,sirna_317,HUVEC,1,images/HUVEC-01/Plate2,{experiment}/Plate{plate}/{well}_s{site}_w{channel}.png,images
HUVEC-01_2_G20,HUVEC-01,2,G20,sirna_883,HUVEC,1,images/HUVEC-01/Plate2,{experiment}/Plate{plate}/{well}_s{site}_w{channel}.png,images
HUVEC-01_2_G21,HUVEC-01,2,G21,sirna_717,HUVEC,1,images/HUVEC-01/Plate2,{experiment}/Plate{plate}/{well}_s{site}_w{channel}.png,images
HUVEC-01_2_G22,HUVEC-01,2,G22,sirna_552,HUVEC,1,images/HUVEC-01/Plate2,{experiment}/Plate{plate}/{well}_s{site}_w{channel}.png,images
HUVEC-01_2_G23,HUVEC-01,2,G23,sirna_67,HUVEC,1,images/HUVEC-01/Plate2,{experiment}/Plate{plate}/{well}_s{site}_w{channel}.png,images
HUVEC-01_2_H02,HUVEC-01,2,H02,sirna_634,HUVEC,1,images/HUVEC-01/Plate2,{experiment}/Plate{plate}/{well}_s{site}_w{channel}.png,images
HUVEC-01_2_H04,HUVEC-01,2,H04,sirna_48,HUVEC,1,images/HUVEC-01/Plate2,{experiment}/Plate{plate}/{well}_s{site}_w{channel}.png,images
HUVEC-01_2_H05,HUVEC-01,2,H05,sirna_626,HUVEC,1,images/HUVEC-01/Plate2,{experiment}/Plate{plate}/{well}_s{site}_w{channel}.png,images
HUVEC-01_2_H06,HUVEC-01,2,H06,sirna_208,HUVEC,1,images/HUVEC-01/Plate2,{experiment}/Plate{plate}/{well}_s{site}_w{channel}.png,images
HUVEC-01_2_H08,HUVEC-01,2,H08,sirna_820,HUVEC,1,images/HUVEC-01/Plate2,{experiment}/Plate{plate}/{well}_s{site}_w{channel}.png,images
HUVEC-01_2_H09,HUVEC-01,2,H09,sirna_679,HUVEC,1,images/HUVEC-01/Plate2,{experiment}/Plate{plate}/{well}_s{site}_w{channel}.png,images
HUVEC-01_2_H10,HUVEC-01,2,H10,sirna_528,HUVEC,1,images/HUVEC-01/Plate2,{experiment}/Plate{plate}/{well}_s{site}_w{channel}.png,images
HUVEC-01_2_H12,HUVEC-01,2,H12,sirna_875,HUVEC,1,images/HUVEC-01/Plate2,{experiment}/Plate{plate}/{well}_s{site}_w{channel}.png,images
HUVEC-01_2_H13,HUVEC-01,2,H13,sirna_318,HUVEC,1,images/HUVEC-01/Plate2,{experiment}/Plate{plate}/{well}_s{site}_w{channel}.png,images
HUVEC-01_2_H14,HUVEC-01,2,H14,sirna_1124,HUVEC,1,images/HUVEC-01/Plate2,{experiment}/Plate{plate}/{well}_s{site}_w{channel}.png,images
HUVEC-01_2_H16,HUVEC-01,2,H16,sirna_725,HUVEC,1,images/HUVEC-01/Plate2,{experiment}/Plate{plate}/{well}_s{site}_w{channel}.png,images
HUVEC-01_2_H17,HUVEC-01,2,H17,sirna_326,HUVEC,1,images/HUVEC-01/Plate2,{experiment}/Plate{plate}/{well}_s{site}_w{channel}.png,images
HUVEC-01_2_H18,HUVEC-01,2,H18,sirna_770,HUVEC,1,images/HUVEC-01/Plate2,{experiment}/Plate{plate}/{well}_s{site}_w{channel}.png,images
HUVEC-01_2_H20,HUVEC-01,2,H20,sirna_286,HUVEC,1,images/HUVEC-01/Plate2,{experiment}/Plate{plate}/{well}_s{site}_w{channel}.png,images
HUVEC-01_2_H21,HUVEC-01,2,H21,sirna_26,HUVEC,1,images/HUVEC-01/Plate2,{experiment}/Plate{plate}/{well}_s{site}_w{channel}.png,images
HUVEC-01_2_H23,HUVEC-01,2,H23,sirna_466,HUVEC,1,images/HUVEC-01/Plate2,{experiment}/Plate{plate}/{well}_s{site}_w{channel}.png,images
HUVEC-01_2_I02,HUVEC-01,2,I02,sirna_230,HUVEC,1,images/HUVEC-01/Plate2,{experiment}/Plate{plate}/{well}_s{site}_w{channel}.png,images
HUVEC-01_2_I03,HUVEC-01,2,I03,sirna_697,HUVEC,1,images/HUVEC-01/Plate2,{experiment}/Plate{plate}/{well}_s{site}_w{channel}.png,images
HUVEC-01_2_I04,HUVEC-01,2,I04,sirna_886,HUVEC,1,images/HUVEC-01/Plate2,{experiment}/Plate{plate}/{well}_s{site}_w{channel}.png,images
HUVEC-01_2_I05,HUVEC-01,2,I05,sirna_399,HUVEC,1,images/HUVEC-01/Plate2,{experiment}/Plate{plate}/{well}_s{site}_w{channel}.png,images
HUVEC-01_2_I06,HUVEC-01,2,I06,sirna_974,HUVEC,1,images/HUVEC-01/Plate2,{experiment}/Plate{plate}/{well}_s{site}_w{channel}.png,images
HUVEC-01_2_I07,HUVEC-01,2,I07,sirna_970,HUVEC,1,images/HUVEC-01/Plate2,{experiment}/Plate{plate}/{well}_s{site}_w{channel}.png,images
HUVEC-01_2_I08,HUVEC-01,2,I08,sirna_109,HUVEC,1,images/HUVEC-01/Plate2,{experiment}/Plate{plate}/{well}_s{site}_w{channel}.png,images
HUVEC-01_2_I09,HUVEC-01,2,I09,sirna_435,HUVEC,1,images/HUVEC-01/Plate2,{experiment}/Plate{plate}/{well}_s{site}_w{channel}.png,images
HUVEC-01_2_I10,HUVEC-01,2,I10,sirna_359,HUVEC,1,images/HUVEC-01/Plate2,{experiment}/Plate{plate}/{well}_s{site}_w{channel}.png,images
HUVEC-01_2_I11,HUVEC-01,2,I11,sirna_404,HUVEC,1,images/HUVEC-01/Plate2,{experiment}/Plate{plate}/{well}_s{site}_w{channel}.png,images
HUVEC-01_2_I12,HUVEC-01,2,I12,sirna_1100,HUVEC,1,images/HUVEC-01/Plate2,{experiment}/Plate{plate}/{well}_s{site}_w{channel}.png,images
HUVEC-01_2_I13,HUVEC-01,2,I13,sirna_774,HUVEC,1,images/HUVEC-01/Plate2,{experiment}/Plate{plate}/{well}_s{site}_w{channel}.png,images
HUVEC-01_2_I14,HUVEC-01,2,I14,sirna_198,HUVEC,1,images/HUVEC-01/Plate2,{experiment}/Plate{plate}/{well}_s{site}_w{channel}.png,images
HUVEC-01_2_I15,HUVEC-01,2,I15,sirna_1101,HUVEC,1,images/HUVEC-01/Plate2,{experiment}/Plate{plate}/{well}_s{site}_w{channel}.png,images
HUVEC-01_2_I16,HUVEC-01,2,I16,sirna_1094,HUVEC,1,images/HUVEC-01/Plate2,{experiment}/Plate{plate}/{well}_s{site}_w{channel}.png,images
HUVEC-01_2_I17,HUVEC-01,2,I17,sirna_123,HUVEC,1,images/HUVEC-01/Plate2,{experiment}/Plate{plate}/{well}_s{site}_w{channel}.png,images
HUVEC-01_2_I18,HUVEC-01,2,I18,sirna_559,HUVEC,1,images/HUVEC-01/Plate2,{experiment}/Plate{plate}/{well}_s{site}_w{channel}.png,images
HUVEC-01_2_I19,HUVEC-01,2,I19,sirna_578,HUVEC,1,images/HUVEC-01/Plate2,{experiment}/Plate{plate}/{well}_s{site}_w{channel}.png,images
HUVEC-01_2_I20,HUVEC-01,2,I20,sirna_216,HUVEC,1,images/HUVEC-01/Plate2,{experiment}/Plate{plate}/{well}_s{site}_w{channel}.png,images
HUVEC-01_2_I21,HUVEC-01,2,I21,sirna_147,HUVEC,1,images/HUVEC-01/Plate2,{experiment}/Plate{plate}/{well}_s{site}_w{channel}.png,images
HUVEC-01_2_I22,HUVEC-01,2,I22,sirna_1041,HUVEC,1,images/HUVEC-01/Plate2,{experiment}/Plate{plate}/{well}_s{site}_w{channel}.png,images
HUVEC-01_2_I23,HUVEC-01,2,I23,sirna_54,HUVEC,1,images/HUVEC-01/Plate2,{experiment}/Plate{plate}/{well}_s{site}_w{channel}.png,images
HUVEC-01_2_J02,HUVEC-01,2,J02,sirna_328,HUVEC,1,images/HUVEC-01/Plate2,{experiment}/Plate{plate}/{well}_s{site}_w{channel}.png,images
HUVEC-01_2_J04,HUVEC-01,2,J04,sirna_138,HUVEC,1,images/HUVEC-01/Plate2,{experiment}/Plate{plate}/{well}_s{site}_w{channel}.png,images
HUVEC-01_2_J05,HUVEC-01,2,J05,sirna_471,HUVEC,1,images/HUVEC-01/Plate2,{experiment}/Plate{plate}/{well}_s{site}_w{channel}.png,images
HUVEC-01_2_J06,HUVEC-01,2,J06,sirna_705,HUVEC,1,images/HUVEC-01/Plate2,{experiment}/Plate{plate}/{well}_s{site}_w{channel}.png,images
HUVEC-01_2_J08,HUVEC-01,2,J08,sirna_148,HUVEC,1,images/HUVEC-01/Plate2,{experiment}/Plate{plate}/{well}_s{site}_w{channel}.png,images
HUVEC-01_2_J09,HUVEC-01,2,J09,sirna_440,HUVEC,1,images/HUVEC-01/Plate2,{experiment}/Plate{plate}/{well}_s{site}_w{channel}.png,images
HUVEC-01_2_J10,HUVEC-01,2,J10,sirna_324,HUVEC,1,images/HUVEC-01/Plate2,{experiment}/Plate{plate}/{well}_s{site}_w{channel}.png,images
HUVEC-01_2_J12,HUVEC-01,2,J12,sirna_783,HUVEC,1,images/HUVEC-01/Plate2,{experiment}/Plate{plate}/{well}_s{site}_w{channel}.png,images
HUVEC-01_2_J13,HUVEC-01,2,J13,sirna_655,HUVEC,1,images/HUVEC-01/Plate2,{experiment}/Plate{plate}/{well}_s{site}_w{channel}.png,images
HUVEC-01_2_J14,HUVEC-01,2,J14,sirna_484,HUVEC,1,images/HUVEC-01/Plate2,{experiment}/Plate{plate}/{well}_s{site}_w{channel}.png,images
HUVEC-01_2_J16,HUVEC-01,2,J16,sirna_784,HUVEC,1,images/HUVEC-01/Plate2,{experiment}/Plate{plate}/{well}_s{site}_w{channel}.png,images
HUVEC-01_2_J17,HUVEC-01,2,J17,sirna_169,HUVEC,1,images/HUVEC-01/Plate2,{experiment}/Plate{plate}/{well}_s{site}_w{channel}.png,images
HUVEC-01_2_J18,HUVEC-01,2,J18,sirna_776,HUVEC,1,images/HUVEC-01/Plate2,{experiment}/Plate{plate}/{well}_s{site}_w{channel}.png,images
HUVEC-01_2_J20,HUVEC-01,2,J20,sirna_601,HUVEC,1,images/HUVEC-01/Plate2,{experiment}/Plate{plate}/{well}_s{site}_w{channel}.png,images
HUVEC-01_2_J21,HUVEC-01,2,J21,sirna_278,HUVEC,1,images/HUVEC-01/Plate2,{experiment}/Plate{plate}/{well}_s{site}_w{channel}.png,images
HUVEC-01_2_J23,HUVEC-01,2,J23,sirna_665,HUVEC,1,images/HUVEC-01/Plate2,{experiment}/Plate{plate}/{well}_s{site}_w{channel}.png,images
HUVEC-01_2_K02,HUVEC-01,2,K02,sirna_809,HUVEC,1,images/HUVEC-01/Plate2,{experiment}/Plate{plate}/{well}_s{site}_w{channel}.png,images
HUVEC-01_2_K03,HUVEC-01,2,K03,sirna_119,HUVEC,1,images/HUVEC-01/Plate2,{experiment}/Plate{plate}/{well}_s{site}_w{channel}.png,images
HUVEC-01_2_K04,HUVEC-01,2,K04,sirna_107,HUVEC,1,images/HUVEC-01/Plate2,{experiment}/Plate{plate}/{well}_s{site}_w{channel}.png,images
HUVEC-01_2_K05,HUVEC-01,2,K05,sirna_858,HUVEC,1,images/HUVEC-01/Plate2,{experiment}/Plate{plate}/{well}_s{site}_w{channel}.png,images
HUVEC-01_2_K06,HUVEC-01,2,K06,sirna_1067,HUVEC,1,images/HUVEC-01/Plate2,{experiment}/Plate{plate}/{well}_s{site}_w{channel}.png,images
HUVEC-01_2_K07,HUVEC-01,2,K07,sirna_556,HUVEC,1,images/HUVEC-01/Plate2,{experiment}/Plate{plate}/{well}_s{site}_w{channel}.png,images
HUVEC-01_2_K08,HUVEC-01,2,K08,sirna_376,HUVEC,1,images/HUVEC-01/Plate2,{experiment}/Plate{plate}/{well}_s{site}_w{channel}.png,images
HUVEC-01_2_K09,HUVEC-01,2,K09,sirna_1082,HUVEC,1,images/HUVEC-01/Plate2,{experiment}/Plate{plate}/{well}_s{site}_w{channel}.png,images
HUVEC-01_2_K10,HUVEC-01,2,K10,sirna_195,HUVEC,1,images/HUVEC-01/Plate2,{experiment}/Plate{plate}/{well}_s{site}_w{channel}.png,images
HUVEC-01_2_K11,HUVEC-01,2,K11,sirna_547,HUVEC,1,images/HUVEC-01/Plate2,{experiment}/Plate{plate}/{well}_s{site}_w{channel}.png,images
HUVEC-01_2_K12,HUVEC-01,2,K12,sirna_866,HUVEC,1,images/HUVEC-01/Plate2,{experiment}/Plate{plate}/{well}_s{site}_w{channel}.png,images
HUVEC-01_2_K13,HUVEC-01,2,K13,sirna_409,HUVEC,1,images/HUVEC-01/Plate2,{experiment}/Plate{plate}/{well}_s{site}_w{channel}.png,images
HUVEC-01_2_K14,HUVEC-01,2,K14,sirna_204,HUVEC,1,images/HUVEC-01/Plate2,{experiment}/Plate{plate}/{well}_s{site}_w{channel}.png,images
HUVEC-01_2_K15,HUVEC-01,2,K15,sirna_242,HUVEC,1,images/HUVEC-01/Plate2,{experiment}/Plate{plate}/{well}_s{site}_w{channel}.png,images
HUVEC-01_2_K16,HUVEC-01,2,K16,sirna_49,HUVEC,1,images/HUVEC-01/Plate2,{experiment}/Plate{plate}/{well}_s{site}_w{channel}.png,images
HUVEC-01_2_K17,HUVEC-01,2,K17,sirna_1073,HUVEC,1,images/HUVEC-01/Plate2,{experiment}/Plate{plate}/{well}_s{site}_w{channel}.png,images
HUVEC-01_2_K18,HUVEC-01,2,K18,sirna_951,HUVEC,1,images/HUVEC-01/Plate2,{experiment}/Plate{plate}/{well}_s{site}_w{channel}.png,images
HUVEC-01_2_K19,HUVEC-01,2,K19,sirna_746,HUVEC,1,images/HUVEC-01/Plate2,{experiment}/Plate{plate}/{well}_s{site}_w{channel}.png,images
HUVEC-01_2_K20,HUVEC-01,2,K20,sirna_1083,HUVEC,1,images/HUVEC-01/Plate2,{experiment}/Plate{plate}/{well}_s{site}_w{channel}.png,images
HUVEC-01_2_K21,HUVEC-01,2,K21,sirna_480,HUVEC,1,images/HUVEC-01/Plate2,{experiment}/Plate{plate}/{well}_s{site}_w{channel}.png,images
HUVEC-01_2_K22,HUVEC-01,2,K22,sirna_64,HUVEC,1,images/HUVEC-01/Plate2,{experiment}/Plate{plate}/{well}_s{site}_w{channel}.png,images
HUVEC-01_2_K23,HUVEC-01,2,K23,sirna_341,HUVEC,1,images/HUVEC-01/Plate2,{experiment}/Plate{plate}/{well}_s{site}_w{channel}.png,images
HUVEC-01_2_L02,HUVEC-01,2,L02,sirna_758,HUVEC,1,images/HUVEC-01/Plate2,{experiment}/Plate{plate}/{well}_s{site}_w{channel}.png,images
HUVEC-01_2_L03,HUVEC-01,2,L03,sirna_946,HUVEC,1,images/HUVEC-01/Plate2,{experiment}/Plate{plate}/{well}_s{site}_w{channel}.png,images
HUVEC-01_2_L04,HUVEC-01,2,L04,sirna_860,HUVEC,1,images/HUVEC-01/Plate2,{experiment}/Plate{plate}/{well}_s{site}_w{channel}.png,images
HUVEC-01_2_L05,HUVEC-01,2,L05,sirna_739,HUVEC,1,images/HUVEC-01/Plate2,{experiment}/Plate{plate}/{well}_s{site}_w{channel}.png,images
HUVEC-01_2_L06,HUVEC-01,2,L06,sirna_100,HUVEC,1,images/HUVEC-01/Plate2,{experiment}/Plate{plate}/{well}_s{site}_w{channel}.png,images
HUVEC-01_2_L07,HUVEC-01,2,L07,sirna_666,HUVEC,1,images/HUVEC-01/Plate2,{experiment}/Plate{plate}/{well}_s{site}_w{channel}.png,images
HUVEC-01_2_L08,HUVEC-01,2,L08,sirna_196,HUVEC,1,images/HUVEC-01/Plate2,{experiment}/Plate{plate}/{well}_s{site}_w{channel}.png,images
HUVEC-01_2_L09,HUVEC-01,2,L09,sirna_752,HUVEC,1,images/HUVEC-01/Plate2,{experiment}/Plate{plate}/{well}_s{site}_w{channel}.png,images
HUVEC-01_2_L10,HUVEC-01,2,L10,sirna_7,HUVEC,1,images/HUVEC-01/Plate2,{experiment}/Plate{plate}/{well}_s{site}_w{channel}.png,images
HUVEC-01_2_L11,HUVEC-01,2,L11,sirna_712,HUVEC,1,images/HUVEC-01/Plate2,{experiment}/Plate{plate}/{well}_s{site}_w{channel}.png,images
HUVEC-01_2_L12,HUVEC-01,2,L12,sirna_413,HUVEC,1,images/HUVEC-01/Plate2,{experiment}/Plate{plate}/{well}_s{site}_w{channel}.png,images
HUVEC-01_2_L13,HUVEC-01,2,L13,sirna_876,HUVEC,1,images/HUVEC-01/Plate2,{experiment}/Plate{plate}/{well}_s{site}_w{channel}.png,images
HUVEC-01_2_L14,HUVEC-01,2,L14,sirna_1032,HUVEC,1,images/HUVEC-01/Plate2,{experiment}/Plate{plate}/{well}_s{site}_w{channel}.png,images
HUVEC-01_2_L15,HUVEC-01,2,L15,sirna_38,HUVEC,1,images/HUVEC-01/Plate2,{experiment}/Plate{plate}/{well}_s{site}_w{channel}.png,images
HUVEC-01_2_L16,HUVEC-01,2,L16,sirna_468,HUVEC,1,images/HUVEC-01/Plate2,{experiment}/Plate{plate}/{well}_s{site}_w{channel}.png,images
HUVEC-01_2_L17,HUVEC-01,2,L17,sirna_357,HUVEC,1,images/HUVEC-01/Plate2,{experiment}/Plate{plate}/{well}_s{site}_w{channel}.png,images
HUVEC-01_2_L18,HUVEC-01,2,L18,sirna_1125,HUVEC,1,images/HUVEC-01/Plate2,{experiment}/Plate{plate}/{well}_s{site}_w{channel}.png,images
HUVEC-01_2_L19,HUVEC-01,2,L19,sirna_157,HUVEC,1,images/HUVEC-01/Plate2,{experiment}/Plate{plate}/{well}_s{site}_w{channel}.png,images
HUVEC-01_2_L20,HUVEC-01,2,L20,sirna_436,HUVEC,1,images/HUVEC-01/Plate2,{experiment}/Plate{plate}/{well}_s{site}_w{channel}.png,images
HUVEC-01_2_L21,HUVEC-01,2,L21,sirna_1020,HUVEC,1,images/HUVEC-01/Plate2,{experiment}/Plate{plate}/{well}_s{site}_w{channel}.png,images
HUVEC-01_2_L22,HUVEC-01,2,L22,sirna_645,HUVEC,1,images/HUVEC-01/Plate2,{experiment}/Plate{plate}/{well}_s{site}_w{channel}.png,images
HUVEC-01_2_L23,HUVEC-01,2,L23,sirna_669,HUVEC,1,images/HUVEC-01/Plate2,{experiment}/Plate{plate}/{well}_s{site}_w{channel}.png,images
HUVEC-01_2_M02,HUVEC-01,2,M02,sirna_835,HUVEC,1,images/HUVEC-01/Plate2,{experiment}/Plate{plate}/{well}_s{site}_w{channel}.png,images
HUVEC-01_2_M04,HUVEC-01,2,M04,sirna_878,HUVEC,1,images/HUVEC-01/Plate2,{experiment}/Plate{plate}/{well}_s{site}_w{channel}.png,images
HUVEC-01_2_M05,HUVEC-01,2,M05,sirna_510,HUVEC,1,images/HUVEC-01/Plate2,{experiment}/Plate{plate}/{well}_s{site}_w{channel}.png,images
HUVEC-01_2_M06,HUVEC-01,2,M06,sirna_922,HUVEC,1,images/HUVEC-01/Plate2,{experiment}/Plate{plate}/{well}_s{site}_w{channel}.png,images
HUVEC-01_2_M08,HUVEC-01,2,M08,sirna_14,HUVEC,1,images/HUVEC-01/Plate2,{experiment}/Plate{plate}/{well}_s{site}_w{channel}.png,images
HUVEC-01_2_M09,HUVEC-01,2,M09,sirna_319,HUVEC,1,images/HUVEC-01/Plate2,{experiment}/Plate{plate}/{well}_s{site}_w{channel}.png,images
HUVEC-01_2_M10,HUVEC-01,2,M10,sirna_37,HUVEC,1,images/HUVEC-01/Plate2,{experiment}/Plate{plate}/{well}_s{site}_w{channel}.png,images
HUVEC-01_2_M12,HUVEC-01,2,M12,sirna_231,HUVEC,1,images/HUVEC-01/Plate2,{experiment}/Plate{plate}/{well}_s{site}_w{channel}.png,images
HUVEC-01_2_M13,HUVEC-01,2,M13,sirna_1005,HUVEC,1,images/HUVEC-01/Plate2,{experiment}/Plate{plate}/{well}_s{site}_w{channel}.png,images
HUVEC-01_2_M14,HUVEC-01,2,M14,sirna_255,HUVEC,1,images/HUVEC-01/Plate2,{experiment}/Plate{plate}/{well}_s{site}_w{channel}.png,images
HUVEC-01_2_M16,HUVEC-01,2,M16,sirna_748,HUVEC,1,images/HUVEC-01/Plate2,{experiment}/Plate{plate}/{well}_s{site}_w{channel}.png,images
HUVEC-01_2_M17,HUVEC-01,2,M17,sirna_479,HUVEC,1,images/HUVEC-01/Plate2,{experiment}/Plate{plate}/{well}_s{site}_w{channel}.png,images
HUVEC-01_2_M18,HUVEC-01,2,M18,sirna_77,HUVEC,1,images/HUVEC-01/Plate2,{experiment}/Plate{plate}/{well}_s{site}_w{channel}.png,images
HUVEC-01_2_M20,HUVEC-01,2,M20,sirna_8,HUVEC,1,images/HUVEC-01/Plate2,{experiment}/Plate{plate}/{well}_s{site}_w{channel}.png,images
HUVEC-01_2_M21,HUVEC-01,2,M21,sirna_560,HUVEC,1,images/HUVEC-01/Plate2,{experiment}/Plate{plate}/{well}_s{site}_w{channel}.png,images
HUVEC-01_2_M23,HUVEC-01,2,M23,sirna_469,HUVEC,1,images/HUVEC-01/Plate2,{experiment}/Plate{plate}/{well}_s{site}_w{channel}.png,images
HUVEC-01_2_N02,HUVEC-01,2,N02,sirna_97,HUVEC,1,images/HUVEC-01/Plate2,{experiment}/Plate{plate}/{well}_s{site}_w{channel}.png,images
HUVEC-01_2_N03,HUVEC-01,2,N03,sirna_130,HUVEC,1,images/HUVEC-01/Plate2,{experiment}/Plate{plate}/{well}_s{site}_w{channel}.png,images
HUVEC-01_2_N04,HUVEC-01,2,N04,sirna_485,HUVEC,1,images/HUVEC-01/Plate2,{experiment}/Plate{plate}/{well}_s{site}_w{channel}.png,images
HUVEC-01_2_N05,HUVEC-01,2,N05,sirna_259,HUVEC,1,images/HUVEC-01/Plate2,{experiment}/Plate{plate}/{well}_s{site}_w{channel}.png,images
HUVEC-01_2_N06,HUVEC-01,2,N06,sirna_931,HUVEC,1,images/HUVEC-01/Plate2,{experiment}/Plate{plate}/{well}_s{site}_w{channel}.png,images
HUVEC-01_2_N07,HUVEC-01,2,N07,sirna_106,HUVEC,1,images/HUVEC-01/Plate2,{experiment}/Plate{plate}/{well}_s{site}_w{channel}.png,images
HUVEC-01_2_N08,HUVEC-01,2,N08,sirna_977,HUVEC,1,images/HUVEC-01/Plate2,{experiment}/Plate{plate}/{well}_s{site}_w{channel}.png,images
HUVEC-01_2_N09,HUVEC-01,2,N09,sirna_862,HUVEC,1,images/HUVEC-01/Plate2,{experiment}/Plate{plate}/{well}_s{site}_w{channel}.png,images
HUVEC-01_2_N10,HUVEC-01,2,N10,sirna_905,HUVEC,1,images/HUVEC-01/Plate2,{experiment}/Plate{plate}/{well}_s{site}_w{channel}.png,images
HUVEC-01_2_N11,HUVEC-01,2,N11,sirna_1053,HUVEC,1,images/HUVEC-01/Plate2,{experiment}/Plate{plate}/{well}_s{site}_w{channel}.png,images
HUVEC-01_2_N12,HUVEC-01,2,N12,sirna_972,HUVEC,1,images/HUVEC-01/Plate2,{experiment}/Plate{plate}/{well}_s{site}_w{channel}.png,images
HUVEC-01_2_N13,HUVEC-01,2,N13,sirna_792,HUVEC,1,images/HUVEC-01/Plate2,{experiment}/Plate{plate}/{well}_s{site}_w{channel}.png,images
HUVEC-01_2_N14,HUVEC-01,2,N14,sirna_1065,HUVEC,1,images/HUVEC-01/Plate2,{experiment}/Plate{plate}/{well}_s{site}_w{channel}.png,images
HUVEC-01_2_N15,HUVEC-01,2,N15,sirna_937,HUVEC,1,images/HUVEC-01/Plate2,{experiment}/Plate{plate}/{well}_s{site}_w{channel}.png,images
HUVEC-01_2_N16,HUVEC-01,2,N16,sirna_1028,HUVEC,1,images/HUVEC-01/Plate2,{experiment}/Plate{plate}/{well}_s{site}_w{channel}.png,images
HUVEC-01_2_N17,HUVEC-01,2,N17,sirna_773,HUVEC,1,images/HUVEC-01/Plate2,{experiment}/Plate{plate}/{well}_s{site}_w{channel}.png,images
HUVEC-01_2_N18,HUVEC-01,2,N18,sirna_59,HUVEC,1,images/HUVEC-01/Plate2,{experiment}/Plate{plate}/{well}_s{site}_w{channel}.png,images
HUVEC-01_2_N19,HUVEC-01,2,N19,sirna_297,HUVEC,1,images/HUVEC-01/Plate2,{experiment}/Plate{plate}/{well}_s{site}_w{channel}.png,images
HUVEC-01_2_N20,HUVEC-01,2,N20,sirna_128,HUVEC,1,images/HUVEC-01/Plate2,{experiment}/Plate{plate}/{well}_s{site}_w{channel}.png,images
HUVEC-01_2_N21,HUVEC-01,2,N21,sirna_519,HUVEC,1,images/HUVEC-01/Plate2,{experiment}/Plate{plate}/{well}_s{site}_w{channel}.png,images
HUVEC-01_2_N22,HUVEC-01,2,N22,sirna_161,HUVEC,1,images/HUVEC-01/Plate2,{experiment}/Plate{plate}/{well}_s{site}_w{channel}.png,images
HUVEC-01_2_N23,HUVEC-01,2,N23,sirna_1014,HUVEC,1,images/HUVEC-01/Plate2,{experiment}/Plate{plate}/{well}_s{site}_w{channel}.png,images
HUVEC-01_2_O02,HUVEC-01,2,O02,sirna_296,HUVEC,1,images/HUVEC-01/Plate2,{experiment}/Plate{plate}/{well}_s{site}_w{channel}.png,images
HUVEC-01_2_O03,HUVEC-01,2,O03,sirna_619,HUVEC,1,images/HUVEC-01/Plate2,{experiment}/Plate{plate}/{well}_s{site}_w{channel}.png,images
HUVEC-01_2_O04,HUVEC-01,2,O04,sirna_899,HUVEC,1,images/HUVEC-01/Plate2,{experiment}/Plate{plate}/{well}_s{site}_w{channel}.png,images
HUVEC-01_2_O05,HUVEC-01,2,O05,sirna_918,HUVEC,1,images/HUVEC-01/Plate2,{experiment}/Plate{plate}/{well}_s{site}_w{channel}.png,images
HUVEC-01_2_O06,HUVEC-01,2,O06,sirna_103,HUVEC,1,images/HUVEC-01/Plate2,{experiment}/Plate{plate}/{well}_s{site}_w{channel}.png,images
HUVEC-01_2_O07,HUVEC-01,2,O07,sirna_199,HUVEC,1,images/HUVEC-01/Plate2,{experiment}/Plate{plate}/{well}_s{site}_w{channel}.png,images
HUVEC-01_2_O08,HUVEC-01,2,O08,sirna_233,HUVEC,1,images/HUVEC-01/Plate2,{experiment}/Plate{plate}/{well}_s{site}_w{channel}.png,images
HUVEC-01_2_O09,HUVEC-01,2,O09,sirna_305,HUVEC,1,images/HUVEC-01/Plate2,{experiment}/Plate{plate}/{well}_s{site}_w{channel}.png,images
HUVEC-01_2_O10,HUVEC-01,2,O10,sirna_730,HUVEC,1,images/HUVEC-01/Plate2,{experiment}/Plate{plate}/{well}_s{site}_w{channel}.png,images
HUVEC-01_2_O11,HUVEC-01,2,O11,sirna_47,HUVEC,1,images/HUVEC-01/Plate2,{experiment}/Plate{plate}/{well}_s{site}_w{channel}.png,images
HUVEC-01_2_O12,HUVEC-01,2,O12,sirna_1076,HUVEC,1,images/HUVEC-01/Plate2,{experiment}/Plate{plate}/{well}_s{site}_w{channel}.png,images
HUVEC-01_2_O13,HUVEC-01,2,O13,sirna_643,HUVEC,1,images/HUVEC-01/Plate2,{experiment}/Plate{plate}/{well}_s{site}_w{channel}.png,images
HUVEC-01_2_O14,HUVEC-01,2,O14,sirna_628,HUVEC,1,images/HUVEC-01/Plate2,{experiment}/Plate{plate}/{well}_s{site}_w{channel}.png,images
HUVEC-01_2_O15,HUVEC-01,2,O15,sirna_1126,HUVEC,1,images/HUVEC-01/Plate2,{experiment}/Plate{plate}/{well}_s{site}_w{channel}.png,images
HUVEC-01_2_O16,HUVEC-01,2,O16,sirna_187,HUVEC,1,images/HUVEC-01/Plate2,{experiment}/Plate{plate}/{well}_s{site}_w{channel}.png,images
HUVEC-01_2_O17,HUVEC-01,2,O17,sirna_96,HUVEC,1,images/HUVEC-01/Plate2,{experiment}/Plate{plate}/{well}_s{site}_w{channel}.png,images
HUVEC-01_2_O18,HUVEC-01,2,O18,sirna_641,HUVEC,1,images/HUVEC-01/Plate2,{experiment}/Plate{plate}/{well}_s{site}_w{channel}.png,images
HUVEC-01_2_O19,HUVEC-01,2,O19,sirna_780,HUVEC,1,images/HUVEC-01/Plate2,{experiment}/Plate{plate}/{well}_s{site}_w{channel}.png,images
HUVEC-01_2_O20,HUVEC-01,2,O20,sirna_750,HUVEC,1,images/HUVEC-01/Plate2,{experiment}/Plate{plate}/{well}_s{site}_w{channel}.png,images
HUVEC-01_2_O21,HUVEC-01,2,O21,sirna_406,HUVEC,1,images/HUVEC-01/Plate2,{experiment}/Plate{plate}/{well}_s{site}_w{channel}.png,images
HUVEC-01_2_O22,HUVEC-01,2,O22,sirna_979,HUVEC,1,images/HUVEC-01/Plate2,{experiment}/Plate{plate}/{well}_s{site}_w{channel}.png,images
HUVEC-01_2_O23,HUVEC-01,2,O23,sirna_515,HUVEC,1,images/HUVEC-01/Plate2,{experiment}/Plate{plate}/{well}_s{site}_w{channel}.png,images
HUVEC-01_3_B03,HUVEC-01,3,B03,sirna_781,HUVEC,1,images/HUVEC-01/Plate3,{experiment}/Plate{plate}/{well}_s{site}_w{channel}.png,images
HUVEC-01_3_B04,HUVEC-01,3,B04,sirna_652,HUVEC,1,images/HUVEC-01/Plate3,{experiment}/Plate{plate}/{well}_s{site}_w{channel}.png,images
HUVEC-01_3_B05,HUVEC-01,3,B05,sirna_1075,HUVEC,1,images/HUVEC-01/Plate3,{experiment}/Plate{plate}/{well}_s{site}_w{channel}.png,images
HUVEC-01_3_B06,HUVEC-01,3,B06,sirna_1132,HUVEC,1,images/HUVEC-01/Plate3,{experiment}/Plate{plate}/{well}_s{site}_w{channel}.png,images
HUVEC-01_3_B07,HUVEC-01,3,B07,sirna_405,HUVEC,1,images/HUVEC-01/Plate3,{experiment}/Plate{plate}/{well}_s{site}_w{channel}.png,images
HUVEC-01_3_B08,HUVEC-01,3,B08,sirna_503,HUVEC,1,images/HUVEC-01/Plate3,{experiment}/Plate{plate}/{well}_s{site}_w{channel}.png,images
HUVEC-01_3_B09,HUVEC-01,3,B09,sirna_85,HUVEC,1,images/HUVEC-01/Plate3,{experiment}/Plate{plate}/{well}_s{site}_w{channel}.png,images
HUVEC-01_3_B10,HUVEC-01,3,B10,sirna_685,HUVEC,1,images/HUVEC-01/Plate3,{experiment}/Plate{plate}/{well}_s{site}_w{channel}.png,images
HUVEC-01_3_B11,HUVEC-01,3,B11,sirna_737,HUVEC,1,images/HUVEC-01/Plate3,{experiment}/Plate{plate}/{well}_s{site}_w{channel}.png,images
HUVEC-01_3_B12,HUVEC-01,3,B12,sirna_1096,HUVEC,1,images/HUVEC-01/Plate3,{experiment}/Plate{plate}/{well}_s{site}_w{channel}.png,images
HUVEC-01_3_B13,HUVEC-01,3,B13,sirna_589,HUVEC,1,images/HUVEC-01/Plate3,{experiment}/Plate{plate}/{well}_s{site}_w{channel}.png,images
HUVEC-01_3_B14,HUVEC-01,3,B14,sirna_572,HUVEC,1,images/HUVEC-01/Plate3,{experiment}/Plate{plate}/{well}_s{site}_w{channel}.png,images
HUVEC-01_3_B15,HUVEC-01,3,B15,sirna_314,HUVEC,1,images/HUVEC-01/Plate3,{experiment}/Plate{plate}/{well}_s{site}_w{channel}.png,images
HUVEC-01_3_B16,HUVEC-01,3,B16,sirna_741,HUVEC,1,images/HUVEC-01/Plate3,{experiment}/Plate{plate}/{well}_s{site}_w{channel}.png,images
HUVEC-01_3_B17,HUVEC-01,3,B17,sirna_849,HUVEC,1,images/HUVEC-01/Plate3,{experiment}/Plate{plate}/{well}_s{site}_w{channel}.png,images
HUVEC-01_3_B18,HUVEC-01,3,B18,sirna_1130,HUVEC,1,images/HUVEC-01/Plate3,{experiment}/Plate{plate}/{well}_s{site}_w{channel}.png,images
HUVEC-01_3_B19,HUVEC-01,3,B19,sirna_1087,HUVEC,1,images/HUVEC-01/Plate3,{experiment}/Plate{plate}/{well}_s{site}_w{channel}.png,images
HUVEC-01_3_B20,HUVEC-01,3,B20,sirna_446,HUVEC,1,images/HUVEC-01/Plate3,{experiment}/Plate{plate}/{well}_s{site}_w{channel}.png,images
HUVEC-01_3_B21,HUVEC-01,3,B21,sirna_392,HUVEC,1,images/HUVEC-01/Plate3,{experiment}/Plate{plate}/{well}_s{site}_w{channel}.png,images
HUVEC-01_3_B22,HUVEC-01,3,B22,sirna_620,HUVEC,1,images/HUVEC-01/Plate3,{experiment}/Plate{plate}/{well}_s{site}_w{channel}.png,images
HUVEC-01_3_B23,HUVEC-01,3,B23,sirna_785,HUVEC,1,images/HUVEC-01/Plate3,{experiment}/Plate{plate}/{well}_s{site}_w{channel}.png,images
HUVEC-01_3_C02,HUVEC-01,3,C02,sirna_268,HUVEC,1,images/HUVEC-01/Plate3,{experiment}/Plate{plate}/{well}_s{site}_w{channel}.png,images
HUVEC-01_3_C04,HUVEC-01,3,C04,sirna_638,HUVEC,1,images/HUVEC-01/Plate3,{experiment}/Plate{plate}/{well}_s{site}_w{channel}.png,images
HUVEC-01_3_C05,HUVEC-01,3,C05,sirna_584,HUVEC,1,images/HUVEC-01/Plate3,{experiment}/Plate{plate}/{well}_s{site}_w{channel}.png,images
HUVEC-01_3_C06,HUVEC-01,3,C06,sirna_689,HUVEC,1,images/HUVEC-01/Plate3,{experiment}/Plate{plate}/{well}_s{site}_w{channel}.png,images
HUVEC-01_3_C08,HUVEC-01,3,C08,sirna_269,HUVEC,1,images/HUVEC-01/Plate3,{experiment}/Plate{plate}/{well}_s{site}_w{channel}.png,images
HUVEC-01_3_C09,HUVEC-01,3,C09,sirna_280,HUVEC,1,images/HUVEC-01/Plate3,{experiment}/Plate{plate}/{well}_s{site}_w{channel}.png,images
HUVEC-01_3_C10,HUVEC-01,3,C10,sirna_274,HUVEC,1,images/HUVEC-01/Plate3,{experiment}/Plate{plate}/{well}_s{site}_w{channel}.png,images
HUVEC-01_3_C12,HUVEC-01,3,C12,sirna_987,HUVEC,1,images/HUVEC-01/Plate3,{experiment}/Plate{plate}/{well}_s{site}_w{channel}.png,images
HUVEC-01_3_C13,HUVEC-01,3,C13,sirna_802,HUVEC,1,images/HUVEC-01/Plate3,{experiment}/Plate{plate}/{well}_s{site}_w{channel}.png,images
HUVEC-01_3_C14,HUVEC-01,3,C14,sirna_146,HUVEC,1,images/HUVEC-01/Plate3,{experiment}/Plate{plate}/{well}_s{site}_w{channel}.png,images
HUVEC-01_3_C16,HUVEC-01,3,C16,sirna_944,HUVEC,1,images/HUVEC-01/Plate3,{experiment}/Plate{plate}/{well}_s{site}_w{channel}.png,images
HUVEC-01_3_C17,HUVEC-01,3,C17,sirna_654,HUVEC,1,images/HUVEC-01/Plate3,{experiment}/Plate{plate}/{well}_s{site}_w{channel}.png,images
HUVEC-01_3_C18,HUVEC-01,3,C18,sirna_223,HUVEC,1,images/HUVEC-01/Plate3,{experiment}/Plate{plate}/{well}_s{site}_w{channel}.png,images
HUVEC-01_3_C20,HUVEC-01,3,C20,sirna_159,HUVEC,1,images/HUVEC-01/Plate3,{experiment}/Plate{plate}/{well}_s{site}_w{channel}.png,images
HUVEC-01_3_C21,HUVEC-01,3,C21,sirna_408,HUVEC,1,images/HUVEC-01/Plate3,{experiment}/Plate{plate}/{well}_s{site}_w{channel}.png,images
HUVEC-01_3_C23,HUVEC-01,3,C23,sirna_110,HUVEC,1,images/HUVEC-01/Plate3,{experiment}/Plate{plate}/{well}_s{site}_w{channel}.png,images
HUVEC-01_3_D02,HUVEC-01,3,D02,sirna_612,HUVEC,1,images/HUVEC-01/Plate3,{experiment}/Plate{plate}/{well}_s{site}_w{channel}.png,images
HUVEC-01_3_D03,HUVEC-01,3,D03,sirna_74,HUVEC,1,images/HUVEC-01/Plate3,{experiment}/Plate{plate}/{well}_s{site}_w{channel}.png,images
HUVEC-01_3_D04,HUVEC-01,3,D04,sirna_455,HUVEC,1,images/HUVEC-01/Plate3,{experiment}/Plate{plate}/{well}_s{site}_w{channel}.png,images
HUVEC-01_3_D05,HUVEC-01,3,D05,sirna_786,HUVEC,1,images/HUVEC-01/Plate3,{experiment}/Plate{plate}/{well}_s{site}_w{channel}.png,images
HUVEC-01_3_D06,HUVEC-01,3,D06,sirna_1090,HUVEC,1,images/HUVEC-01/Plate3,{experiment}/Plate{plate}/{well}_s{site}_w{channel}.png,images
HUVEC-01_3_D07,HUVEC-01,3,D07,sirna_742,HUVEC,1,images/HUVEC-01/Plate3,{experiment}/Plate{plate}/{well}_s{site}_w{channel}.png,images
HUVEC-01_3_D08,HUVEC-01,3,D08,sirna_1038,HUVEC,1,images/HUVEC-01/Plate3,{experiment}/Plate{plate}/{well}_s{site}_w{channel}.png,images
HUVEC-01_3_D09,HUVEC-01,3,D09,sirna_1031,HUVEC,1,images/HUVEC-01/Plate3,{experiment}/Plate{plate}/{well}_s{site}_w{channel}.png,images
HUVEC-01_3_D10,HUVEC-01,3,D10,sirna_570,HUVEC,1,images/HUVEC-01/Plate3,{experiment}/Plate{plate}/{well}_s{site}_w{channel}.png,images
HUVEC-01_3_D11,HUVEC-01,3,D11,sirna_245,HUVEC,1,images/HUVEC-01/Plate3,{experiment}/Plate{plate}/{well}_s{site}_w{channel}.png,images
HUVEC-01_3_D12,HUVEC-01,3,D12,sirna_514,HUVEC,1,images/HUVEC-01/Plate3,{experiment}/Plate{plate}/{well}_s{site}_w{channel}.png,images
HUVEC-01_3_D13,HUVEC-01,3,D13,sirna_337,HUVEC,1,images/HUVEC-01/Plate3,{experiment}/Plate{plate}/{well}_s{site}_w{channel}.png,images
HUVEC-01_3_D14,HUVEC-01,3,D14,sirna_853,HUVEC,1,images/HUVEC-01/Plate3,{experiment}/Plate{plate}/{well}_s{site}_w{channel}.png,images
HUVEC-01_3_D15,HUVEC-01,3,D15,sirna_790,HUVEC,1,images/HUVEC-01/Plate3,{experiment}/Plate{plate}/{well}_s{site}_w{channel}.png,images
HUVEC-01_3_D16,HUVEC-01,3,D16,sirna_322,HUVEC,1,images/HUVEC-01/Plate3,{experiment}/Plate{plate}/{well}_s{site}_w{channel}.png,images
HUVEC-01_3_D17,HUVEC-01,3,D17,sirna_729,HUVEC,1,images/HUVEC-01/Plate3,{experiment}/Plate{plate}/{well}_s{site}_w{channel}.png,images
HUVEC-01_3_D18,HUVEC-01,3,D18,sirna_804,HUVEC,1,images/HUVEC-01/Plate3,{experiment}/Plate{plate}/{well}_s{site}_w{channel}.png,images
HUVEC-01_3_D19,HUVEC-01,3,D19,sirna_284,HUVEC,1,images/HUVEC-01/Plate3,{experiment}/Plate{plate}/{well}_s{site}_w{channel}.png,images
HUVEC-01_3_D20,HUVEC-01,3,D20,sirna_206,HUVEC,1,images/HUVEC-01/Plate3,{experiment}/Plate{plate}/{well}_s{site}_w{channel}.png,images
HUVEC-01_3_D21,HUVEC-01,3,D21,sirna_360,HUVEC,1,images/HUVEC-01/Plate3,{experiment}/Plate{plate}/{well}_s{site}_w{channel}.png,images
HUVEC-01_3_D22,HUVEC-01,3,D22,sirna_1070,HUVEC,1,images/HUVEC-01/Plate3,{experiment}/Plate{plate}/{well}_s{site}_w{channel}.png,images
HUVEC-01_3_D23,HUVEC-01,3,D23,sirna_493,HUVEC,1,images/HUVEC-01/Plate3,{experiment}/Plate{plate}/{well}_s{site}_w{channel}.png,images
HUVEC-01_3_E02,HUVEC-01,3,E02,sirna_390,HUVEC,1,images/HUVEC-01/Plate3,{experiment}/Plate{plate}/{well}_s{site}_w{channel}.png,images
HUVEC-01_3_E03,HUVEC-01,3,E03,sirna_1055,HUVEC,1,images/HUVEC-01/Plate3,{experiment}/Plate{plate}/{well}_s{site}_w{channel}.png,images
HUVEC-01_3_E04,HUVEC-01,3,E04,sirna_301,HUVEC,1,images/HUVEC-01/Plate3,{experiment}/Plate{plate}/{well}_s{site}_w{channel}.png,images
HUVEC-01_3_E05,HUVEC-01,3,E05,sirna_61,HUVEC,1,images/HUVEC-01/Plate3,{experiment}/Plate{plate}/{well}_s{site}_w{channel}.png,images
HUVEC-01_3_E06,HUVEC-01,3,E06,sirna_190,HUVEC,1,images/HUVEC-01/Plate3,{experiment}/Plate{plate}/{well}_s{site}_w{channel}.png,images
HUVEC-01_3_E07,HUVEC-01,3,E07,sirna_346,HUVEC,1,images/HUVEC-01/Plate3,{experiment}/Plate{plate}/{well}_s{site}_w{channel}.png,images
HUVEC-01_3_E08,HUVEC-01,3,E08,sirna_389,HUVEC,1,images/HUVEC-01/Plate3,{experiment}/Plate{plate}/{well}_s{site}_w{channel}.png,images
HUVEC-01_3_E09,HUVEC-01,3,E09,sirna_829,HUVEC,1,images/HUVEC-01/Plate3,{experiment}/Plate{plate}/{well}_s{site}_w{channel}.png,images
HUVEC-01_3_E10,HUVEC-01,3,E10,sirna_740,HUVEC,1,images/HUVEC-01/Plate3,{experiment}/Plate{plate}/{well}_s{site}_w{channel}.png,images
HUVEC-01_3_E11,HUVEC-01,3,E11,sirna_745,HUVEC,1,images/HUVEC-01/Plate3,{experiment}/Plate{plate}/{well}_s{site}_w{channel}.png,images
HUVEC-01_3_E12,HUVEC-01,3,E12,sirna_616,HUVEC,1,images/HUVEC-01/Plate3,{experiment}/Plate{plate}/{well}_s{site}_w{channel}.png,images
HUVEC-01_3_E13,HUVEC-01,3,E13,sirna_681,HUVEC,1,images/HUVEC-01/Plate3,{experiment}/Plate{plate}/{well}_s{site}_w{channel}.png,images
HUVEC-01_3_E14,HUVEC-01,3,E14,sirna_1068,HUVEC,1,images/HUVEC-01/Plate3,{experiment}/Plate{plate}/{well}_s{site}_w{channel}.png,images
HUVEC-01_3_E15,HUVEC-01,3,E15,sirna_646,HUVEC,1,images/HUVEC-01/Plate3,{experiment}/Plate{plate}/{well}_s{site}_w{channel}.png,images
HUVEC-01_3_E16,HUVEC-01,3,E16,sirna_84,HUVEC,1,images/HUVEC-01/Plate3,{experiment}/Plate{plate}/{well}_s{site}_w{channel}.png,images
HUVEC-01_3_E17,HUVEC-01,3,E17,sirna_806,HUVEC,1,images/HUVEC-01/Plate3,{experiment}/Plate{plate}/{well}_s{site}_w{channel}.png,images
HUVEC-01_3_E18,HUVEC-01,3,E18,sirna_759,HUVEC,1,images/HUVEC-01/Plate3,{experiment}/Plate{plate}/{well}_s{site}_w{channel}.png,images
HUVEC-01_3_E19,HUVEC-01,3,E19,sirna_736,HUVEC,1,images/HUVEC-01/Plate3,{experiment}/Plate{plate}/{well}_s{site}_w{channel}.png,images
HUVEC-01_3_E20,HUVEC-01,3,E20,sirna_89,HUVEC,1,images/HUVEC-01/Plate3,{experiment}/Plate{plate}/{well}_s{site}_w{channel}.png,images
HUVEC-01_3_E21,HUVEC-01,3,E21,sirna_848,HUVEC,1,images/HUVEC-01/Plate3,{experiment}/Plate{plate}/{well}_s{site}_w{channel}.png,images
HUVEC-01_3_E22,HUVEC-01,3,E22,sirna_524,HUVEC,1,images/HUVEC-01/Plate3,{experiment}/Plate{plate}/{well}_s{site}_w{channel}.png,images
HUVEC-01_3_E23,HUVEC-01,3,E23,sirna_452,HUVEC,1,images/HUVEC-01/Plate3,{experiment}/Plate{plate}/{well}_s{site}_w{channel}.png,images
HUVEC-01_3_F02,HUVEC-01,3,F02,sirna_461,HUVEC,1,images/HUVEC-01/Plate3,{experiment}/Plate{plate}/{well}_s{site}_w{channel}.png,images
HUVEC-01_3_F04,HUVEC-01,3,F04,sirna_10,HUVEC,1,images/HUVEC-01/Plate3,{experiment}/Plate{plate}/{well}_s{site}_w{channel}.png,images
HUVEC-01_3_F05,HUVEC-01,3,F05,sirna_108,HUVEC,1,images/HUVEC-01/Plate3,{experiment}/Plate{plate}/{well}_s{site}_w{channel}.png,images
HUVEC-01_3_F06,HUVEC-01,3,F06,sirna_1095,HUVEC,1,images/HUVEC-01/Plate3,{experiment}/Plate{plate}/{well}_s{site}_w{channel}.png,images
HUVEC-01_3_F08,HUVEC-01,3,F08,sirna_481,HUVEC,1,images/HUVEC-01/Plate3,{experiment}/Plate{plate}/{well}_s{site}_w{channel}.png,images
HUVEC-01_3_F09,HUVEC-01,3,F09,sirna_75,HUVEC,1,images/HUVEC-01/Plate3,{experiment}/Plate{plate}/{well}_s{site}_w{channel}.png,images
HUVEC-01_3_F10,HUVEC-01,3,F10,sirna_401,HUVEC,1,images/HUVEC-01/Plate3,{experiment}/Plate{plate}/{well}_s{site}_w{channel}.png,images
HUVEC-01_3_F12,HUVEC-01,3,F12,sirna_576,HUVEC,1,images/HUVEC-01/Plate3,{experiment}/Plate{plate}/{well}_s{site}_w{channel}.png,images
HUVEC-01_3_F13,HUVEC-01,3,F13,sirna_50,HUVEC,1,images/HUVEC-01/Plate3,{experiment}/Plate{plate}/{well}_s{site}_w{channel}.png,images
HUVEC-01_3_F14,HUVEC-01,3,F14,sirna_395,HUVEC,1,images/HUVEC-01/Plate3,{experiment}/Plate{plate}/{well}_s{site}_w{channel}.png,images
HUVEC-01_3_F16,HUVEC-01,3,F16,sirna_506,HUVEC,1,images/HUVEC-01/Plate3,{experiment}/Plate{plate}/{well}_s{site}_w{channel}.png,images
HUVEC-01_3_F17,HUVEC-01,3,F17,sirna_394,HUVEC,1,images/HUVEC-01/Plate3,{experiment}/Plate{plate}/{well}_s{site}_w{channel}.png,images
HUVEC-01_3_F18,HUVEC-01,3,F18,sirna_596,HUVEC,1,images/HUVEC-01/Plate3,{experiment}/Plate{plate}/{well}_s{site}_w{channel}.png,images
HUVEC-01_3_F20,HUVEC-01,3,F20,sirna_24,HUVEC,1,images/HUVEC-01/Plate3,{experiment}/Plate{plate}/{well}_s{site}_w{channel}.png,images
HUVEC-01_3_F21,HUVEC-01,3,F21,sirna_644,HUVEC,1,images/HUVEC-01/Plate3,{experiment}/Plate{plate}/{well}_s{site}_w{channel}.png,images
HUVEC-01_3_F23,HUVEC-01,3,F23,sirna_1052,HUVEC,1,images/HUVEC-01/Plate3,{experiment}/Plate{plate}/{well}_s{site}_w{channel}.png,images
HUVEC-01_3_G02,HUVEC-01,3,G02,sirna_962,HUVEC,1,images/HUVEC-01/Plate3,{experiment}/Plate{plate}/{well}_s{site}_w{channel}.png,images
HUVEC-01_3_G03,HUVEC-01,3,G03,sirna_718,HUVEC,1,images/HUVEC-01/Plate3,{experiment}/Plate{plate}/{well}_s{site}_w{channel}.png,images
HUVEC-01_3_G04,HUVEC-01,3,G04,sirna_673,HUVEC,1,images/HUVEC-01/Plate3,{experiment}/Plate{plate}/{well}_s{site}_w{channel}.png,images
HUVEC-01_3_G05,HUVEC-01,3,G05,sirna_32,HUVEC,1,images/HUVEC-01/Plate3,{experiment}/Plate{plate}/{well}_s{site}_w{channel}.png,images
HUVEC-01_3_G06,HUVEC-01,3,G06,sirna_517,HUVEC,1,images/HUVEC-01/Plate3,{experiment}/Plate{plate}/{well}_s{site}_w{channel}.png,images
HUVEC-01_3_G07,HUVEC-01,3,G07,sirna_182,HUVEC,1,images/HUVEC-01/Plate3,{experiment}/Plate{plate}/{well}_s{site}_w{channel}.png,images
HUVEC-01_3_G08,HUVEC-01,3,G08,sirna_495,HUVEC,1,images/HUVEC-01/Plate3,{experiment}/Plate{plate}/{well}_s{site}_w{channel}.png,images
HUVEC-01_3_G09,HUVEC-01,3,G09,sirna_587,HUVEC,1,images/HUVEC-01/Plate3,{experiment}/Plate{plate}/{well}_s{site}_w{channel}.png,images
HUVEC-01_3_G10,HUVEC-01,3,G10,sirna_432,HUVEC,1,images/HUVEC-01/Plate3,{experiment}/Plate{plate}/{well}_s{site}_w{channel}.png,images
HUVEC-01_3_G11,HUVEC-01,3,G11,sirna_473,HUVEC,1,images/HUVEC-01/Plate3,{experiment}/Plate{plate}/{well}_s{site}_w{channel}.png,images
HUVEC-01_3_G12,HUVEC-01,3,G12,sirna_336,HUVEC,1,images/HUVEC-01/Plate3,{experiment}/Plate{plate}/{well}_s{site}_w{channel}.png,images
HUVEC-01_3_G13,HUVEC-01,3,G13,sirna_518,HUVEC,1,images/HUVEC-01/Plate3,{experiment}/Plate{plate}/{well}_s{site}_w{channel}.png,images
HUVEC-01_3_G14,HUVEC-01,3,G14,sirna_17,HUVEC,1,images/HUVEC-01/Plate3,{experiment}/Plate{plate}/{well}_s{site}_w{channel}.png,images
HUVEC-01_3_G15,HUVEC-01,3,G15,sirna_540,HUVEC,1,images/HUVEC-01/Plate3,{experiment}/Plate{plate}/{well}_s{site}_w{channel}.png,images
HUVEC-01_3_G16,HUVEC-01,3,G16,sirna_636,HUVEC,1,images/HUVEC-01/Plate3,{experiment}/Plate{plate}/{well}_s{site}_w{channel}.png,images
HUVEC-01_3_G17,HUVEC-01,3,G17,sirna_5,HUVEC,1,images/HUVEC-01/Plate3,{experiment}/Plate{plate}/{well}_s{site}_w{channel}.png,images
HUVEC-01_3_G18,HUVEC-01,3,G18,sirna_609,HUVEC,1,images/HUVEC-01/Plate3,{experiment}/Plate{plate}/{well}_s{site}_w{channel}.png,images
HUVEC-01_3_G19,HUVEC-01,3,G19,sirna_285,HUVEC,1,images/HUVEC-01/Plate3,{experiment}/Plate{plate}/{well}_s{site}_w{channel}.png,images
HUVEC-01_3_G20,HUVEC-01,3,G20,sirna_267,HUVEC,1,images/HUVEC-01/Plate3,{experiment}/Plate{plate}/{well}_s{site}_w{channel}.png,images
HUVEC-01_3_G21,HUVEC-01,3,G21,sirna_447,HUVEC,1,images/HUVEC-01/Plate3,{experiment}/Plate{plate}/{well}_s{site}_w{channel}.png,images
HUVEC-01_3_G22,HUVEC-01,3,G22,sirna_516,HUVEC,1,images/HUVEC-01/Plate3,{experiment}/Plate{plate}/{well}_s{site}_w{channel}.png,images
HUVEC-01_3_G23,HUVEC-01,3,G23,sirna_827,HUVEC,1,images/HUVEC-01/Plate3,{experiment}/Plate{plate}/{well}_s{site}_w{channel}.png,images
HUVEC-01_3_H02,HUVEC-01,3,H02,sirna_307,HUVEC,1,images/HUVEC-01/Plate3,{experiment}/Plate{plate}/{well}_s{site}_w{channel}.png,images
HUVEC-01_3_H04,HUVEC-01,3,H04,sirna_240,HUVEC,1,images/HUVEC-01/Plate3,{experiment}/Plate{plate}/{well}_s{site}_w{channel}.png,images
HUVEC-01_3_H05,HUVEC-01,3,H05,sirna_354,HUVEC,1,images/HUVEC-01/Plate3,{experiment}/Plate{plate}/{well}_s{site}_w{channel}.png,images
HUVEC-01_3_H06,HUVEC-01,3,H06,sirna_834,HUVEC,1,images/HUVEC-01/Plate3,{experiment}/Plate{plate}/{well}_s{site}_w{channel}.png,images
HUVEC-01_3_H08,HUVEC-01,3,H08,sirna_382,HUVEC,1,images/HUVEC-01/Plate3,{experiment}/Plate{plate}/{well}_s{site}_w{channel}.png,images
HUVEC-01_3_H09,HUVEC-01,3,H09,sirna_338,HUVEC,1,images/HUVEC-01/Plate3,{experiment}/Plate{plate}/{well}_s{site}_w{channel}.png,images
HUVEC-01_3_H10,HUVEC-01,3,H10,sirna_126,HUVEC,1,images/HUVEC-01/Plate3,{experiment}/Plate{plate}/{well}_s{site}_w{channel}.png,images
HUVEC-01_3_H12,HUVEC-01,3,H12,sirna_1131,HUVEC,1,images/HUVEC-01/Plate3,{experiment}/Plate{plate}/{well}_s{site}_w{channel}.png,images
HUVEC-01_3_H13,HUVEC-01,3,H13,sirna_812,HUVEC,1,images/HUVEC-01/Plate3,{experiment}/Plate{plate}/{well}_s{site}_w{channel}.png,images
HUVEC-01_3_H14,HUVEC-01,3,H14,sirna_1010,HUVEC,1,images/HUVEC-01/Plate3,{experiment}/Plate{plate}/{well}_s{site}_w{channel}.png,images
HUVEC-01_3_H16,HUVEC-01,3,H16,sirna_708,HUVEC,1,images/HUVEC-01/Plate3,{experiment}/Plate{plate}/{well}_s{site}_w{channel}.png,images
HUVEC-01_3_H17,HUVEC-01,3,H17,sirna_947,HUVEC,1,images/HUVEC-01/Plate3,{experiment}/Plate{plate}/{well}_s{site}_w{channel}.png,images
HUVEC-01_3_H18,HUVEC-01,3,H18,sirna_868,HUVEC,1,images/HUVEC-01/Plate3,{experiment}/Plate{plate}/{well}_s{site}_w{channel}.png,images
HUVEC-01_3_H20,HUVEC-01,3,H20,sirna_734,HUVEC,1,images/HUVEC-01/Plate3,{experiment}/Plate{plate}/{well}_s{site}_w{channel}.png,images
HUVEC-01_3_H21,HUVEC-01,3,H21,sirna_423,HUVEC,1,images/HUVEC-01/Plate3,{experiment}/Plate{plate}/{well}_s{site}_w{channel}.png,images
HUVEC-01_3_H23,HUVEC-01,3,H23,sirna_44,HUVEC,1,images/HUVEC-01/Plate3,{experiment}/Plate{plate}/{well}_s{site}_w{channel}.png,images
HUVEC-01_3_I02,HUVEC-01,3,I02,sirna_545,HUVEC,1,images/HUVEC-01/Plate3,{experiment}/Plate{plate}/{well}_s{site}_w{channel}.png,images
HUVEC-01_3_I03,HUVEC-01,3,I03,sirna_898,HUVEC,1,images/HUVEC-01/Plate3,{experiment}/Plate{plate}/{well}_s{site}_w{channel}.png,images
HUVEC-01_3_I04,HUVEC-01,3,I04,sirna_358,HUVEC,1,images/HUVEC-01/Plate3,{experiment}/Plate{plate}/{well}_s{site}_w{channel}.png,images
HUVEC-01_3_I05,HUVEC-01,3,I05,sirna_1054,HUVEC,1,images/HUVEC-01/Plate3,{experiment}/Plate{plate}/{well}_s{site}_w{channel}.png,images
HUVEC-01_3_I06,HUVEC-01,3,I06,sirna_383,HUVEC,1,images/HUVEC-01/Plate3,{experiment}/Plate{plate}/{well}_s{site}_w{channel}.png,images
HUVEC-01_3_I07,HUVEC-01,3,I07,sirna_805,HUVEC,1,images/HUVEC-01/Plate3,{experiment}/Plate{plate}/{well}_s{site}_w{channel}.png,images
HUVEC-01_3_I08,HUVEC-01,3,I08,sirna_11,HUVEC,1,images/HUVEC-01/Plate3,{experiment}/Plate{plate}/{well}_s{site}_w{channel}.png,images
HUVEC-01_3_I09,HUVEC-01,3,I09,sirna_639,HUVEC,1,images/HUVEC-01/Plate3,{experiment}/Plate{plate}/{well}_s{site}_w{channel}.png,images
HUVEC-01_3_I10,HUVEC-01,3,I10,sirna_1009,HUVEC,1,images/HUVEC-01/Plate3,{experiment}/Plate{plate}/{well}_s{site}_w{channel}.png,images
HUVEC-01_3_I11,HUVEC-01,3,I11,sirna_551,HUVEC,1,images/HUVEC-01/Plate3,{experiment}/Plate{plate}/{well}_s{site}_w{channel}.png,images
HUVEC-01_3_I12,HUVEC-01,3,I12,sirna_613,HUVEC,1,images/HUVEC-01/Plate3,{experiment}/Plate{plate}/{well}_s{site}_w{channel}.png,images
HUVEC-01_3_I13,HUVEC-01,3,I13,sirna_40,HUVEC,1,images/HUVEC-01/Plate3,{experiment}/Plate{plate}/{well}_s{site}_w{channel}.png,images
HUVEC-01_3_I14,HUVEC-01,3,I14,sirna_458,HUVEC,1,images/HUVEC-01/Plate3,{experiment}/Plate{plate}/{well}_s{site}_w{channel}.png,images
HUVEC-01_3_I15,HUVEC-01,3,I15,sirna_836,HUVEC,1,images/HUVEC-01/Plate3,{experiment}/Plate{plate}/{well}_s{site}_w{channel}.png,images
HUVEC-01_3_I16,HUVEC-01,3,I16,sirna_651,HUVEC,1,images/HUVEC-01/Plate3,{experiment}/Plate{plate}/{well}_s{site}_w{channel}.png,images
HUVEC-01_3_I17,HUVEC-01,3,I17,sirna_690,HUVEC,1,images/HUVEC-01/Plate3,{experiment}/Plate{plate}/{well}_s{site}_w{channel}.png,images
HUVEC-01_3_I18,HUVEC-01,3,I18,sirna_456,HUVEC,1,images/HUVEC-01/Plate3,{experiment}/Plate{plate}/{well}_s{site}_w{channel}.png,images
HUVEC-01_3_I19,HUVEC-01,3,I19,sirna_1029,HUVEC,1,images/HUVEC-01/Plate3,{experiment}/Plate{plate}/{well}_s{site}_w{channel}.png,images
HUVEC-01_3_I20,HUVEC-01,3,I20,sirna_995,HUVEC,1,images/HUVEC-01/Plate3,{experiment}/Plate{plate}/{well}_s{site}_w{channel}.png,images
HUVEC-01_3_I21,HUVEC-01,3,I21,sirna_1118,HUVEC,1,images/HUVEC-01/Plate3,{experiment}/Plate{plate}/{well}_s{site}_w{channel}.png,images
HUVEC-01_3_I22,HUVEC-01,3,I22,sirna_384,HUVEC,1,images/HUVEC-01/Plate3,{experiment}/Plate{plate}/{well}_s{site}_w{channel}.png,images
HUVEC-01_3_I23,HUVEC-01,3,I23,sirna_0,HUVEC,1,images/HUVEC-01/Plate3,{experiment}/Plate{plate}/{well}_s{site}_w{channel}.png,images
HUVEC-01_3_J02,HUVEC-01,3,J02,sirna_1022,HUVEC,1,images/HUVEC-01/Plate3,{experiment}/Plate{plate}/{well}_s{site}_w{channel}.png,images
HUVEC-01_3_J04,HUVEC-01,3,J04,sirna_499,HUVEC,1,images/HUVEC-01/Plate3,{experiment}/Plate{plate}/{well}_s{site}_w{channel}.png,images
HUVEC-01_3_J05,HUVEC-01,3,J05,sirna_1050,HUVEC,1,images/HUVEC-01/Plate3,{experiment}/Plate{plate}/{well}_s{site}_w{channel}.png,images
HUVEC-01_3_J06,HUVEC-01,3,J06,sirna_877,HUVEC,1,images/HUVEC-01/Plate3,{experiment}/Plate{plate}/{well}_s{site}_w{channel}.png,images
HUVEC-01_3_J08,HUVEC-01,3,J08,sirna_565,HUVEC,1,images/HUVEC-01/Plate3,{experiment}/Plate{plate}/{well}_s{site}_w{channel}.png,images
HUVEC-01_3_J09,HUVEC-01,3,J09,sirna_927,HUVEC,1,images/HUVEC-01/Plate3,{experiment}/Plate{plate}/{well}_s{site}_w{channel}.png,images
HUVEC-01_3_J10,HUVEC-01,3,J10,sirna_597,HUVEC,1,images/HUVEC-01/Plate3,{experiment}/Plate{plate}/{well}_s{site}_w{channel}.png,images
HUVEC-01_3_J12,HUVEC-01,3,J12,sirna_414,HUVEC,1,images/HUVEC-01/Plate3,{experiment}/Plate{plate}/{well}_s{site}_w{channel}.png,images
HUVEC-01_3_J13,HUVEC-01,3,J13,sirna_1017,HUVEC,1,images/HUVEC-01/Plate3,{experiment}/Plate{plate}/{well}_s{site}_w{channel}.png,images
HUVEC-01_3_J14,HUVEC-01,3,J14,sirna_378,HUVEC,1,images/HUVEC-01/Plate3,{experiment}/Plate{plate}/{well}_s{site}_w{channel}.png,images
HUVEC-01_3_J16,HUVEC-01,3,J16,sirna_586,HUVEC,1,images/HUVEC-01/Plate3,{experiment}/Plate{plate}/{well}_s{site}_w{channel}.png,images
HUVEC-01_3_J17,HUVEC-01,3,J17,sirna_890,HUVEC,1,images/HUVEC-01/Plate3,{experiment}/Plate{plate}/{well}_s{site}_w{channel}.png,images
HUVEC-01_3_J18,HUVEC-01,3,J18,sirna_921,HUVEC,1,images/HUVEC-01/Plate3,{experiment}/Plate{plate}/{well}_s{site}_w{channel}.png,images
HUVEC-01_3_J20,HUVEC-01,3,J20,sirna_999,HUVEC,1,images/HUVEC-01/Plate3,{experiment}/Plate{plate}/{well}_s{site}_w{channel}.png,images
HUVEC-01_3_J21,HUVEC-01,3,J21,sirna_1119,HUVEC,1,images/HUVEC-01/Plate3,{experiment}/Plate{plate}/{well}_s{site}_w{channel}.png,images
HUVEC-01_3_J23,HUVEC-01,3,J23,sirna_165,HUVEC,1,images/HUVEC-01/Plate3,{experiment}/Plate{plate}/{well}_s{site}_w{channel}.png,images
HUVEC-01_3_K02,HUVEC-01,3,K02,sirna_923,HUVEC,1,images/HUVEC-01/Plate3,{experiment}/Plate{plate}/{well}_s{site}_w{channel}.png,images
HUVEC-01_3_K03,HUVEC-01,3,K03,sirna_87,HUVEC,1,images/HUVEC-01/Plate3,{experiment}/Plate{plate}/{well}_s{site}_w{channel}.png,images
HUVEC-01_3_K04,HUVEC-01,3,K04,sirna_903,HUVEC,1,images/HUVEC-01/Plate3,{experiment}/Plate{plate}/{well}_s{site}_w{channel}.png,images
HUVEC-01_3_K05,HUVEC-01,3,K05,sirna_69,HUVEC,1,images/HUVEC-01/Plate3,{experiment}/Plate{plate}/{well}_s{site}_w{channel}.png,images
HUVEC-01_3_K06,HUVEC-01,3,K06,sirna_1114,HUVEC,1,images/HUVEC-01/Plate3,{experiment}/Plate{plate}/{well}_s{site}_w{channel}.png,images
HUVEC-01_3_K07,HUVEC-01,3,K07,sirna_567,HUVEC,1,images/HUVEC-01/Plate3,{experiment}/Plate{plate}/{well}_s{site}_w{channel}.png,images
HUVEC-01_3_K08,HUVEC-01,3,K08,sirna_270,HUVEC,1,images/HUVEC-01/Plate3,{experiment}/Plate{plate}/{well}_s{site}_w{channel}.png,images
HUVEC-01_3_K09,HUVEC-01,3,K09,sirna_1088,HUVEC,1,images/HUVEC-01/Plate3,{experiment}/Plate{plate}/{well}_s{site}_w{channel}.png,images
HUVEC-01_3_K10,HUVEC-01,3,K10,sirna_380,HUVEC,1,images/HUVEC-01/Plate3,{experiment}/Plate{plate}/{well}_s{site}_w{channel}.png,images
HUVEC-01_3_K11,HUVEC-01,3,K11,sirna_1084,HUVEC,1,images/HUVEC-01/Plate3,{experiment}/Plate{plate}/{well}_s{site}_w{channel}.png,images
HUVEC-01_3_K12,HUVEC-01,3,K12,sirna_595,HUVEC,1,images/HUVEC-01/Plate3,{experiment}/Plate{plate}/{well}_s{site}_w{channel}.png,images
HUVEC-01_3_K13,HUVEC-01,3,K13,sirna_526,HUVEC,1,images/HUVEC-01/Plate3,{experiment}/Plate{plate}/{well}_s{site}_w{channel}.png,images
HUVEC-01_3_K14,HUVEC-01,3,K14,sirna_699,HUVEC,1,images/HUVEC-01/Plate3,{experiment}/Plate{plate}/{well}_s{site}_w{channel}.png,images
HUVEC-01_3_K15,HUVEC-01,3,K15,sirna_994,HUVEC,1,images/HUVEC-01/Plate3,{experiment}/Plate{plate}/{well}_s{site}_w{channel}.png,images
HUVEC-01_3_K16,HUVEC-01,3,K16,sirna_821,HUVEC,1,images/HUVEC-01/Plate3,{experiment}/Plate{plate}/{well}_s{site}_w{channel}.png,images
HUVEC-01_3_K17,HUVEC-01,3,K17,sirna_599,HUVEC,1,images/HUVEC-01/Plate3,{experiment}/Plate{plate}/{well}_s{site}_w{channel}.png,images
HUVEC-01_3_K18,HUVEC-01,3,K18,sirna_411,HUVEC,1,images/HUVEC-01/Plate3,{experiment}/Plate{plate}/{well}_s{site}_w{channel}.png,images
HUVEC-01_3_K19,HUVEC-01,3,K19,sirna_369,HUVEC,1,images/HUVEC-01/Plate3,{experiment}/Plate{plate}/{well}_s{site}_w{channel}.png,images
HUVEC-01_3_K20,HUVEC-01,3,K20,sirna_22,HUVEC,1,images/HUVEC-01/Plate3,{experiment}/Plate{plate}/{well}_s{site}_w{channel}.png,images
HUVEC-01_3_K21,HUVEC-01,3,K21,sirna_1042,HUVEC,1,images/HUVEC-01/Plate3,{experiment}/Plate{plate}/{well}_s{site}_w{channel}.png,images
HUVEC-01_3_K22,HUVEC-01,3,K22,sirna_929,HUVEC,1,images/HUVEC-01/Plate3,{experiment}/Plate{plate}/{well}_s{site}_w{channel}.png,images
HUVEC-01_3_K23,HUVEC-01,3,K23,sirna_422,HUVEC,1,images/HUVEC-01/Plate3,{experiment}/Plate{plate}/{well}_s{site}_w{channel}.png,images
HUVEC-01_3_L02,HUVEC-01,3,L02,sirna_2,HUVEC,1,images/HUVEC-01/Plate3,{experiment}/Plate{plate}/{well}_s{site}_w{channel}.png,images
HUVEC-01_3_L03,HUVEC-01,3,L03,sirna_801,HUVEC,1,images/HUVEC-01/Plate3,{experiment}/Plate{plate}/{well}_s{site}_w{channel}.png,images
HUVEC-01_3_L04,HUVEC-01,3,L04,sirna_580,HUVEC,1,images/HUVEC-01/Plate3,{experiment}/Plate{plate}/{well}_s{site}_w{channel}.png,images
HUVEC-01_3_L05,HUVEC-01,3,L05,sirna_293,HUVEC,1,images/HUVEC-01/Plate3,{experiment}/Plate{plate}/{well}_s{site}_w{channel}.png,images
HUVEC-01_3_L06,HUVEC-01,3,L06,sirna_303,HUVEC,1,images/HUVEC-01/Plate3,{experiment}/Plate{plate}/{well}_s{site}_w{channel}.png,images
HUVEC-01_3_L07,HUVEC-01,3,L07,sirna_252,HUVEC,1,images/HUVEC-01/Plate3,{experiment}/Plate{plate}/{well}_s{site}_w{channel}.png,images
HUVEC-01_3_L08,HUVEC-01,3,L08,sirna_397,HUVEC,1,images/HUVEC-01/Plate3,{experiment}/Plate{plate}/{well}_s{site}_w{channel}.png,images
HUVEC-01_3_L09,HUVEC-01,3,L09,sirna_916,HUVEC,1,images/HUVEC-01/Plate3,{experiment}/Plate{plate}/{well}_s{site}_w{channel}.png,images
HUVEC-01_3_L10,HUVEC-01,3,L10,sirna_958,HUVEC,1,images/HUVEC-01/Plate3,{experiment}/Plate{plate}/{well}_s{site}_w{channel}.png,images
HUVEC-01_3_L11,HUVEC-01,3,L11,sirna_818,HUVEC,1,images/HUVEC-01/Plate3,{experiment}/Plate{plate}/{well}_s{site}_w{channel}.png,images
HUVEC-01_3_L12,HUVEC-01,3,L12,sirna_16,HUVEC,1,images/HUVEC-01/Plate3,{experiment}/Plate{plate}/{well}_s{site}_w{channel}.png,images
HUVEC-01_3_L13,HUVEC-01,3,L13,sirna_6,HUVEC,1,images/HUVEC-01/Plate3,{experiment}/Plate{plate}/{well}_s{site}_w{channel}.png,images
HUVEC-01_3_L14,HUVEC-01,3,L14,sirna_1134,HUVEC,1,images/HUVEC-01/Plate3,{experiment}/Plate{plate}/{well}_s{site}_w{channel}.png,images
HUVEC-01_3_L15,HUVEC-01,3,L15,sirna_534,HUVEC,1,images/HUVEC-01/Plate3,{experiment}/Plate{plate}/{well}_s{site}_w{channel}.png,images
HUVEC-01_3_L16,HUVEC-01,3,L16,sirna_603,HUVEC,1,images/HUVEC-01/Plate3,{experiment}/Plate{plate}/{well}_s{site}_w{channel}.png,images
HUVEC-01_3_L17,HUVEC-01,3,L17,sirna_117,HUVEC,1,images/HUVEC-01/Plate3,{experiment}/Plate{plate}/{well}_s{site}_w{channel}.png,images
HUVEC-01_3_L18,HUVEC-01,3,L18,sirna_1136,HUVEC,1,images/HUVEC-01/Plate3,{experiment}/Plate{plate}/{well}_s{site}_w{channel}.png,images
HUVEC-01_3_L19,HUVEC-01,3,L19,sirna_486,HUVEC,1,images/HUVEC-01/Plate3,{experiment}/Plate{plate}/{well}_s{site}_w{channel}.png,images
HUVEC-01_3_L20,HUVEC-01,3,L20,sirna_1059,HUVEC,1,images/HUVEC-01/Plate3,{experiment}/Plate{plate}/{well}_s{site}_w{channel}.png,images
HUVEC-01_3_L21,HUVEC-01,3,L21,sirna_724,HUVEC,1,images/HUVEC-01/Plate3,{experiment}/Plate{plate}/{well}_s{site}_w{channel}.png,images
HUVEC-01_3_L22,HUVEC-01,3,L22,sirna_177,HUVEC,1,images/HUVEC-01/Plate3,{experiment}/Plate{plate}/{well}_s{site}_w{channel}.png,images
HUVEC-01_3_L23,HUVEC-01,3,L23,sirna_76,HUVEC,1,images/HUVEC-01/Plate3,{experiment}/Plate{plate}/{well}_s{site}_w{channel}.png,images
HUVEC-01_3_M02,HUVEC-01,3,M02,sirna_617,HUVEC,1,images/HUVEC-01/Plate3,{experiment}/Plate{plate}/{well}_s{site}_w{channel}.png,images
HUVEC-01_3_M04,HUVEC-01,3,M04,sirna_747,HUVEC,1,images/HUVEC-01/Plate3,{experiment}/Plate{plate}/{well}_s{site}_w{channel}.png,images
HUVEC-01_3_M05,HUVEC-01,3,M05,sirna_874,HUVEC,1,images/HUVEC-01/Plate3,{experiment}/Plate{plate}/{well}_s{site}_w{channel}.png,images
HUVEC-01_3_M06,HUVEC-01,3,M06,sirna_1034,HUVEC,1,images/HUVEC-01/Plate3,{experiment}/Plate{plate}/{well}_s{site}_w{channel}.png,images
HUVEC-01_3_M08,HUVEC-01,3,M08,sirna_952,HUVEC,1,images/HUVEC-01/Plate3,{experiment}/Plate{plate}/{well}_s{site}_w{channel}.png,images
HUVEC-01_3_M09,HUVEC-01,3,M09,sirna_683,HUVEC,1,images/HUVEC-01/Plate3,{experiment}/Plate{plate}/{well}_s{site}_w{channel}.png,images
HUVEC-01_3_M10,HUVEC-01,3,M10,sirna_694,HUVEC,1,images/HUVEC-01/Plate3,{experiment}/Plate{plate}/{well}_s{site}_w{channel}.png,images
HUVEC-01_3_M12,HUVEC-01,3,M12,sirna_80,HUVEC,1,images/HUVEC-01/Plate3,{experiment}/Plate{plate}/{well}_s{site}_w{channel}.png,images
HUVEC-01_3_M13,HUVEC-01,3,M13,sirna_1027,HUVEC,1,images/HUVEC-01/Plate3,{experiment}/Plate{plate}/{well}_s{site}_w{channel}.png,images
HUVEC-01_3_M14,HUVEC-01,3,M14,sirna_771,HUVEC,1,images/HUVEC-01/Plate3,{experiment}/Plate{plate}/{well}_s{site}_w{channel}.png,images
HUVEC-01_3_M16,HUVEC-01,3,M16,sirna_838,HUVEC,1,images/HUVEC-01/Plate3,{experiment}/Plate{plate}/{well}_s{site}_w{channel}.png,images
HUVEC-01_3_M17,HUVEC-01,3,M17,sirna_331,HUVEC,1,images/HUVEC-01/Plate3,{experiment}/Plate{plate}/{well}_s{site}_w{channel}.png,images
HUVEC-01_3_M18,HUVEC-01,3,M18,sirna_1012,HUVEC,1,images/HUVEC-01/Plate3,{experiment}/Plate{plate}/{well}_s{site}_w{channel}.png,images
HUVEC-01_3_M20,HUVEC-01,3,M20,sirna_459,HUVEC,1,images/HUVEC-01/Plate3,{experiment}/Plate{plate}/{well}_s{site}_w{channel}.png,images
HUVEC-01_3_M21,HUVEC-01,3,M21,sirna_640,HUVEC,1,images/HUVEC-01/Plate3,{experiment}/Plate{plate}/{well}_s{site}_w{channel}.png,images
HUVEC-01_3_M23,HUVEC-01,3,M23,sirna_140,HUVEC,1,images/HUVEC-01/Plate3,{experiment}/Plate{plate}/{well}_s{site}_w{channel}.png,images
HUVEC-01_3_N02,HUVEC-01,3,N02,sirna_588,HUVEC,1,images/HUVEC-01/Plate3,{experiment}/Plate{plate}/{well}_s{site}_w{channel}.png,images
HUVEC-01_3_N03,HUVEC-01,3,N03,sirna_726,HUVEC,1,images/HUVEC-01/Plate3,{experiment}/Plate{plate}/{well}_s{site}_w{channel}.png,images
HUVEC-01_3_N04,HUVEC-01,3,N04,sirna_881,HUVEC,1,images/HUVEC-01/Plate3,{experiment}/Plate{plate}/{well}_s{site}_w{channel}.png,images
HUVEC-01_3_N05,HUVEC-01,3,N05,sirna_247,HUVEC,1,images/HUVEC-01/Plate3,{experiment}/Plate{plate}/{well}_s{site}_w{channel}.png,images
HUVEC-01_3_N06,HUVEC-01,3,N06,sirna_635,HUVEC,1,images/HUVEC-01/Plate3,{experiment}/Plate{plate}/{well}_s{site}_w{channel}.png,images
HUVEC-01_3_N07,HUVEC-01,3,N07,sirna_145,HUVEC,1,images/HUVEC-01/Plate3,{experiment}/Plate{plate}/{well}_s{site}_w{channel}.png,images
HUVEC-01_3_N08,HUVEC-01,3,N08,sirna_21,HUVEC,1,images/HUVEC-01/Plate3,{experiment}/Plate{plate}/{well}_s{site}_w{channel}.png,images
HUVEC-01_3_N09,HUVEC-01,3,N09,sirna_840,HUVEC,1,images/HUVEC-01/Plate3,{experiment}/Plate{plate}/{well}_s{site}_w{channel}.png,images
HUVEC-01_3_N10,HUVEC-01,3,N10,sirna_361,HUVEC,1,images/HUVEC-01/Plate3,{experiment}/Plate{plate}/{well}_s{site}_w{channel}.png,images
HUVEC-01_3_N11,HUVEC-01,3,N11,sirna_273,HUVEC,1,images/HUVEC-01/Plate3,{experiment}/Plate{plate}/{well}_s{site}_w{channel}.png,images
HUVEC-01_3_N12,HUVEC-01,3,N12,sirna_454,HUVEC,1,images/HUVEC-01/Plate3,{experiment}/Plate{plate}/{well}_s{site}_w{channel}.png,images
HUVEC-01_3_N13,HUVEC-01,3,N13,sirna_782,HUVEC,1,images/HUVEC-01/Plate3,{experiment}/Plate{plate}/{well}_s{site}_w{channel}.png,images
HUVEC-01_3_N14,HUVEC-01,3,N14,sirna_954,HUVEC,1,images/HUVEC-01/Plate3,{experiment}/Plate{plate}/{well}_s{site}_w{channel}.png,images
HUVEC-01_3_N15,HUVEC-01,3,N15,sirna_261,HUVEC,1,images/HUVEC-01/Plate3,{experiment}/Plate{plate}/{well}_s{site}_w{channel}.png,images
HUVEC-01_3_N16,HUVEC-01,3,N16,sirna_707,HUVEC,1,images/HUVEC-01/Plate3,{experiment}/Plate{plate}/{well}_s{site}_w{channel}.png,images
HUVEC-01_3_N17,HUVEC-01,3,N17,sirna_660,HUVEC,1,images/HUVEC-01/Plate3,{experiment}/Plate{plate}/{well}_s{site}_w{channel}.png,images
HUVEC-01_3_N18,HUVEC-01,3,N18,sirna_817,HUVEC,1,images/HUVEC-01/Plate3,{experiment}/Plate{plate}/{well}_s{site}_w{channel}.png,images
HUVEC-01_3_N19,HUVEC-01,3,N19,sirna_656,HUVEC,1,images/HUVEC-01/Plate3,{experiment}/Plate{plate}/{well}_s{site}_w{channel}.png,images
HUVEC-01_3_N20,HUVEC-01,3,N20,sirna_111,HUVEC,1,images/HUVEC-01/Plate3,{experiment}/Plate{plate}/{well}_s{site}_w{channel}.png,images
HUVEC-01_3_N21,HUVEC-01,3,N21,sirna_1079,HUVEC,1,images/HUVEC-01/Plate3,{experiment}/Plate{plate}/{well}_s{site}_w{channel}.png,images
HUVEC-01_3_N22,HUVEC-01,3,N22,sirna_347,HUVEC,1,images/HUVEC-01/Plate3,{experiment}/Plate{plate}/{well}_s{site}_w{channel}.png,images
HUVEC-01_3_N23,HUVEC-01,3,N23,sirna_1033,HUVEC,1,images/HUVEC-01/Plate3,{experiment}/Plate{plate}/{well}_s{site}_w{channel}.png,images
HUVEC-01_3_O02,HUVEC-01,3,O02,sirna_105,HUVEC,1,images/HUVEC-01/Plate3,{experiment}/Plate{plate}/{well}_s{site}_w{channel}.png,images
HUVEC-01_3_O03,HUVEC-01,3,O03,sirna_188,HUVEC,1,images/HUVEC-01/Plate3,{experiment}/Plate{plate}/{well}_s{site}_w{channel}.png,images
HUVEC-01_3_O04,HUVEC-01,3,O04,sirna_365,HUVEC,1,images/HUVEC-01/Plate3,{experiment}/Plate{plate}/{well}_s{site}_w{channel}.png,images
HUVEC-01_3_O05,HUVEC-01,3,O05,sirna_1,HUVEC,1,images/HUVEC-01/Plate3,{experiment}/Plate{plate}/{well}_s{site}_w{channel}.png,images
HUVEC-01_3_O06,HUVEC-01,3,O06,sirna_523,HUVEC,1,images/HUVEC-01/Plate3,{experiment}/Plate{plate}/{well}_s{site}_w{channel}.png,images
HUVEC-01_3_O07,HUVEC-01,3,O07,sirna_377,HUVEC,1,images/HUVEC-01/Plate3,{experiment}/Plate{plate}/{well}_s{site}_w{channel}.png,images
HUVEC-01_3_O08,HUVEC-01,3,O08,sirna_315,HUVEC,1,images/HUVEC-01/Plate3,{experiment}/Plate{plate}/{well}_s{site}_w{channel}.png,images
HUVEC-01_3_O09,HUVEC-01,3,O09,sirna_871,HUVEC,1,images/HUVEC-01/Plate3,{experiment}/Plate{plate}/{well}_s{site}_w{channel}.png,images
HUVEC-01_3_O10,HUVEC-01,3,O10,sirna_535,HUVEC,1,images/HUVEC-01/Plate3,{experiment}/Plate{plate}/{well}_s{site}_w{channel}.png,images
HUVEC-01_3_O11,HUVEC-01,3,O11,sirna_20,HUVEC,1,images/HUVEC-01/Plate3,{experiment}/Plate{plate}/{well}_s{site}_w{channel}.png,images
HUVEC-01_3_O12,HUVEC-01,3,O12,sirna_941,HUVEC,1,images/HUVEC-01/Plate3,{experiment}/Plate{plate}/{well}_s{site}_w{channel}.png,images
HUVEC-01_3_O13,HUVEC-01,3,O13,sirna_795,HUVEC,1,images/HUVEC-01/Plate3,{experiment}/Plate{plate}/{well}_s{site}_w{channel}.png,images
HUVEC-01_3_O14,HUVEC-01,3,O14,sirna_1106,HUVEC,1,images/HUVEC-01/Plate3,{experiment}/Plate{plate}/{well}_s{site}_w{channel}.png,images
HUVEC-01_3_O15,HUVEC-01,3,O15,sirna_630,HUVEC,1,images/HUVEC-01/Plate3,{experiment}/Plate{plate}/{well}_s{site}_w{channel}.png,images
HUVEC-01_3_O16,HUVEC-01,3,O16,sirna_935,HUVEC,1,images/HUVEC-01/Plate3,{experiment}/Plate{plate}/{well}_s{site}_w{channel}.png,images
HUVEC-01_3_O17,HUVEC-01,3,O17,sirna_497,HUVEC,1,images/HUVEC-01/Plate3,{experiment}/Plate{plate}/{well}_s{site}_w{channel}.png,images
HUVEC-01_3_O18,HUVEC-01,3,O18,sirna_467,HUVEC,1,images/HUVEC-01/Plate3,{experiment}/Plate{plate}/{well}_s{site}_w{channel}.png,images
HUVEC-01_3_O19,HUVEC-01,3,O19,sirna_391,HUVEC,1,images/HUVEC-01/Plate3,{experiment}/Plate{plate}/{well}_s{site}_w{channel}.png,images
HUVEC-01_3_O20,HUVEC-01,3,O20,sirna_841,HUVEC,1,images/HUVEC-01/Plate3,{experiment}/Plate{plate}/{well}_s{site}_w{channel}.png,images
HUVEC-01_3_O21,HUVEC-01,3,O21,sirna_663,HUVEC,1,images/HUVEC-01/Plate3,{experiment}/Plate{plate}/{well}_s{site}_w{channel}.png,images
HUVEC-01_3_O22,HUVEC-01,3,O22,sirna_235,HUVEC,1,images/HUVEC-01/Plate3,{experiment}/Plate{plate}/{well}_s{site}_w{channel}.png,images
HUVEC-01_3_O23,HUVEC-01,3,O23,sirna_1069,HUVEC,1,images/HUVEC-01/Plate3,{experiment}/Plate{plate}/{well}_s{site}_w{channel}.png,images
HUVEC-01_4_B03,HUVEC-01,4,B03,sirna_1006,HUVEC,1,images/HUVEC-01/Plate4,{experiment}/Plate{plate}/{well}_s{site}_w{channel}.png,images
HUVEC-01_4_B04,HUVEC-01,4,B04,sirna_173,HUVEC,1,images/HUVEC-01/Plate4,{experiment}/Plate{plate}/{well}_s{site}_w{channel}.png,images
HUVEC-01_4_B05,HUVEC-01,4,B05,sirna_12,HUVEC,1,images/HUVEC-01/Plate4,{experiment}/Plate{plate}/{well}_s{site}_w{channel}.png,images
HUVEC-01_4_B06,HUVEC-01,4,B06,sirna_150,HUVEC,1,images/HUVEC-01/Plate4,{experiment}/Plate{plate}/{well}_s{site}_w{channel}.png,images
HUVEC-01_4_B07,HUVEC-01,4,B07,sirna_143,HUVEC,1,images/HUVEC-01/Plate4,{experiment}/Plate{plate}/{well}_s{site}_w{channel}.png,images
HUVEC-01_4_B08,HUVEC-01,4,B08,sirna_731,HUVEC,1,images/HUVEC-01/Plate4,{experiment}/Plate{plate}/{well}_s{site}_w{channel}.png,images
HUVEC-01_4_B09,HUVEC-01,4,B09,sirna_1128,HUVEC,1,images/HUVEC-01/Plate4,{experiment}/Plate{plate}/{well}_s{site}_w{channel}.png,images
HUVEC-01_4_B10,HUVEC-01,4,B10,sirna_920,HUVEC,1,images/HUVEC-01/Plate4,{experiment}/Plate{plate}/{well}_s{site}_w{channel}.png,images
HUVEC-01_4_B11,HUVEC-01,4,B11,sirna_53,HUVEC,1,images/HUVEC-01/Plate4,{experiment}/Plate{plate}/{well}_s{site}_w{channel}.png,images
HUVEC-01_4_B12,HUVEC-01,4,B12,sirna_549,HUVEC,1,images/HUVEC-01/Plate4,{experiment}/Plate{plate}/{well}_s{site}_w{channel}.png,images
HUVEC-01_4_B13,HUVEC-01,4,B13,sirna_982,HUVEC,1,images/HUVEC-01/Plate4,{experiment}/Plate{plate}/{well}_s{site}_w{channel}.png,images
HUVEC-01_4_B14,HUVEC-01,4,B14,sirna_892,HUVEC,1,images/HUVEC-01/Plate4,{experiment}/Plate{plate}/{well}_s{site}_w{channel}.png,images
HUVEC-01_4_B15,HUVEC-01,4,B15,sirna_94,HUVEC,1,images/HUVEC-01/Plate4,{experiment}/Plate{plate}/{well}_s{site}_w{channel}.png,images
HUVEC-01_4_B16,HUVEC-01,4,B16,sirna_698,HUVEC,1,images/HUVEC-01/Plate4,{experiment}/Plate{plate}/{well}_s{site}_w{channel}.png,images
HUVEC-01_4_B17,HUVEC-01,4,B17,sirna_353,HUVEC,1,images/HUVEC-01/Plate4,{experiment}/Plate{plate}/{well}_s{site}_w{channel}.png,images
HUVEC-01_4_B18,HUVEC-01,4,B18,sirna_1007,HUVEC,1,images/HUVEC-01/Plate4,{experiment}/Plate{plate}/{well}_s{site}_w{channel}.png,images
HUVEC-01_4_B19,HUVEC-01,4,B19,sirna_207,HUVEC,1,images/HUVEC-01/Plate4,{experiment}/Plate{plate}/{well}_s{site}_w{channel}.png,images
HUVEC-01_4_B20,HUVEC-01,4,B20,sirna_1113,HUVEC,1,images/HUVEC-01/Plate4,{experiment}/Plate{plate}/{well}_s{site}_w{channel}.png,images
HUVEC-01_4_B21,HUVEC-01,4,B21,sirna_168,HUVEC,1,images/HUVEC-01/Plate4,{experiment}/Plate{plate}/{well}_s{site}_w{channel}.png,images
HUVEC-01_4_B22,HUVEC-01,4,B22,sirna_1000,HUVEC,1,images/HUVEC-01/Plate4,{experiment}/Plate{plate}/{well}_s{site}_w{channel}.png,images
HUVEC-01_4_B23,HUVEC-01,4,B23,sirna_989,HUVEC,1,images/HUVEC-01/Plate4,{experiment}/Plate{plate}/{well}_s{site}_w{channel}.png,images
HUVEC-01_4_C02,HUVEC-01,4,C02,sirna_984,HUVEC,1,images/HUVEC-01/Plate4,{experiment}/Plate{plate}/{well}_s{site}_w{channel}.png,images
HUVEC-01_4_C04,HUVEC-01,4,C04,sirna_120,HUVEC,1,images/HUVEC-01/Plate4,{experiment}/Plate{plate}/{well}_s{site}_w{channel}.png,images
HUVEC-01_4_C05,HUVEC-01,4,C05,sirna_738,HUVEC,1,images/HUVEC-01/Plate4,{experiment}/Plate{plate}/{well}_s{site}_w{channel}.png,images
HUVEC-01_4_C06,HUVEC-01,4,C06,sirna_257,HUVEC,1,images/HUVEC-01/Plate4,{experiment}/Plate{plate}/{well}_s{site}_w{channel}.png,images
HUVEC-01_4_C08,HUVEC-01,4,C08,sirna_793,HUVEC,1,images/HUVEC-01/Plate4,{experiment}/Plate{plate}/{well}_s{site}_w{channel}.png,images
HUVEC-01_4_C09,HUVEC-01,4,C09,sirna_677,HUVEC,1,images/HUVEC-01/Plate4,{experiment}/Plate{plate}/{well}_s{site}_w{channel}.png,images
HUVEC-01_4_C10,HUVEC-01,4,C10,sirna_897,HUVEC,1,images/HUVEC-01/Plate4,{experiment}/Plate{plate}/{well}_s{site}_w{channel}.png,images
HUVEC-01_4_C12,HUVEC-01,4,C12,sirna_363,HUVEC,1,images/HUVEC-01/Plate4,{experiment}/Plate{plate}/{well}_s{site}_w{channel}.png,images
HUVEC-01_4_C13,HUVEC-01,4,C13,sirna_975,HUVEC,1,images/HUVEC-01/Plate4,{experiment}/Plate{plate}/{well}_s{site}_w{channel}.png,images
HUVEC-01_4_C14,HUVEC-01,4,C14,sirna_166,HUVEC,1,images/HUVEC-01/Plate4,{experiment}/Plate{plate}/{well}_s{site}_w{channel}.png,images
HUVEC-01_4_C16,HUVEC-01,4,C16,sirna_142,HUVEC,1,images/HUVEC-01/Plate4,{experiment}/Plate{plate}/{well}_s{site}_w{channel}.png,images
HUVEC-01_4_C17,HUVEC-01,4,C17,sirna_299,HUVEC,1,images/HUVEC-01/Plate4,{experiment}/Plate{plate}/{well}_s{site}_w{channel}.png,images
HUVEC-01_4_C18,HUVEC-01,4,C18,sirna_1120,HUVEC,1,images/HUVEC-01/Plate4,{experiment}/Plate{plate}/{well}_s{site}_w{channel}.png,images
HUVEC-01_4_C20,HUVEC-01,4,C20,sirna_675,HUVEC,1,images/HUVEC-01/Plate4,{experiment}/Plate{plate}/{well}_s{site}_w{channel}.png,images
HUVEC-01_4_C21,HUVEC-01,4,C21,sirna_349,HUVEC,1,images/HUVEC-01/Plate4,{experiment}/Plate{plate}/{well}_s{site}_w{channel}.png,images
HUVEC-01_4_C23,HUVEC-01,4,C23,sirna_950,HUVEC,1,images/HUVEC-01/Plate4,{experiment}/Plate{plate}/{well}_s{site}_w{channel}.png,images
HUVEC-01_4_D02,HUVEC-01,4,D02,sirna_160,HUVEC,1,images/HUVEC-01/Plate4,{experiment}/Plate{plate}/{well}_s{site}_w{channel}.png,images
HUVEC-01_4_D03,HUVEC-01,4,D03,sirna_167,HUVEC,1,images/HUVEC-01/Plate4,{experiment}/Plate{plate}/{well}_s{site}_w{channel}.png,images
HUVEC-01_4_D04,HUVEC-01,4,D04,sirna_755,HUVEC,1,images/HUVEC-01/Plate4,{experiment}/Plate{plate}/{well}_s{site}_w{channel}.png,images
HUVEC-01_4_D05,HUVEC-01,4,D05,sirna_489,HUVEC,1,images/HUVEC-01/Plate4,{experiment}/Plate{plate}/{well}_s{site}_w{channel}.png,images
HUVEC-01_4_D06,HUVEC-01,4,D06,sirna_288,HUVEC,1,images/HUVEC-01/Plate4,{experiment}/Plate{plate}/{well}_s{site}_w{channel}.png,images
HUVEC-01_4_D07,HUVEC-01,4,D07,sirna_1077,HUVEC,1,images/HUVEC-01/Plate4,{experiment}/Plate{plate}/{well}_s{site}_w{channel}.png,images
HUVEC-01_4_D08,HUVEC-01,4,D08,sirna_885,HUVEC,1,images/HUVEC-01/Plate4,{experiment}/Plate{plate}/{well}_s{site}_w{channel}.png,images
HUVEC-01_4_D09,HUVEC-01,4,D09,sirna_926,HUVEC,1,images/HUVEC-01/Plate4,{experiment}/Plate{plate}/{well}_s{site}_w{channel}.png,images
HUVEC-01_4_D10,HUVEC-01,4,D10,sirna_368,HUVEC,1,images/HUVEC-01/Plate4,{experiment}/Plate{plate}/{well}_s{site}_w{channel}.png,images
HUVEC-01_4_D11,HUVEC-01,4,D11,sirna_509,HUVEC,1,images/HUVEC-01/Plate4,{experiment}/Plate{plate}/{well}_s{site}_w{channel}.png,images
HUVEC-01_4_D12,HUVEC-01,4,D12,sirna_590,HUVEC,1,images/HUVEC-01/Plate4,{experiment}/Plate{plate}/{well}_s{site}_w{channel}.png,images
HUVEC-01_4_D13,HUVEC-01,4,D13,sirna_121,HUVEC,1,images/HUVEC-01/Plate4,{experiment}/Plate{plate}/{well}_s{site}_w{channel}.png,images
HUVEC-01_4_D14,HUVEC-01,4,D14,sirna_1072,HUVEC,1,images/HUVEC-01/Plate4,{experiment}/Plate{plate}/{well}_s{site}_w{channel}.png,images
HUVEC-01_4_D15,HUVEC-01,4,D15,sirna_316,HUVEC,1,images/HUVEC-01/Plate4,{experiment}/Plate{plate}/{well}_s{site}_w{channel}.png,images
HUVEC-01_4_D16,HUVEC-01,4,D16,sirna_1103,HUVEC,1,images/HUVEC-01/Plate4,{experiment}/Plate{plate}/{well}_s{site}_w{channel}.png,images
HUVEC-01_4_D17,HUVEC-01,4,D17,sirna_637,HUVEC,1,images/HUVEC-01/Plate4,{experiment}/Plate{plate}/{well}_s{site}_w{channel}.png,images
HUVEC-01_4_D18,HUVEC-01,4,D18,sirna_333,HUVEC,1,images/HUVEC-01/Plate4,{experiment}/Plate{plate}/{well}_s{site}_w{channel}.png,images
HUVEC-01_4_D19,HUVEC-01,4,D19,sirna_761,HUVEC,1,images/HUVEC-01/Plate4,{experiment}/Plate{plate}/{well}_s{site}_w{channel}.png,images
HUVEC-01_4_D20,HUVEC-01,4,D20,sirna_228,HUVEC,1,images/HUVEC-01/Plate4,{experiment}/Plate{plate}/{well}_s{site}_w{channel}.png,images
HUVEC-01_4_D21,HUVEC-01,4,D21,sirna_794,HUVEC,1,images/HUVEC-01/Plate4,{experiment}/Plate{plate}/{well}_s{site}_w{channel}.png,images
HUVEC-01_4_D22,HUVEC-01,4,D22,sirna_525,HUVEC,1,images/HUVEC-01/Plate4,{experiment}/Plate{plate}/{well}_s{site}_w{channel}.png,images
HUVEC-01_4_D23,HUVEC-01,4,D23,sirna_687,HUVEC,1,images/HUVEC-01/Plate4,{experiment}/Plate{plate}/{well}_s{site}_w{channel}.png,images
HUVEC-01_4_E02,HUVEC-01,4,E02,sirna_722,HUVEC,1,images/HUVEC-01/Plate4,{experiment}/Plate{plate}/{well}_s{site}_w{channel}.png,images
HUVEC-01_4_E03,HUVEC-01,4,E03,sirna_971,HUVEC,1,images/HUVEC-01/Plate4,{experiment}/Plate{plate}/{well}_s{site}_w{channel}.png,images
HUVEC-01_4_E04,HUVEC-01,4,E04,sirna_940,HUVEC,1,images/HUVEC-01/Plate4,{experiment}/Plate{plate}/{well}_s{site}_w{channel}.png,images
HUVEC-01_4_E05,HUVEC-01,4,E05,sirna_1023,HUVEC,1,images/HUVEC-01/Plate4,{experiment}/Plate{plate}/{well}_s{site}_w{channel}.png,images
HUVEC-01_4_E06,HUVEC-01,4,E06,sirna_266,HUVEC,1,images/HUVEC-01/Plate4,{experiment}/Plate{plate}/{well}_s{site}_w{channel}.png,images
HUVEC-01_4_E07,HUVEC-01,4,E07,sirna_604,HUVEC,1,images/HUVEC-01/Plate4,{experiment}/Plate{plate}/{well}_s{site}_w{channel}.png,images
HUVEC-01_4_E08,HUVEC-01,4,E08,sirna_330,HUVEC,1,images/HUVEC-01/Plate4,{experiment}/Plate{plate}/{well}_s{site}_w{channel}.png,images
HUVEC-01_4_E09,HUVEC-01,4,E09,sirna_1060,HUVEC,1,images/HUVEC-01/Plate4,{experiment}/Plate{plate}/{well}_s{site}_w{channel}.png,images
HUVEC-01_4_E10,HUVEC-01,4,E10,sirna_522,HUVEC,1,images/HUVEC-01/Plate4,{experiment}/Plate{plate}/{well}_s{site}_w{channel}.png,images
HUVEC-01_4_E11,HUVEC-01,4,E11,sirna_1015,HUVEC,1,images/HUVEC-01/Plate4,{experiment}/Plate{plate}/{well}_s{site}_w{channel}.png,images
HUVEC-01_4_E12,HUVEC-01,4,E12,sirna_441,HUVEC,1,images/HUVEC-01/Plate4,{experiment}/Plate{plate}/{well}_s{site}_w{channel}.png,images
HUVEC-01_4_E13,HUVEC-01,4,E13,sirna_371,HUVEC,1,images/HUVEC-01/Plate4,{experiment}/Plate{plate}/{well}_s{site}_w{channel}.png,images
HUVEC-01_4_E14,HUVEC-01,4,E14,sirna_1071,HUVEC,1,images/HUVEC-01/Plate4,{experiment}/Plate{plate}/{well}_s{site}_w{channel}.png,images
HUVEC-01_4_E15,HUVEC-01,4,E15,sirna_98,HUVEC,1,images/HUVEC-01/Plate4,{experiment}/Plate{plate}/{well}_s{site}_w{channel}.png,images
HUVEC-01_4_E16,HUVEC-01,4,E16,sirna_277,HUVEC,1,images/HUVEC-01/Plate4,{experiment}/Plate{plate}/{well}_s{site}_w{channel}.png,images
HUVEC-01_4_E17,HUVEC-01,4,E17,sirna_1086,HUVEC,1,images/HUVEC-01/Plate4,{experiment}/Plate{plate}/{well}_s{site}_w{channel}.png,images
HUVEC-01_4_E18,HUVEC-01,4,E18,sirna_710,HUVEC,1,images/HUVEC-01/Plate4,{experiment}/Plate{plate}/{well}_s{site}_w{channel}.png,images
HUVEC-01_4_E19,HUVEC-01,4,E19,sirna_294,HUVEC,1,images/HUVEC-01/Plate4,{experiment}/Plate{plate}/{well}_s{site}_w{channel}.png,images
HUVEC-01_4_E20,HUVEC-01,4,E20,sirna_704,HUVEC,1,images/HUVEC-01/Plate4,{experiment}/Plate{plate}/{well}_s{site}_w{channel}.png,images
HUVEC-01_4_E21,HUVEC-01,4,E21,sirna_833,HUVEC,1,images/HUVEC-01/Plate4,{experiment}/Plate{plate}/{well}_s{site}_w{channel}.png,images
HUVEC-01_4_E22,HUVEC-01,4,E22,sirna_420,HUVEC,1,images/HUVEC-01/Plate4,{experiment}/Plate{plate}/{well}_s{site}_w{channel}.png,images
HUVEC-01_4_E23,HUVEC-01,4,E23,sirna_345,HUVEC,1,images/HUVEC-01/Plate4,{experiment}/Plate{plate}/{well}_s{site}_w{channel}.png,images
HUVEC-01_4_F02,HUVEC-01,4,F02,sirna_531,HUVEC,1,images/HUVEC-01/Plate4,{experiment}/Plate{plate}/{well}_s{site}_w{channel}.png,images
HUVEC-01_4_F04,HUVEC-01,4,F04,sirna_1058,HUVEC,1,images/HUVEC-01/Plate4,{experiment}/Plate{plate}/{well}_s{site}_w{channel}.png,images
HUVEC-01_4_F05,HUVEC-01,4,F05,sirna_956,HUVEC,1,images/HUVEC-01/Plate4,{experiment}/Plate{plate}/{well}_s{site}_w{channel}.png,images
HUVEC-01_4_F06,HUVEC-01,4,F06,sirna_470,HUVEC,1,images/HUVEC-01/Plate4,{experiment}/Plate{plate}/{well}_s{site}_w{channel}.png,images
HUVEC-01_4_F08,HUVEC-01,4,F08,sirna_220,HUVEC,1,images/HUVEC-01/Plate4,{experiment}/Plate{plate}/{well}_s{site}_w{channel}.png,images
HUVEC-01_4_F09,HUVEC-01,4,F09,sirna_538,HUVEC,1,images/HUVEC-01/Plate4,{experiment}/Plate{plate}/{well}_s{site}_w{channel}.png,images
HUVEC-01_4_F10,HUVEC-01,4,F10,sirna_244,HUVEC,1,images/HUVEC-01/Plate4,{experiment}/Plate{plate}/{well}_s{site}_w{channel}.png,images
HUVEC-01_4_F12,HUVEC-01,4,F12,sirna_1107,HUVEC,1,images/HUVEC-01/Plate4,{experiment}/Plate{plate}/{well}_s{site}_w{channel}.png,images
HUVEC-01_4_F13,HUVEC-01,4,F13,sirna_965,HUVEC,1,images/HUVEC-01/Plate4,{experiment}/Plate{plate}/{well}_s{site}_w{channel}.png,images
HUVEC-01_4_F14,HUVEC-01,4,F14,sirna_125,HUVEC,1,images/HUVEC-01/Plate4,{experiment}/Plate{plate}/{well}_s{site}_w{channel}.png,images
HUVEC-01_4_F16,HUVEC-01,4,F16,sirna_1057,HUVEC,1,images/HUVEC-01/Plate4,{experiment}/Plate{plate}/{well}_s{site}_w{channel}.png,images
HUVEC-01_4_F17,HUVEC-01,4,F17,sirna_507,HUVEC,1,images/HUVEC-01/Plate4,{experiment}/Plate{plate}/{well}_s{site}_w{channel}.png,images
HUVEC-01_4_F18,HUVEC-01,4,F18,sirna_265,HUVEC,1,images/HUVEC-01/Plate4,{experiment}/Plate{plate}/{well}_s{site}_w{channel}.png,images
HUVEC-01_4_F20,HUVEC-01,4,F20,sirna_1110,HUVEC,1,images/HUVEC-01/Plate4,{experiment}/Plate{plate}/{well}_s{site}_w{channel}.png,images
HUVEC-01_4_F21,HUVEC-01,4,F21,sirna_171,HUVEC,1,images/HUVEC-01/Plate4,{experiment}/Plate{plate}/{well}_s{site}_w{channel}.png,images
HUVEC-01_4_F23,HUVEC-01,4,F23,sirna_658,HUVEC,1,images/HUVEC-01/Plate4,{experiment}/Plate{plate}/{well}_s{site}_w{channel}.png,images
HUVEC-01_4_G02,HUVEC-01,4,G02,sirna_963,HUVEC,1,images/HUVEC-01/Plate4,{experiment}/Plate{plate}/{well}_s{site}_w{channel}.png,images
HUVEC-01_4_G03,HUVEC-01,4,G03,sirna_396,HUVEC,1,images/HUVEC-01/Plate4,{experiment}/Plate{plate}/{well}_s{site}_w{channel}.png,images
HUVEC-01_4_G04,HUVEC-01,4,G04,sirna_152,HUVEC,1,images/HUVEC-01/Plate4,{experiment}/Plate{plate}/{well}_s{site}_w{channel}.png,images
HUVEC-01_4_G05,HUVEC-01,4,G05,sirna_260,HUVEC,1,images/HUVEC-01/Plate4,{experiment}/Plate{plate}/{well}_s{site}_w{channel}.png,images
HUVEC-01_4_G06,HUVEC-01,4,G06,sirna_882,HUVEC,1,images/HUVEC-01/Plate4,{experiment}/Plate{plate}/{well}_s{site}_w{channel}.png,images
HUVEC-01_4_G07,HUVEC-01,4,G07,sirna_329,HUVEC,1,images/HUVEC-01/Plate4,{experiment}/Plate{plate}/{well}_s{site}_w{channel}.png,images
HUVEC-01_4_G08,HUVEC-01,4,G08,sirna_808,HUVEC,1,images/HUVEC-01/Plate4,{experiment}/Plate{plate}/{well}_s{site}_w{channel}.png,images
HUVEC-01_4_G09,HUVEC-01,4,G09,sirna_442,HUVEC,1,images/HUVEC-01/Plate4,{experiment}/Plate{plate}/{well}_s{site}_w{channel}.png,images
HUVEC-01_4_G10,HUVEC-01,4,G10,sirna_692,HUVEC,1,images/HUVEC-01/Plate4,{experiment}/Plate{plate}/{well}_s{site}_w{channel}.png,images
HUVEC-01_4_G11,HUVEC-01,4,G11,sirna_424,HUVEC,1,images/HUVEC-01/Plate4,{experiment}/Plate{plate}/{well}_s{site}_w{channel}.png,images
HUVEC-01_4_G12,HUVEC-01,4,G12,sirna_101,HUVEC,1,images/HUVEC-01/Plate4,{experiment}/Plate{plate}/{well}_s{site}_w{channel}.png,images
HUVEC-01_4_G13,HUVEC-01,4,G13,sirna_227,HUVEC,1,images/HUVEC-01/Plate4,{experiment}/Plate{plate}/{well}_s{site}_w{channel}.png,images
HUVEC-01_4_G14,HUVEC-01,4,G14,sirna_373,HUVEC,1,images/HUVEC-01/Plate4,{experiment}/Plate{plate}/{well}_s{site}_w{channel}.png,images
HUVEC-01_4_G15,HUVEC-01,4,G15,sirna_571,HUVEC,1,images/HUVEC-01/Plate4,{experiment}/Plate{plate}/{well}_s{site}_w{channel}.png,images
HUVEC-01_4_G16,HUVEC-01,4,G16,sirna_566,HUVEC,1,images/HUVEC-01/Plate4,{experiment}/Plate{plate}/{well}_s{site}_w{channel}.png,images
HUVEC-01_4_G17,HUVEC-01,4,G17,sirna_796,HUVEC,1,images/HUVEC-01/Plate4,{experiment}/Plate{plate}/{well}_s{site}_w{channel}.png,images
HUVEC-01_4_G18,HUVEC-01,4,G18,sirna_1024,HUVEC,1,images/HUVEC-01/Plate4,{experiment}/Plate{plate}/{well}_s{site}_w{channel}.png,images
HUVEC-01_4_G19,HUVEC-01,4,G19,sirna_1099,HUVEC,1,images/HUVEC-01/Plate4,{experiment}/Plate{plate}/{well}_s{site}_w{channel}.png,images
HUVEC-01_4_G20,HUVEC-01,4,G20,sirna_598,HUVEC,1,images/HUVEC-01/Plate4,{experiment}/Plate{plate}/{well}_s{site}_w{channel}.png,images
HUVEC-01_4_G21,HUVEC-01,4,G21,sirna_1040,HUVEC,1,images/HUVEC-01/Plate4,{experiment}/Plate{plate}/{well}_s{site}_w{channel}.png,images
HUVEC-01_4_G22,HUVEC-01,4,G22,sirna_696,HUVEC,1,images/HUVEC-01/Plate4,{experiment}/Plate{plate}/{well}_s{site}_w{channel}.png,images
HUVEC-01_4_G23,HUVEC-01,4,G23,sirna_115,HUVEC,1,images/HUVEC-01/Plate4,{experiment}/Plate{plate}/{well}_s{site}_w{channel}.png,images
HUVEC-01_4_H02,HUVEC-01,4,H02,sirna_477,HUVEC,1,images/HUVEC-01/Plate4,{experiment}/Plate{plate}/{well}_s{site}_w{channel}.png,images
HUVEC-01_4_H04,HUVEC-01,4,H04,sirna_911,HUVEC,1,images/HUVEC-01/Plate4,{experiment}/Plate{plate}/{well}_s{site}_w{channel}.png,images
HUVEC-01_4_H05,HUVEC-01,4,H05,sirna_339,HUVEC,1,images/HUVEC-01/Plate4,{experiment}/Plate{plate}/{well}_s{site}_w{channel}.png,images
HUVEC-01_4_H06,HUVEC-01,4,H06,sirna_417,HUVEC,1,images/HUVEC-01/Plate4,{experiment}/Plate{plate}/{well}_s{site}_w{channel}.png,images
HUVEC-01_4_H08,HUVEC-01,4,H08,sirna_236,HUVEC,1,images/HUVEC-01/Plate4,{experiment}/Plate{plate}/{well}_s{site}_w{channel}.png,images
HUVEC-01_4_H09,HUVEC-01,4,H09,sirna_453,HUVEC,1,images/HUVEC-01/Plate4,{experiment}/Plate{plate}/{well}_s{site}_w{channel}.png,images
HUVEC-01_4_H10,HUVEC-01,4,H10,sirna_421,HUVEC,1,images/HUVEC-01/Plate4,{experiment}/Plate{plate}/{well}_s{site}_w{channel}.png,images
HUVEC-01_4_H12,HUVEC-01,4,H12,sirna_594,HUVEC,1,images/HUVEC-01/Plate4,{experiment}/Plate{plate}/{well}_s{site}_w{channel}.png,images
HUVEC-01_4_H13,HUVEC-01,4,H13,sirna_366,HUVEC,1,images/HUVEC-01/Plate4,{experiment}/Plate{plate}/{well}_s{site}_w{channel}.png,images
HUVEC-01_4_H14,HUVEC-01,4,H14,sirna_563,HUVEC,1,images/HUVEC-01/Plate4,{experiment}/Plate{plate}/{well}_s{site}_w{channel}.png,images
HUVEC-01_4_H16,HUVEC-01,4,H16,sirna_949,HUVEC,1,images/HUVEC-01/Plate4,{experiment}/Plate{plate}/{well}_s{site}_w{channel}.png,images
HUVEC-01_4_H17,HUVEC-01,4,H17,sirna_460,HUVEC,1,images/HUVEC-01/Plate4,{experiment}/Plate{plate}/{well}_s{site}_w{channel}.png,images
HUVEC-01_4_H18,HUVEC-01,4,H18,sirna_19,HUVEC,1,images/HUVEC-01/Plate4,{experiment}/Plate{plate}/{well}_s{site}_w{channel}.png,images
HUVEC-01_4_H20,HUVEC-01,4,H20,sirna_1001,HUVEC,1,images/HUVEC-01/Plate4,{experiment}/Plate{plate}/{well}_s{site}_w{channel}.png,images
HUVEC-01_4_H21,HUVEC-01,4,H21,sirna_141,HUVEC,1,images/HUVEC-01/Plate4,{experiment}/Plate{plate}/{well}_s{site}_w{channel}.png,images
HUVEC-01_4_H23,HUVEC-01,4,H23,sirna_957,HUVEC,1,images/HUVEC-01/Plate4,{experiment}/Plate{plate}/{well}_s{site}_w{channel}.png,images
HUVEC-01_4_I02,HUVEC-01,4,I02,sirna_1051,HUVEC,1,images/HUVEC-01/Plate4,{experiment}/Plate{plate}/{well}_s{site}_w{channel}.png,images
HUVEC-01_4_I03,HUVEC-01,4,I03,sirna_541,HUVEC,1,images/HUVEC-01/Plate4,{experiment}/Plate{plate}/{well}_s{site}_w{channel}.png,images
HUVEC-01_4_I04,HUVEC-01,4,I04,sirna_824,HUVEC,1,images/HUVEC-01/Plate4,{experiment}/Plate{plate}/{well}_s{site}_w{channel}.png,images
HUVEC-01_4_I05,HUVEC-01,4,I05,sirna_901,HUVEC,1,images/HUVEC-01/Plate4,{experiment}/Plate{plate}/{well}_s{site}_w{channel}.png,images
HUVEC-01_4_I06,HUVEC-01,4,I06,sirna_313,HUVEC,1,images/HUVEC-01/Plate4,{experiment}/Plate{plate}/{well}_s{site}_w{channel}.png,images
HUVEC-01_4_I07,HUVEC-01,4,I07,sirna_608,HUVEC,1,images/HUVEC-01/Plate4,{experiment}/Plate{plate}/{well}_s{site}_w{channel}.png,images
HUVEC-01_4_I08,HUVEC-01,4,I08,sirna_902,HUVEC,1,images/HUVEC-01/Plate4,{experiment}/Plate{plate}/{well}_s{site}_w{channel}.png,images
HUVEC-01_4_I09,HUVEC-01,4,I09,sirna_674,HUVEC,1,images/HUVEC-01/Plate4,{experiment}/Plate{plate}/{well}_s{site}_w{channel}.png,images
HUVEC-01_4_I10,HUVEC-01,4,I10,sirna_194,HUVEC,1,images/HUVEC-01/Plate4,{experiment}/Plate{plate}/{well}_s{site}_w{channel}.png,images
HUVEC-01_4_I11,HUVEC-01,4,I11,sirna_388,HUVEC,1,images/HUVEC-01/Plate4,{experiment}/Plate{plate}/{well}_s{site}_w{channel}.png,images
HUVEC-01_4_I12,HUVEC-01,4,I12,sirna_1122,HUVEC,1,images/HUVEC-01/Plate4,{experiment}/Plate{plate}/{well}_s{site}_w{channel}.png,images
HUVEC-01_4_I13,HUVEC-01,4,I13,sirna_991,HUVEC,1,images/HUVEC-01/Plate4,{experiment}/Plate{plate}/{well}_s{site}_w{channel}.png,images
HUVEC-01_4_I14,HUVEC-01,4,I14,sirna_896,HUVEC,1,images/HUVEC-01/Plate4,{experiment}/Plate{plate}/{well}_s{site}_w{channel}.png,images
HUVEC-01_4_I15,HUVEC-01,4,I15,sirna_175,HUVEC,1,images/HUVEC-01/Plate4,{experiment}/Plate{plate}/{well}_s{site}_w{channel}.png,images
HUVEC-01_4_I16,HUVEC-01,4,I16,sirna_1063,HUVEC,1,images/HUVEC-01/Plate4,{experiment}/Plate{plate}/{well}_s{site}_w{channel}.png,images
HUVEC-01_4_I17,HUVEC-01,4,I17,sirna_557,HUVEC,1,images/HUVEC-01/Plate4,{experiment}/Plate{plate}/{well}_s{site}_w{channel}.png,images
HUVEC-01_4_I18,HUVEC-01,4,I18,sirna_798,HUVEC,1,images/HUVEC-01/Plate4,{experiment}/Plate{plate}/{well}_s{site}_w{channel}.png,images
HUVEC-01_4_I19,HUVEC-01,4,I19,sirna_137,HUVEC,1,images/HUVEC-01/Plate4,{experiment}/Plate{plate}/{well}_s{site}_w{channel}.png,images
HUVEC-01_4_I20,HUVEC-01,4,I20,sirna_433,HUVEC,1,images/HUVEC-01/Plate4,{experiment}/Plate{plate}/{well}_s{site}_w{channel}.png,images
HUVEC-01_4_I21,HUVEC-01,4,I21,sirna_472,HUVEC,1,images/HUVEC-01/Plate4,{experiment}/Plate{plate}/{well}_s{site}_w{channel}.png,images
HUVEC-01_4_I22,HUVEC-01,4,I22,sirna_532,HUVEC,1,images/HUVEC-01/Plate4,{experiment}/Plate{plate}/{well}_s{site}_w{channel}.png,images
HUVEC-01_4_I23,HUVEC-01,4,I23,sirna_290,HUVEC,1,images/HUVEC-01/Plate4,{experiment}/Plate{plate}/{well}_s{site}_w{channel}.png,images
HUVEC-01_4_J02,HUVEC-01,4,J02,sirna_513,HUVEC,1,images/HUVEC-01/Plate4,{experiment}/Plate{plate}/{well}_s{site}_w{channel}.png,images
HUVEC-01_4_J04,HUVEC-01,4,J04,sirna_212,HUVEC,1,images/HUVEC-01/Plate4,{experiment}/Plate{plate}/{well}_s{site}_w{channel}.png,images
HUVEC-01_4_J05,HUVEC-01,4,J05,sirna_938,HUVEC,1,images/HUVEC-01/Plate4,{experiment}/Plate{plate}/{well}_s{site}_w{channel}.png,images
HUVEC-01_4_J06,HUVEC-01,4,J06,sirna_832,HUVEC,1,images/HUVEC-01/Plate4,{experiment}/Plate{plate}/{well}_s{site}_w{channel}.png,images
HUVEC-01_4_J08,HUVEC-01,4,J08,sirna_1049,HUVEC,1,images/HUVEC-01/Plate4,{experiment}/Plate{plate}/{well}_s{site}_w{channel}.png,images
HUVEC-01_4_J09,HUVEC-01,4,J09,sirna_221,HUVEC,1,images/HUVEC-01/Plate4,{experiment}/Plate{plate}/{well}_s{site}_w{channel}.png,images
HUVEC-01_4_J10,HUVEC-01,4,J10,sirna_386,HUVEC,1,images/HUVEC-01/Plate4,{experiment}/Plate{plate}/{well}_s{site}_w{channel}.png,images
HUVEC-01_4_J12,HUVEC-01,4,J12,sirna_243,HUVEC,1,images/HUVEC-01/Plate4,{experiment}/Plate{plate}/{well}_s{site}_w{channel}.png,images
HUVEC-01_4_J13,HUVEC-01,4,J13,sirna_980,HUVEC,1,images/HUVEC-01/Plate4,{experiment}/Plate{plate}/{well}_s{site}_w{channel}.png,images
HUVEC-01_4_J14,HUVEC-01,4,J14,sirna_909,HUVEC,1,images/HUVEC-01/Plate4,{experiment}/Plate{plate}/{well}_s{site}_w{channel}.png,images
HUVEC-01_4_J16,HUVEC-01,4,J16,sirna_769,HUVEC,1,images/HUVEC-01/Plate4,{experiment}/Plate{plate}/{well}_s{site}_w{channel}.png,images
HUVEC-01_4_J17,HUVEC-01,4,J17,sirna_178,HUVEC,1,images/HUVEC-01/Plate4,{experiment}/Plate{plate}/{well}_s{site}_w{channel}.png,images
HUVEC-01_4_J18,HUVEC-01,4,J18,sirna_1018,HUVEC,1,images/HUVEC-01/Plate4,{experiment}/Plate{plate}/{well}_s{site}_w{channel}.png,images
HUVEC-01_4_J20,HUVEC-01,4,J20,sirna_133,HUVEC,1,images/HUVEC-01/Plate4,{experiment}/Plate{plate}/{well}_s{site}_w{channel}.png,images
HUVEC-01_4_J21,HUVEC-01,4,J21,sirna_258,HUVEC,1,images/HUVEC-01/Plate4,{experiment}/Plate{plate}/{well}_s{site}_w{channel}.png,images
HUVEC-01_4_J23,HUVEC-01,4,J23,sirna_116,HUVEC,1,images/HUVEC-01/Plate4,{experiment}/Plate{plate}/{well}_s{site}_w{channel}.png,images
HUVEC-01_4_K02,HUVEC-01,4,K02,sirna_1026,HUVEC,1,images/HUVEC-01/Plate4,{experiment}/Plate{plate}/{well}_s{site}_w{channel}.png,images
HUVEC-01_4_K03,HUVEC-01,4,K03,sirna_351,HUVEC,1,images/HUVEC-01/Plate4,{experiment}/Plate{plate}/{well}_s{site}_w{channel}.png,images
HUVEC-01_4_K04,HUVEC-01,4,K04,sirna_407,HUVEC,1,images/HUVEC-01/Plate4,{experiment}/Plate{plate}/{well}_s{site}_w{channel}.png,images
HUVEC-01_4_K05,HUVEC-01,4,K05,sirna_879,HUVEC,1,images/HUVEC-01/Plate4,{experiment}/Plate{plate}/{well}_s{site}_w{channel}.png,images
HUVEC-01_4_K06,HUVEC-01,4,K06,sirna_451,HUVEC,1,images/HUVEC-01/Plate4,{experiment}/Plate{plate}/{well}_s{site}_w{channel}.png,images
HUVEC-01_4_K07,HUVEC-01,4,K07,sirna_248,HUVEC,1,images/HUVEC-01/Plate4,{experiment}/Plate{plate}/{well}_s{site}_w{channel}.png,images
HUVEC-01_4_K08,HUVEC-01,4,K08,sirna_775,HUVEC,1,images/HUVEC-01/Plate4,{experiment}/Plate{plate}/{well}_s{site}_w{channel}.png,images
HUVEC-01_4_K09,HUVEC-01,4,K09,sirna_988,HUVEC,1,images/HUVEC-01/Plate4,{experiment}/Plate{plate}/{well}_s{site}_w{channel}.png,images
HUVEC-01_4_K10,HUVEC-01,4,K10,sirna_1074,HUVEC,1,images/HUVEC-01/Plate4,{experiment}/Plate{plate}/{well}_s{site}_w{channel}.png,images
HUVEC-01_4_K11,HUVEC-01,4,K11,sirna_772,HUVEC,1,images/HUVEC-01/Plate4,{experiment}/Plate{plate}/{well}_s{site}_w{channel}.png,images
HUVEC-01_4_K12,HUVEC-01,4,K12,sirna_856,HUVEC,1,images/HUVEC-01/Plate4,{experiment}/Plate{plate}/{well}_s{site}_w{channel}.png,images
HUVEC-01_4_K13,HUVEC-01,4,K13,sirna_283,HUVEC,1,images/HUVEC-01/Plate4,{experiment}/Plate{plate}/{well}_s{site}_w{channel}.png,images
HUVEC-01_4_K14,HUVEC-01,4,K14,sirna_520,HUVEC,1,images/HUVEC-01/Plate4,{experiment}/Plate{plate}/{well}_s{site}_w{channel}.png,images
HUVEC-01_4_K15,HUVEC-01,4,K15,sirna_614,HUVEC,1,images/HUVEC-01/Plate4,{experiment}/Plate{plate}/{well}_s{site}_w{channel}.png,images
HUVEC-01_4_K16,HUVEC-01,4,K16,sirna_844,HUVEC,1,images/HUVEC-01/Plate4,{experiment}/Plate{plate}/{well}_s{site}_w{channel}.png,images
HUVEC-01_4_K17,HUVEC-01,4,K17,sirna_648,HUVEC,1,images/HUVEC-01/Plate4,{experiment}/Plate{plate}/{well}_s{site}_w{channel}.png,images
HUVEC-01_4_K18,HUVEC-01,4,K18,sirna_431,HUVEC,1,images/HUVEC-01/Plate4,{experiment}/Plate{plate}/{well}_s{site}_w{channel}.png,images
HUVEC-01_4_K19,HUVEC-01,4,K19,sirna_500,HUVEC,1,images/HUVEC-01/Plate4,{experiment}/Plate{plate}/{well}_s{site}_w{channel}.png,images
HUVEC-01_4_K20,HUVEC-01,4,K20,sirna_713,HUVEC,1,images/HUVEC-01/Plate4,{experiment}/Plate{plate}/{well}_s{site}_w{channel}.png,images
HUVEC-01_4_K21,HUVEC-01,4,K21,sirna_530,HUVEC,1,images/HUVEC-01/Plate4,{experiment}/Plate{plate}/{well}_s{site}_w{channel}.png,images
HUVEC-01_4_K22,HUVEC-01,4,K22,sirna_31,HUVEC,1,images/HUVEC-01/Plate4,{experiment}/Plate{plate}/{well}_s{site}_w{channel}.png,images
HUVEC-01_4_K23,HUVEC-01,4,K23,sirna_961,HUVEC,1,images/HUVEC-01/Plate4,{experiment}/Plate{plate}/{well}_s{site}_w{channel}.png,images
HUVEC-01_4_L02,HUVEC-01,4,L02,sirna_629,HUVEC,1,images/HUVEC-01/Plate4,{experiment}/Plate{plate}/{well}_s{site}_w{channel}.png,images
HUVEC-01_4_L03,HUVEC-01,4,L03,sirna_1048,HUVEC,1,images/HUVEC-01/Plate4,{experiment}/Plate{plate}/{well}_s{site}_w{channel}.png,images
HUVEC-01_4_L04,HUVEC-01,4,L04,sirna_1061,HUVEC,1,images/HUVEC-01/Plate4,{experiment}/Plate{plate}/{well}_s{site}_w{channel}.png,images
HUVEC-01_4_L05,HUVEC-01,4,L05,sirna_1080,HUVEC,1,images/HUVEC-01/Plate4,{experiment}/Plate{plate}/{well}_s{site}_w{channel}.png,images
HUVEC-01_4_L06,HUVEC-01,4,L06,sirna_762,HUVEC,1,images/HUVEC-01/Plate4,{experiment}/Plate{plate}/{well}_s{site}_w{channel}.png,images
HUVEC-01_4_L07,HUVEC-01,4,L07,sirna_398,HUVEC,1,images/HUVEC-01/Plate4,{experiment}/Plate{plate}/{well}_s{site}_w{channel}.png,images
HUVEC-01_4_L08,HUVEC-01,4,L08,sirna_29,HUVEC,1,images/HUVEC-01/Plate4,{experiment}/Plate{plate}/{well}_s{site}_w{channel}.png,images
HUVEC-01_4_L09,HUVEC-01,4,L09,sirna_797,HUVEC,1,images/HUVEC-01/Plate4,{experiment}/Plate{plate}/{well}_s{site}_w{channel}.png,images
HUVEC-01_4_L10,HUVEC-01,4,L10,sirna_936,HUVEC,1,images/HUVEC-01/Plate4,{experiment}/Plate{plate}/{well}_s{site}_w{channel}.png,images
HUVEC-01_4_L11,HUVEC-01,4,L11,sirna_352,HUVEC,1,images/HUVEC-01/Plate4,{experiment}/Plate{plate}/{well}_s{site}_w{channel}.png,images
HUVEC-01_4_L12,HUVEC-01,4,L12,sirna_172,HUVEC,1,images/HUVEC-01/Plate4,{experiment}/Plate{plate}/{well}_s{site}_w{channel}.png,images
HUVEC-01_4_L13,HUVEC-01,4,L13,sirna_91,HUVEC,1,images/HUVEC-01/Plate4,{experiment}/Plate{plate}/{well}_s{site}_w{channel}.png,images
HUVEC-01_4_L14,HUVEC-01,4,L14,sirna_83,HUVEC,1,images/HUVEC-01/Plate4,{experiment}/Plate{plate}/{well}_s{site}_w{channel}.png,images
HUVEC-01_4_L15,HUVEC-01,4,L15,sirna_869,HUVEC,1,images/HUVEC-01/Plate4,{experiment}/Plate{plate}/{well}_s{site}_w{channel}.png,images
HUVEC-01_4_L16,HUVEC-01,4,L16,sirna_960,HUVEC,1,images/HUVEC-01/Plate4,{experiment}/Plate{plate}/{well}_s{site}_w{channel}.png,images
HUVEC-01_4_L17,HUVEC-01,4,L17,sirna_35,HUVEC,1,images/HUVEC-01/Plate4,{experiment}/Plate{plate}/{well}_s{site}_w{channel}.png,images
HUVEC-01_4_L18,HUVEC-01,4,L18,sirna_505,HUVEC,1,images/HUVEC-01/Plate4,{experiment}/Plate{plate}/{well}_s{site}_w{channel}.png,images
HUVEC-01_4_L19,HUVEC-01,4,L19,sirna_176,HUVEC,1,images/HUVEC-01/Plate4,{experiment}/Plate{plate}/{well}_s{site}_w{channel}.png,images
HUVEC-01_4_L20,HUVEC-01,4,L20,sirna_583,HUVEC,1,images/HUVEC-01/Plate4,{experiment}/Plate{plate}/{well}_s{site}_w{channel}.png,images
HUVEC-01_4_L21,HUVEC-01,4,L21,sirna_582,HUVEC,1,images/HUVEC-01/Plate4,{experiment}/Plate{plate}/{well}_s{site}_w{channel}.png,images
HUVEC-01_4_L22,HUVEC-01,4,L22,sirna_438,HUVEC,1,images/HUVEC-01/Plate4,{experiment}/Plate{plate}/{well}_s{site}_w{channel}.png,images
HUVEC-01_4_L23,HUVEC-01,4,L23,sirna_262,HUVEC,1,images/HUVEC-01/Plate4,{experiment}/Plate{plate}/{well}_s{site}_w{channel}.png,images
HUVEC-01_4_M02,HUVEC-01,4,M02,sirna_691,HUVEC,1,images/HUVEC-01/Plate4,{experiment}/Plate{plate}/{well}_s{site}_w{channel}.png,images
HUVEC-01_4_M04,HUVEC-01,4,M04,sirna_873,HUVEC,1,images/HUVEC-01/Plate4,{experiment}/Plate{plate}/{well}_s{site}_w{channel}.png,images
HUVEC-01_4_M05,HUVEC-01,4,M05,sirna_1093,HUVEC,1,images/HUVEC-01/Plate4,{experiment}/Plate{plate}/{well}_s{site}_w{channel}.png,images
HUVEC-01_4_M06,HUVEC-01,4,M06,sirna_36,HUVEC,1,images/HUVEC-01/Plate4,{experiment}/Plate{plate}/{well}_s{site}_w{channel}.png,images
HUVEC-01_4_M08,HUVEC-01,4,M08,sirna_1036,HUVEC,1,images/HUVEC-01/Plate4,{experiment}/Plate{plate}/{well}_s{site}_w{channel}.png,images
HUVEC-01_4_M09,HUVEC-01,4,M09,sirna_719,HUVEC,1,images/HUVEC-01/Plate4,{experiment}/Plate{plate}/{well}_s{site}_w{channel}.png,images
HUVEC-01_4_M10,HUVEC-01,4,M10,sirna_135,HUVEC,1,images/HUVEC-01/Plate4,{experiment}/Plate{plate}/{well}_s{site}_w{channel}.png,images
HUVEC-01_4_M12,HUVEC-01,4,M12,sirna_1108,HUVEC,1,images/HUVEC-01/Plate4,{experiment}/Plate{plate}/{well}_s{site}_w{channel}.png,images
HUVEC-01_4_M13,HUVEC-01,4,M13,sirna_370,HUVEC,1,images/HUVEC-01/Plate4,{experiment}/Plate{plate}/{well}_s{site}_w{channel}.png,images
HUVEC-01_4_M14,HUVEC-01,4,M14,sirna_132,HUVEC,1,images/HUVEC-01/Plate4,{experiment}/Plate{plate}/{well}_s{site}_w{channel}.png,images
HUVEC-01_4_M16,HUVEC-01,4,M16,sirna_904,HUVEC,1,images/HUVEC-01/Plate4,{experiment}/Plate{plate}/{well}_s{site}_w{channel}.png,images
HUVEC-01_4_M17,HUVEC-01,4,M17,sirna_847,HUVEC,1,images/HUVEC-01/Plate4,{experiment}/Plate{plate}/{well}_s{site}_w{channel}.png,images
HUVEC-01_4_M18,HUVEC-01,4,M18,sirna_474,HUVEC,1,images/HUVEC-01/Plate4,{experiment}/Plate{plate}/{well}_s{site}_w{channel}.png,images
HUVEC-01_4_M20,HUVEC-01,4,M20,sirna_732,HUVEC,1,images/HUVEC-01/Plate4,{experiment}/Plate{plate}/{well}_s{site}_w{channel}.png,images
HUVEC-01_4_M21,HUVEC-01,4,M21,sirna_287,HUVEC,1,images/HUVEC-01/Plate4,{experiment}/Plate{plate}/{well}_s{site}_w{channel}.png,images
HUVEC-01_4_M23,HUVEC-01,4,M23,sirna_205,HUVEC,1,images/HUVEC-01/Plate4,{experiment}/Plate{plate}/{well}_s{site}_w{channel}.png,images
HUVEC-01_4_N02,HUVEC-01,4,N02,sirna_768,HUVEC,1,images/HUVEC-01/Plate4,{experiment}/Plate{plate}/{well}_s{site}_w{channel}.png,images
HUVEC-01_4_N03,HUVEC-01,4,N03,sirna_686,HUVEC,1,images/HUVEC-01/Plate4,{experiment}/Plate{plate}/{well}_s{site}_w{channel}.png,images
HUVEC-01_4_N04,HUVEC-01,4,N04,sirna_1002,HUVEC,1,images/HUVEC-01/Plate4,{experiment}/Plate{plate}/{well}_s{site}_w{channel}.png,images
HUVEC-01_4_N05,HUVEC-01,4,N05,sirna_1091,HUVEC,1,images/HUVEC-01/Plate4,{experiment}/Plate{plate}/{well}_s{site}_w{channel}.png,images
HUVEC-01_4_N06,HUVEC-01,4,N06,sirna_568,HUVEC,1,images/HUVEC-01/Plate4,{experiment}/Plate{plate}/{well}_s{site}_w{channel}.png,images
HUVEC-01_4_N07,HUVEC-01,4,N07,sirna_889,HUVEC,1,images/HUVEC-01/Plate4,{experiment}/Plate{plate}/{well}_s{site}_w{channel}.png,images
HUVEC-01_4_N08,HUVEC-01,4,N08,sirna_791,HUVEC,1,images/HUVEC-01/Plate4,{experiment}/Plate{plate}/{well}_s{site}_w{channel}.png,images
HUVEC-01_4_N09,HUVEC-01,4,N09,sirna_214,HUVEC,1,images/HUVEC-01/Plate4,{experiment}/Plate{plate}/{well}_s{site}_w{channel}.png,images
HUVEC-01_4_N10,HUVEC-01,4,N10,sirna_807,HUVEC,1,images/HUVEC-01/Plate4,{experiment}/Plate{plate}/{well}_s{site}_w{channel}.png,images
HUVEC-01_4_N11,HUVEC-01,4,N11,sirna_443,HUVEC,1,images/HUVEC-01/Plate4,{experiment}/Plate{plate}/{well}_s{site}_w{channel}.png,images
HUVEC-01_4_N12,HUVEC-01,4,N12,sirna_162,HUVEC,1,images/HUVEC-01/Plate4,{experiment}/Plate{plate}/{well}_s{site}_w{channel}.png,images
HUVEC-01_4_N13,HUVEC-01,4,N13,sirna_533,HUVEC,1,images/HUVEC-01/Plate4,{experiment}/Plate{plate}/{well}_s{site}_w{channel}.png,images
HUVEC-01_4_N14,HUVEC-01,4,N14,sirna_114,HUVEC,1,images/HUVEC-01/Plate4,{experiment}/Plate{plate}/{well}_s{site}_w{channel}.png,images
HUVEC-01_4_N15,HUVEC-01,4,N15,sirna_933,HUVEC,1,images/HUVEC-01/Plate4,{experiment}/Plate{plate}/{well}_s{site}_w{channel}.png,images
HUVEC-01_4_N16,HUVEC-01,4,N16,sirna_332,HUVEC,1,images/HUVEC-01/Plate4,{experiment}/Plate{plate}/{well}_s{site}_w{channel}.png,images
HUVEC-01_4_N17,HUVEC-01,4,N17,sirna_387,HUVEC,1,images/HUVEC-01/Plate4,{experiment}/Plate{plate}/{well}_s{site}_w{channel}.png,images
HUVEC-01_4_N18,HUVEC-01,4,N18,sirna_151,HUVEC,1,images/HUVEC-01/Plate4,{experiment}/Plate{plate}/{well}_s{site}_w{channel}.png,images
HUVEC-01_4_N19,HUVEC-01,4,N19,sirna_764,HUVEC,1,images/HUVEC-01/Plate4,{experiment}/Plate{plate}/{well}_s{site}_w{channel}.png,images
HUVEC-01_4_N20,HUVEC-01,4,N20,sirna_891,HUVEC,1,images/HUVEC-01/Plate4,{experiment}/Plate{plate}/{well}_s{site}_w{channel}.png,images
HUVEC-01_4_N21,HUVEC-01,4,N21,sirna_211,HUVEC,1,images/HUVEC-01/Plate4,{experiment}/Plate{plate}/{well}_s{site}_w{channel}.png,images
HUVEC-01_4_N22,HUVEC-01,4,N22,sirna_511,HUVEC,1,images/HUVEC-01/Plate4,{experiment}/Plate{plate}/{well}_s{site}_w{channel}.png,images
HUVEC-01_4_N23,HUVEC-01,4,N23,sirna_945,HUVEC,1,images/HUVEC-01/Plate4,{experiment}/Plate{plate}/{well}_s{site}_w{channel}.png,images
HUVEC-01_4_O02,HUVEC-01,4,O02,sirna_564,HUVEC,1,images/HUVEC-01/Plate4,{experiment}/Plate{plate}/{well}_s{site}_w{channel}.png,images
HUVEC-01_4_O03,HUVEC-01,4,O03,sirna_546,HUVEC,1,images/HUVEC-01/Plate4,{experiment}/Plate{plate}/{well}_s{site}_w{channel}.png,images
HUVEC-01_4_O04,HUVEC-01,4,O04,sirna_592,HUVEC,1,images/HUVEC-01/Plate4,{experiment}/Plate{plate}/{well}_s{site}_w{channel}.png,images
HUVEC-01_4_O05,HUVEC-01,4,O05,sirna_913,HUVEC,1,images/HUVEC-01/Plate4,{experiment}/Plate{plate}/{well}_s{site}_w{channel}.png,images
HUVEC-01_4_O06,HUVEC-01,4,O06,sirna_591,HUVEC,1,images/HUVEC-01/Plate4,{experiment}/Plate{plate}/{well}_s{site}_w{channel}.png,images
HUVEC-01_4_O07,HUVEC-01,4,O07,sirna_815,HUVEC,1,images/HUVEC-01/Plate4,{experiment}/Plate{plate}/{well}_s{site}_w{channel}.png,images
HUVEC-01_4_O08,HUVEC-01,4,O08,sirna_706,HUVEC,1,images/HUVEC-01/Plate4,{experiment}/Plate{plate}/{well}_s{site}_w{channel}.png,images
HUVEC-01_4_O09,HUVEC-01,4,O09,sirna_415,HUVEC,1,images/HUVEC-01/Plate4,{experiment}/Plate{plate}/{well}_s{site}_w{channel}.png,images
HUVEC-01_4_O10,HUVEC-01,4,O10,sirna_633,HUVEC,1,images/HUVEC-01/Plate4,{experiment}/Plate{plate}/{well}_s{site}_w{channel}.png,images
HUVEC-01_4_O11,HUVEC-01,4,O11,sirna_826,HUVEC,1,images/HUVEC-01/Plate4,{experiment}/Plate{plate}/{well}_s{site}_w{channel}.png,images
HUVEC-01_4_O12,HUVEC-01,4,O12,sirna_203,HUVEC,1,images/HUVEC-01/Plate4,{experiment}/Plate{plate}/{well}_s{site}_w{channel}.png,images
HUVEC-01_4_O13,HUVEC-01,4,O13,sirna_271,HUVEC,1,images/HUVEC-01/Plate4,{experiment}/Plate{plate}/{well}_s{site}_w{channel}.png,images
HUVEC-01_4_O14,HUVEC-01,4,O14,sirna_379,HUVEC,1,images/HUVEC-01/Plate4,{experiment}/Plate{plate}/{well}_s{site}_w{channel}.png,images
HUVEC-01_4_O15,HUVEC-01,4,O15,sirna_463,HUVEC,1,images/HUVEC-01/Plate4,{experiment}/Plate{plate}/{well}_s{site}_w{channel}.png,images
HUVEC-01_4_O16,HUVEC-01,4,O16,sirna_632,HUVEC,1,images/HUVEC-01/Plate4,{experiment}/Plate{plate}/{well}_s{site}_w{channel}.png,images
HUVEC-01_4_O17,HUVEC-01,4,O17,sirna_743,HUVEC,1,images/HUVEC-01/Plate4,{experiment}/Plate{plate}/{well}_s{site}_w{channel}.png,images
HUVEC-01_4_O18,HUVEC-01,4,O18,sirna_787,HUVEC,1,images/HUVEC-01/Plate4,{experiment}/Plate{plate}/{well}_s{site}_w{channel}.png,images
HUVEC-01_4_O19,HUVEC-01,4,O19,sirna_219,HUVEC,1,images/HUVEC-01/Plate4,{experiment}/Plate{plate}/{well}_s{site}_w{channel}.png,images
HUVEC-01_4_O20,HUVEC-01,4,O20,sirna_925,HUVEC,1,images/HUVEC-01/Plate4,{experiment}/Plate{plate}/{well}_s{site}_w{channel}.png,images
HUVEC-01_4_O21,HUVEC-01,4,O21,sirna_27,HUVEC,1,images/HUVEC-01/Plate4,{experiment}/Plate{plate}/{well}_s{site}_w{channel}.png,images
HUVEC-01_4_O22,HUVEC-01,4,O22,sirna_127,HUVEC,1,images/HUVEC-01/Plate4,{experiment}/Plate{plate}/{well}_s{site}_w{channel}.png,images
HUVEC-01_4_O23,HUVEC-01,4,O23,sirna_81,HUVEC,1,images/HUVEC-01/Plate4,{experiment}/Plate{plate}/{well}_s{site}_w{channel}.png,images
RPE-05_1_B03,RPE-05,1,B03,sirna_197,RPE,1,images/RPE-05/Plate1,{experiment}/Plate{plate}/{well}_s{site}_w{channel}.png,images
RPE-05_1_B04,RPE-05,1,B04,sirna_33,RPE,1,images/RPE-05/Plate1,{experiment}/Plate{plate}/{well}_s{site}_w{channel}.png,images
RPE-05_1_B05,RPE-05,1,B05,sirna_364,RPE,1,images/RPE-05/Plate1,{experiment}/Plate{plate}/{well}_s{site}_w{channel}.png,images
RPE-05_1_B06,RPE-05,1,B06,sirna_861,RPE,1,images/RPE-05/Plate1,{experiment}/Plate{plate}/{well}_s{site}_w{channel}.png,images
RPE-05_1_B07,RPE-05,1,B07,sirna_367,RPE,1,images/RPE-05/Plate1,{experiment}/Plate{plate}/{well}_s{site}_w{channel}.png,images
RPE-05_1_B08,RPE-05,1,B08,sirna_585,RPE,1,images/RPE-05/Plate1,{experiment}/Plate{plate}/{well}_s{site}_w{channel}.png,images
RPE-05_1_B09,RPE-05,1,B09,sirna_419,RPE,1,images/RPE-05/Plate1,{experiment}/Plate{plate}/{well}_s{site}_w{channel}.png,images
RPE-05_1_B10,RPE-05,1,B10,sirna_895,RPE,1,images/RPE-05/Plate1,{experiment}/Plate{plate}/{well}_s{site}_w{channel}.png,images
RPE-05_1_B11,RPE-05,1,B11,sirna_1123,RPE,1,images/RPE-05/Plate1,{experiment}/Plate{plate}/{well}_s{site}_w{channel}.png,images
RPE-05_1_B12,RPE-05,1,B12,sirna_1092,RPE,1,images/RPE-05/Plate1,{experiment}/Plate{plate}/{well}_s{site}_w{channel}.png,images
RPE-05_1_B13,RPE-05,1,B13,sirna_325,RPE,1,images/RPE-05/Plate1,{experiment}/Plate{plate}/{well}_s{site}_w{channel}.png,images
RPE-05_1_B14,RPE-05,1,B14,sirna_555,RPE,1,images/RPE-05/Plate1,{experiment}/Plate{plate}/{well}_s{site}_w{channel}.png,images
RPE-05_1_B15,RPE-05,1,B15,sirna_670,RPE,1,images/RPE-05/Plate1,{experiment}/Plate{plate}/{well}_s{site}_w{channel}.png,images
RPE-05_1_B16,RPE-05,1,B16,sirna_449,RPE,1,images/RPE-05/Plate1,{experiment}/Plate{plate}/{well}_s{site}_w{channel}.png,images
RPE-05_1_B17,RPE-05,1,B17,sirna_253,RPE,1,images/RPE-05/Plate1,{experiment}/Plate{plate}/{well}_s{site}_w{channel}.png,images
RPE-05_1_B18,RPE-05,1,B18,sirna_998,RPE,1,images/RPE-05/Plate1,{experiment}/Plate{plate}/{well}_s{site}_w{channel}.png,images
RPE-05_1_B19,RPE-05,1,B19,sirna_51,RPE,1,images/RPE-05/Plate1,{experiment}/Plate{plate}/{well}_s{site}_w{channel}.png,images
RPE-05_1_B20,RPE-05,1,B20,sirna_309,RPE,1,images/RPE-05/Plate1,{experiment}/Plate{plate}/{well}_s{site}_w{channel}.png,images
RPE-05_1_B21,RPE-05,1,B21,sirna_816,RPE,1,images/RPE-05/Plate1,{experiment}/Plate{plate}/{well}_s{site}_w{channel}.png,images
RPE-05_1_B22,RPE-05,1,B22,sirna_934,RPE,1,images/RPE-05/Plate1,{experiment}/Plate{plate}/{well}_s{site}_w{channel}.png,images
RPE-05_1_B23,RPE-05,1,B23,sirna_924,RPE,1,images/RPE-05/Plate1,{experiment}/Plate{plate}/{well}_s{site}_w{channel}.png,images
RPE-05_1_C02,RPE-05,1,C02,sirna_819,RPE,1,images/RPE-05/Plate1,{experiment}/Plate{plate}/{well}_s{site}_w{channel}.png,images
RPE-05_1_C04,RPE-05,1,C04,sirna_1044,RPE,1,images/RPE-05/Plate1,{experiment}/Plate{plate}/{well}_s{site}_w{channel}.png,images
RPE-05_1_C05,RPE-05,1,C05,sirna_955,RPE,1,images/RPE-05/Plate1,{experiment}/Plate{plate}/{well}_s{site}_w{channel}.png,images
RPE-05_1_C06,RPE-05,1,C06,sirna_295,RPE,1,images/RPE-05/Plate1,{experiment}/Plate{plate}/{well}_s{site}_w{channel}.png,images
RPE-05_1_C08,RPE-05,1,C08,sirna_985,RPE,1,images/RPE-05/Plate1,{experiment}/Plate{plate}/{well}_s{site}_w{channel}.png,images
RPE-05_1_C09,RPE-05,1,C09,sirna_418,RPE,1,images/RPE-05/Plate1,{experiment}/Plate{plate}/{well}_s{site}_w{channel}.png,images
RPE-05_1_C10,RPE-05,1,C10,sirna_226,RPE,1,images/RPE-05/Plate1,{experiment}/Plate{plate}/{well}_s{site}_w{channel}.png,images
RPE-05_1_C12,RPE-05,1,C12,sirna_521,RPE,1,images/RPE-05/Plate1,{experiment}/Plate{plate}/{well}_s{site}_w{channel}.png,images
RPE-05_1_C13,RPE-05,1,C13,sirna_872,RPE,1,images/RPE-05/Plate1,{experiment}/Plate{plate}/{well}_s{site}_w{channel}.png,images
RPE-05_1_C14,RPE-05,1,C14,sirna_723,RPE,1,images/RPE-05/Plate1,{experiment}/Plate{plate}/{well}_s{site}_w{channel}.png,images
RPE-05_1_C16,RPE-05,1,C16,sirna_189,RPE,1,images/RPE-05/Plate1,{experiment}/Plate{plate}/{well}_s{site}_w{channel}.png,images
RPE-05_1_C17,RPE-05,1,C17,sirna_837,RPE,1,images/RPE-05/Plate1,{experiment}/Plate{plate}/{well}_s{site}_w{channel}.png,images
RPE-05_1_C18,RPE-05,1,C18,sirna_289,RPE,1,images/RPE-05/Plate1,{experiment}/Plate{plate}/{well}_s{site}_w{channel}.png,images
RPE-05_1_C20,RPE-05,1,C20,sirna_18,RPE,1,images/RPE-05/Plate1,{experiment}/Plate{plate}/{well}_s{site}_w{channel}.png,images
RPE-05_1_C21,RPE-05,1,C21,sirna_908,RPE,1,images/RPE-05/Plate1,{experiment}/Plate{plate}/{well}_s{site}_w{channel}.png,images
RPE-05_1_C23,RPE-05,1,C23,sirna_239,RPE,1,images/RPE-05/Plate1,{experiment}/Plate{plate}/{well}_s{site}_w{channel}.png,images
RPE-05_1_D02,RPE-05,1,D02,sirna_754,RPE,1,images/RPE-05/Plate1,{experiment}/Plate{plate}/{well}_s{site}_w{channel}.png,images
RPE-05_1_D03,RPE-05,1,D03,sirna_870,RPE,1,images/RPE-05/Plate1,{experiment}/Plate{plate}/{well}_s{site}_w{channel}.png,images
RPE-05_1_D04,RPE-05,1,D04,sirna_78,RPE,1,images/RPE-05/Plate1,{experiment}/Plate{plate}/{well}_s{site}_w{channel}.png,images
RPE-05_1_D05,RPE-05,1,D05,sirna_607,RPE,1,images/RPE-05/Plate1,{experiment}/Plate{plate}/{well}_s{site}_w{channel}.png,images
RPE-05_1_D06,RPE-05,1,D06,sirna_928,RPE,1,images/RPE-05/Plate1,{experiment}/Plate{plate}/{well}_s{site}_w{channel}.png,images
RPE-05_1_D07,RPE-05,1,D07,sirna_615,RPE,1,images/RPE-05/Plate1,{experiment}/Plate{plate}/{well}_s{site}_w{channel}.png,images
RPE-05_1_D08,RPE-05,1,D08,sirna_1062,RPE,1,images/RPE-05/Plate1,{experiment}/Plate{plate}/{well}_s{site}_w{channel}.png,images
RPE-05_1_D09,RPE-05,1,D09,sirna_983,RPE,1,images/RPE-05/Plate1,{experiment}/Plate{plate}/{well}_s{site}_w{channel}.png,images
RPE-05_1_D10,RPE-05,1,D10,sirna_163,RPE,1,images/RPE-05/Plate1,{experiment}/Plate{plate}/{well}_s{site}_w{channel}.png,images
RPE-05_1_D11,RPE-05,1,D11,sirna_661,RPE,1,images/RPE-05/Plate1,{experiment}/Plate{plate}/{well}_s{site}_w{channel}.png,images
RPE-05_1_D12,RPE-05,1,D12,sirna_606,RPE,1,images/RPE-05/Plate1,{experiment}/Plate{plate}/{well}_s{site}_w{channel}.png,images
RPE-05_1_D13,RPE-05,1,D13,sirna_488,RPE,1,images/RPE-05/Plate1,{experiment}/Plate{plate}/{well}_s{site}_w{channel}.png,images
RPE-05_1_D14,RPE-05,1,D14,sirna_158,RPE,1,images/RPE-05/Plate1,{experiment}/Plate{plate}/{well}_s{site}_w{channel}.png,images
RPE-05_1_D15,RPE-05,1,D15,sirna_611,RPE,1,images/RPE-05/Plate1,{experiment}/Plate{plate}/{well}_s{site}_w{channel}.png,images
RPE-05_1_D16,RPE-05,1,D16,sirna_765,RPE,1,images/RPE-05/Plate1,{experiment}/Plate{plate}/{well}_s{site}_w{channel}.png,images
RPE-05_1_D17,RPE-05,1,D17,sirna_13,RPE,1,images/RPE-05/Plate1,{experiment}/Plate{plate}/{well}_s{site}_w{channel}.png,images
RPE-05_1_D18,RPE-05,1,D18,sirna_279,RPE,1,images/RPE-05/Plate1,{experiment}/Plate{plate}/{well}_s{site}_w{channel}.png,images
RPE-05_1_D19,RPE-05,1,D19,sirna_385,RPE,1,images/RPE-05/Plate1,{experiment}/Plate{plate}/{well}_s{site}_w{channel}.png,images
RPE-05_1_D20,RPE-05,1,D20,sirna_942,RPE,1,images/RPE-05/Plate1,{experiment}/Plate{plate}/{well}_s{site}_w{channel}.png,images
RPE-05_1_D21,RPE-05,1,D21,sirna_1104,RPE,1,images/RPE-05/Plate1,{experiment}/Plate{plate}/{well}_s{site}_w{channel}.png,images
RPE-05_1_D22,RPE-05,1,D22,sirna_906,RPE,1,images/RPE-05/Plate1,{experiment}/Plate{plate}/{well}_s{site}_w{channel}.png,images
RPE-05_1_D23,RPE-05,1,D23,sirna_225,RPE,1,images/RPE-05/Plate1,{experiment}/Plate{plate}/{well}_s{site}_w{channel}.png,images
RPE-05_1_E02,RPE-05,1,E02,sirna_494,RPE,1,images/RPE-05/Plate1,{experiment}/Plate{plate}/{well}_s{site}_w{channel}.png,images
RPE-05_1_E03,RPE-05,1,E03,sirna_671,RPE,1,images/RPE-05/Plate1,{experiment}/Plate{plate}/{well}_s{site}_w{channel}.png,images
RPE-05_1_E04,RPE-05,1,E04,sirna_402,RPE,1,images/RPE-05/Plate1,{experiment}/Plate{plate}/{well}_s{site}_w{channel}.png,images
RPE-05_1_E05,RPE-05,1,E05,sirna_757,RPE,1,images/RPE-05/Plate1,{experiment}/Plate{plate}/{well}_s{site}_w{channel}.png,images
RPE-05_1_E06,RPE-05,1,E06,sirna_1016,RPE,1,images/RPE-05/Plate1,{experiment}/Plate{plate}/{well}_s{site}_w{channel}.png,images
RPE-05_1_E07,RPE-05,1,E07,sirna_978,RPE,1,images/RPE-05/Plate1,{experiment}/Plate{plate}/{well}_s{site}_w{channel}.png,images
RPE-05_1_E08,RPE-05,1,E08,sirna_134,RPE,1,images/RPE-05/Plate1,{experiment}/Plate{plate}/{well}_s{site}_w{channel}.png,images
RPE-05_1_E09,RPE-05,1,E09,sirna_990,RPE,1,images/RPE-05/Plate1,{experiment}/Plate{plate}/{well}_s{site}_w{channel}.png,images
RPE-05_1_E10,RPE-05,1,E10,sirna_631,RPE,1,images/RPE-05/Plate1,{experiment}/Plate{plate}/{well}_s{site}_w{channel}.png,images
RPE-05_1_E11,RPE-05,1,E11,sirna_1046,RPE,1,images/RPE-05/Plate1,{experiment}/Plate{plate}/{well}_s{site}_w{channel}.png,images
RPE-05_1_E12,RPE-05,1,E12,sirna_131,RPE,1,images/RPE-05/Plate1,{experiment}/Plate{plate}/{well}_s{site}_w{channel}.png,images
RPE-05_1_E13,RPE-05,1,E13,sirna_416,RPE,1,images/RPE-05/Plate1,{experiment}/Plate{plate}/{well}_s{site}_w{channel}.png,images
RPE-05_1_E14,RPE-05,1,E14,sirna_1004,RPE,1,images/RPE-05/Plate1,{experiment}/Plate{plate}/{well}_s{site}_w{channel}.png,images
RPE-05_1_E15,RPE-05,1,E15,sirna_910,RPE,1,images/RPE-05/Plate1,{experiment}/Plate{plate}/{well}_s{site}_w{channel}.png,images
RPE-05_1_E16,RPE-05,1,E16,sirna_536,RPE,1,images/RPE-05/Plate1,{experiment}/Plate{plate}/{well}_s{site}_w{channel}.png,images
RPE-05_1_E17,RPE-05,1,E17,sirna_375,RPE,1,images/RPE-05/Plate1,{experiment}/Plate{plate}/{well}_s{site}_w{channel}.png,images
RPE-05_1_E18,RPE-05,1,E18,sirna_553,RPE,1,images/RPE-05/Plate1,{experiment}/Plate{plate}/{well}_s{site}_w{channel}.png,images
RPE-05_1_E19,RPE-05,1,E19,sirna_254,RPE,1,images/RPE-05/Plate1,{experiment}/Plate{plate}/{well}_s{site}_w{channel}.png,images
RPE-05_1_E20,RPE-05,1,E20,sirna_529,RPE,1,images/RPE-05/Plate1,{experiment}/Plate{plate}/{well}_s{site}_w{channel}.png,images
RPE-05_1_E21,RPE-05,1,E21,sirna_46,RPE,1,images/RPE-05/Plate1,{experiment}/Plate{plate}/{well}_s{site}_w{channel}.png,images
RPE-05_1_E22,RPE-05,1,E22,sirna_948,RPE,1,images/RPE-05/Plate1,{experiment}/Plate{plate}/{well}_s{site}_w{channel}.png,images
RPE-05_1_E23,RPE-05,1,E23,sirna_174,RPE,1,images/RPE-05/Plate1,{experiment}/Plate{plate}/{well}_s{site}_w{channel}.png,images
RPE-05_1_F02,RPE-05,1,F02,sirna_581,RPE,1,images/RPE-05/Plate1,{experiment}/Plate{plate}/{well}_s{site}_w{channel}.png,images
RPE-05_1_F04,RPE-05,1,F04,sirna_964,RPE,1,images/RPE-05/Plate1,{experiment}/Plate{plate}/{well}_s{site}_w{channel}.png,images
RPE-05_1_F05,RPE-05,1,F05,sirna_63,RPE,1,images/RPE-05/Plate1,{experiment}/Plate{plate}/{well}_s{site}_w{channel}.png,images
RPE-05_1_F06,RPE-05,1,F06,sirna_275,RPE,1,images/RPE-05/Plate1,{experiment}/Plate{plate}/{well}_s{site}_w{channel}.png,images
RPE-05_1_F08,RPE-05,1,F08,sirna_186,RPE,1,images/RPE-05/Plate1,{experiment}/Plate{plate}/{well}_s{site}_w{channel}.png,images
RPE-05_1_F09,RPE-05,1,F09,sirna_62,RPE,1,images/RPE-05/Plate1,{experiment}/Plate{plate}/{well}_s{site}_w{channel}.png,images
RPE-05_1_F10,RPE-05,1,F10,sirna_915,RPE,1,images/RPE-05/Plate1,{experiment}/Plate{plate}/{well}_s{site}_w{channel}.png,images
RPE-05_1_F12,RPE-05,1,F12,sirna_664,RPE,1,images/RPE-05/Plate1,{experiment}/Plate{plate}/{well}_s{site}_w{channel}.png,images
RPE-05_1_F13,RPE-05,1,F13,sirna_90,RPE,1,images/RPE-05/Plate1,{experiment}/Plate{plate}/{well}_s{site}_w{channel}.png,images
RPE-05_1_F14,RPE-05,1,F14,sirna_843,RPE,1,images/RPE-05/Plate1,{experiment}/Plate{plate}/{well}_s{site}_w{channel}.png,images
RPE-05_1_F16,RPE-05,1,F16,sirna_799,RPE,1,images/RPE-05/Plate1,{experiment}/Plate{plate}/{well}_s{site}_w{channel}.png,images
RPE-05_1_F17,RPE-05,1,F17,sirna_917,RPE,1,images/RPE-05/Plate1,{experiment}/Plate{plate}/{well}_s{site}_w{channel}.png,images
RPE-05_1_F18,RPE-05,1,F18,sirna_749,RPE,1,images/RPE-05/Plate1,{experiment}/Plate{plate}/{well}_s{site}_w{channel}.png,images
RPE-05_1_F20,RPE-05,1,F20,sirna_624,RPE,1,images/RPE-05/Plate1,{experiment}/Plate{plate}/{well}_s{site}_w{channel}.png,images
RPE-05_1_F21,RPE-05,1,F21,sirna_99,RPE,1,images/RPE-05/Plate1,{experiment}/Plate{plate}/{well}_s{site}_w{channel}.png,images
RPE-05_1_F23,RPE-05,1,F23,sirna_1102,RPE,1,images/RPE-05/Plate1,{experiment}/Plate{plate}/{well}_s{site}_w{channel}.png,images
RPE-05_1_G02,RPE-05,1,G02,sirna_113,RPE,1,images/RPE-05/Plate1,{experiment}/Plate{plate}/{well}_s{site}_w{channel}.png,images
RPE-05_1_G03,RPE-05,1,G03,sirna_343,RPE,1,images/RPE-05/Plate1,{experiment}/Plate{plate}/{well}_s{site}_w{channel}.png,images
RPE-05_1_G04,RPE-05,1,G04,sirna_250,RPE,1,images/RPE-05/Plate1,{experiment}/Plate{plate}/{well}_s{site}_w{channel}.png,images
RPE-05_1_G05,RPE-05,1,G05,sirna_659,RPE,1,images/RPE-05/Plate1,{experiment}/Plate{plate}/{well}_s{site}_w{channel}.png,images
RPE-05_1_G06,RPE-05,1,G06,sirna_887,RPE,1,images/RPE-05/Plate1,{experiment}/Plate{plate}/{well}_s{site}_w{channel}.png,images
RPE-05_1_G07,RPE-05,1,G07,sirna_1003,RPE,1,images/RPE-05/Plate1,{experiment}/Plate{plate}/{well}_s{site}_w{channel}.png,images
RPE-05_1_G08,RPE-05,1,G08,sirna_997,RPE,1,images/RPE-05/Plate1,{experiment}/Plate{plate}/{well}_s{site}_w{channel}.png,images
RPE-05_1_G09,RPE-05,1,G09,sirna_767,RPE,1,images/RPE-05/Plate1,{experiment}/Plate{plate}/{well}_s{site}_w{channel}.png,images
RPE-05_1_G10,RPE-05,1,G10,sirna_811,RPE,1,images/RPE-05/Plate1,{experiment}/Plate{plate}/{well}_s{site}_w{channel}.png,images
RPE-05_1_G11,RPE-05,1,G11,sirna_1121,RPE,1,images/RPE-05/Plate1,{experiment}/Plate{plate}/{well}_s{site}_w{channel}.png,images
RPE-05_1_G12,RPE-05,1,G12,sirna_744,RPE,1,images/RPE-05/Plate1,{experiment}/Plate{plate}/{well}_s{site}_w{channel}.png,images
RPE-05_1_G13,RPE-05,1,G13,sirna_880,RPE,1,images/RPE-05/Plate1,{experiment}/Plate{plate}/{well}_s{site}_w{channel}.png,images
RPE-05_1_G14,RPE-05,1,G14,sirna_953,RPE,1,images/RPE-05/Plate1,{experiment}/Plate{plate}/{well}_s{site}_w{channel}.png,images
RPE-05_1_G15,RPE-05,1,G15,sirna_58,RPE,1,images/RPE-05/Plate1,{experiment}/Plate{plate}/{well}_s{site}_w{channel}.png,images
RPE-05_1_G16,RPE-05,1,G16,sirna_372,RPE,1,images/RPE-05/Plate1,{experiment}/Plate{plate}/{well}_s{site}_w{channel}.png,images
RPE-05_1_G17,RPE-05,1,G17,sirna_60,RPE,1,images/RPE-05/Plate1,{experiment}/Plate{plate}/{well}_s{site}_w{channel}.png,images
RPE-05_1_G18,RPE-05,1,G18,sirna_574,RPE,1,images/RPE-05/Plate1,{experiment}/Plate{plate}/{well}_s{site}_w{channel}.png,images
RPE-05_1_G19,RPE-05,1,G19,sirna_238,RPE,1,images/RPE-05/Plate1,{experiment}/Plate{plate}/{well}_s{site}_w{channel}.png,images
RPE-05_1_G20,RPE-05,1,G20,sirna_653,RPE,1,images/RPE-05/Plate1,{experiment}/Plate{plate}/{well}_s{site}_w{channel}.png,images
RPE-05_1_G21,RPE-05,1,G21,sirna_850,RPE,1,images/RPE-05/Plate1,{experiment}/Plate{plate}/{well}_s{site}_w{channel}.png,images
RPE-05_1_G22,RPE-05,1,G22,sirna_496,RPE,1,images/RPE-05/Plate1,{experiment}/Plate{plate}/{well}_s{site}_w{channel}.png,images
RPE-05_1_G23,RPE-05,1,G23,sirna_527,RPE,1,images/RPE-05/Plate1,{experiment}/Plate{plate}/{well}_s{site}_w{channel}.png,images
RPE-05_1_H02,RPE-05,1,H02,sirna_865,RPE,1,images/RPE-05/Plate1,{experiment}/Plate{plate}/{well}_s{site}_w{channel}.png,images
RPE-05_1_H04,RPE-05,1,H04,sirna_930,RPE,1,images/RPE-05/Plate1,{experiment}/Plate{plate}/{well}_s{site}_w{channel}.png,images
RPE-05_1_H05,RPE-05,1,H05,sirna_464,RPE,1,images/RPE-05/Plate1,{experiment}/Plate{plate}/{well}_s{site}_w{channel}.png,images
RPE-05_1_H06,RPE-05,1,H06,sirna_88,RPE,1,images/RPE-05/Plate1,{experiment}/Plate{plate}/{well}_s{site}_w{channel}.png,images
RPE-05_1_H08,RPE-05,1,H08,sirna_788,RPE,1,images/RPE-05/Plate1,{experiment}/Plate{plate}/{well}_s{site}_w{channel}.png,images
RPE-05_1_H09,RPE-05,1,H09,sirna_751,RPE,1,images/RPE-05/Plate1,{experiment}/Plate{plate}/{well}_s{site}_w{channel}.png,images
RPE-05_1_H10,RPE-05,1,H10,sirna_539,RPE,1,images/RPE-05/Plate1,{experiment}/Plate{plate}/{well}_s{site}_w{channel}.png,images
RPE-05_1_H12,RPE-05,1,H12,sirna_610,RPE,1,images/RPE-05/Plate1,{experiment}/Plate{plate}/{well}_s{site}_w{channel}.png,images
RPE-05_1_H13,RPE-05,1,H13,sirna_695,RPE,1,images/RPE-05/Plate1,{experiment}/Plate{plate}/{well}_s{site}_w{channel}.png,images
RPE-05_1_H14,RPE-05,1,H14,sirna_478,RPE,1,images/RPE-05/Plate1,{experiment}/Plate{plate}/{well}_s{site}_w{channel}.png,images
RPE-05_1_H16,RPE-05,1,H16,sirna_217,RPE,1,images/RPE-05/Plate1,{experiment}/Plate{plate}/{well}_s{site}_w{channel}.png,images
RPE-05_1_H17,RPE-05,1,H17,sirna_803,RPE,1,images/RPE-05/Plate1,{experiment}/Plate{plate}/{well}_s{site}_w{channel}.png,images
RPE-05_1_H18,RPE-05,1,H18,sirna_1013,RPE,1,images/RPE-05/Plate1,{experiment}/Plate{plate}/{well}_s{site}_w{channel}.png,images
RPE-05_1_H20,RPE-05,1,H20,sirna_1047,RPE,1,images/RPE-05/Plate1,{experiment}/Plate{plate}/{well}_s{site}_w{channel}.png,images
RPE-05_1_H21,RPE-05,1,H21,sirna_444,RPE,1,images/RPE-05/Plate1,{experiment}/Plate{plate}/{well}_s{site}_w{channel}.png,images
RPE-05_1_H23,RPE-05,1,H23,sirna_462,RPE,1,images/RPE-05/Plate1,{experiment}/Plate{plate}/{well}_s{site}_w{channel}.png,images
RPE-05_1_I02,RPE-05,1,I02,sirna_1066,RPE,1,images/RPE-05/Plate1,{experiment}/Plate{plate}/{well}_s{site}_w{channel}.png,images
RPE-05_1_I03,RPE-05,1,I03,sirna_241,RPE,1,images/RPE-05/Plate1,{experiment}/Plate{plate}/{well}_s{site}_w{channel}.png,images
RPE-05_1_I04,RPE-05,1,I04,sirna_292,RPE,1,images/RPE-05/Plate1,{experiment}/Plate{plate}/{well}_s{site}_w{channel}.png,images
RPE-05_1_I05,RPE-05,1,I05,sirna_1035,RPE,1,images/RPE-05/Plate1,{experiment}/Plate{plate}/{well}_s{site}_w{channel}.png,images
RPE-05_1_I06,RPE-05,1,I06,sirna_129,RPE,1,images/RPE-05/Plate1,{experiment}/Plate{plate}/{well}_s{site}_w{channel}.png,images
RPE-05_1_I07,RPE-05,1,I07,sirna_716,RPE,1,images/RPE-05/Plate1,{experiment}/Plate{plate}/{well}_s{site}_w{channel}.png,images
RPE-05_1_I08,RPE-05,1,I08,sirna_232,RPE,1,images/RPE-05/Plate1,{experiment}/Plate{plate}/{well}_s{site}_w{channel}.png,images
RPE-05_1_I09,RPE-05,1,I09,sirna_1112,RPE,1,images/RPE-05/Plate1,{experiment}/Plate{plate}/{well}_s{site}_w{channel}.png,images
RPE-05_1_I10,RPE-05,1,I10,sirna_831,RPE,1,images/RPE-05/Plate1,{experiment}/Plate{plate}/{well}_s{site}_w{channel}.png,images
RPE-05_1_I11,RPE-05,1,I11,sirna_465,RPE,1,images/RPE-05/Plate1,{experiment}/Plate{plate}/{well}_s{site}_w{channel}.png,images
RPE-05_1_I12,RPE-05,1,I12,sirna_504,RPE,1,images/RPE-05/Plate1,{experiment}/Plate{plate}/{well}_s{site}_w{channel}.png,images
RPE-05_1_I13,RPE-05,1,I13,sirna_234,RPE,1,images/RPE-05/Plate1,{experiment}/Plate{plate}/{well}_s{site}_w{channel}.png,images
RPE-05_1_I14,RPE-05,1,I14,sirna_688,RPE,1,images/RPE-05/Plate1,{experiment}/Plate{plate}/{well}_s{site}_w{channel}.png,images
RPE-05_1_I15,RPE-05,1,I15,sirna_222,RPE,1,images/RPE-05/Plate1,{experiment}/Plate{plate}/{well}_s{site}_w{channel}.png,images
RPE-05_1_I16,RPE-05,1,I16,sirna_86,RPE,1,images/RPE-05/Plate1,{experiment}/Plate{plate}/{well}_s{site}_w{channel}.png,images
RPE-05_1_I17,RPE-05,1,I17,sirna_437,RPE,1,images/RPE-05/Plate1,{experiment}/Plate{plate}/{well}_s{site}_w{channel}.png,images
RPE-05_1_I18,RPE-05,1,I18,sirna_215,RPE,1,images/RPE-05/Plate1,{experiment}/Plate{plate}/{well}_s{site}_w{channel}.png,images
RPE-05_1_I19,RPE-05,1,I19,sirna_425,RPE,1,images/RPE-05/Plate1,{experiment}/Plate{plate}/{well}_s{site}_w{channel}.png,images
RPE-05_1_I20,RPE-05,1,I20,sirna_498,RPE,1,images/RPE-05/Plate1,{experiment}/Plate{plate}/{well}_s{site}_w{channel}.png,images
RPE-05_1_I21,RPE-05,1,I21,sirna_209,RPE,1,images/RPE-05/Plate1,{experiment}/Plate{plate}/{well}_s{site}_w{channel}.png,images
RPE-05_1_I22,RPE-05,1,I22,sirna_735,RPE,1,images/RPE-05/Plate1,{experiment}/Plate{plate}/{well}_s{site}_w{channel}.png,images
RPE-05_1_I23,RPE-05,1,I23,sirna_1021,RPE,1,images/RPE-05/Plate1,{experiment}/Plate{plate}/{well}_s{site}_w{channel}.png,images
RPE-05_1_J02,RPE-05,1,J02,sirna_1135,RPE,1,images/RPE-05/Plate1,{experiment}/Plate{plate}/{well}_s{site}_w{channel}.png,images
RPE-05_1_J04,RPE-05,1,J04,sirna_814,RPE,1,images/RPE-05/Plate1,{experiment}/Plate{plate}/{well}_s{site}_w{channel}.png,images
RPE-05_1_J05,RPE-05,1,J05,sirna_426,RPE,1,images/RPE-05/Plate1,{experiment}/Plate{plate}/{well}_s{site}_w{channel}.png,images
RPE-05_1_J06,RPE-05,1,J06,sirna_800,RPE,1,images/RPE-05/Plate1,{experiment}/Plate{plate}/{well}_s{site}_w{channel}.png,images
RPE-05_1_J08,RPE-05,1,J08,sirna_544,RPE,1,images/RPE-05/Plate1,{experiment}/Plate{plate}/{well}_s{site}_w{channel}.png,images
RPE-05_1_J09,RPE-05,1,J09,sirna_668,RPE,1,images/RPE-05/Plate1,{experiment}/Plate{plate}/{well}_s{site}_w{channel}.png,images
RPE-05_1_J10,RPE-05,1,J10,sirna_678,RPE,1,images/RPE-05/Plate1,{experiment}/Plate{plate}/{well}_s{site}_w{channel}.png,images
RPE-05_1_J12,RPE-05,1,J12,sirna_181,RPE,1,images/RPE-05/Plate1,{experiment}/Plate{plate}/{well}_s{site}_w{channel}.png,images
RPE-05_1_J13,RPE-05,1,J13,sirna_709,RPE,1,images/RPE-05/Plate1,{experiment}/Plate{plate}/{well}_s{site}_w{channel}.png,images
RPE-05_1_J14,RPE-05,1,J14,sirna_715,RPE,1,images/RPE-05/Plate1,{experiment}/Plate{plate}/{well}_s{site}_w{channel}.png,images
RPE-05_1_J16,RPE-05,1,J16,sirna_155,RPE,1,images/RPE-05/Plate1,{experiment}/Plate{plate}/{well}_s{site}_w{channel}.png,images
RPE-05_1_J17,RPE-05,1,J17,sirna_1116,RPE,1,images/RPE-05/Plate1,{experiment}/Plate{plate}/{well}_s{site}_w{channel}.png,images
RPE-05_1_J18,RPE-05,1,J18,sirna_82,RPE,1,images/RPE-05/Plate1,{experiment}/Plate{plate}/{well}_s{site}_w{channel}.png,images
RPE-05_1_J20,RPE-05,1,J20,sirna_667,RPE,1,images/RPE-05/Plate1,{experiment}/Plate{plate}/{well}_s{site}_w{channel}.png,images
RPE-05_1_J21,RPE-05,1,J21,sirna_448,RPE,1,images/RPE-05/Plate1,{experiment}/Plate{plate}/{well}_s{site}_w{channel}.png,images
RPE-05_1_J23,RPE-05,1,J23,sirna_602,RPE,1,images/RPE-05/Plate1,{experiment}/Plate{plate}/{well}_s{site}_w{channel}.png,images
RPE-05_1_K02,RPE-05,1,K02,sirna_839,RPE,1,images/RPE-05/Plate1,{experiment}/Plate{plate}/{well}_s{site}_w{channel}.png,images
RPE-05_1_K03,RPE-05,1,K03,sirna_863,RPE,1,images/RPE-05/Plate1,{experiment}/Plate{plate}/{well}_s{site}_w{channel}.png,images
RPE-05_1_K04,RPE-05,1,K04,sirna_1078,RPE,1,images/RPE-05/Plate1,{experiment}/Plate{plate}/{well}_s{site}_w{channel}.png,images
RPE-05_1_K05,RPE-05,1,K05,sirna_859,RPE,1,images/RPE-05/Plate1,{experiment}/Plate{plate}/{well}_s{site}_w{channel}.png,images
RPE-05_1_K06,RPE-05,1,K06,sirna_95,RPE,1,images/RPE-05/Plate1,{experiment}/Plate{plate}/{well}_s{site}_w{channel}.png,images
RPE-05_1_K07,RPE-05,1,K07,sirna_430,RPE,1,images/RPE-05/Plate1,{experiment}/Plate{plate}/{well}_s{site}_w{channel}.png,images
RPE-05_1_K08,RPE-05,1,K08,sirna_229,RPE,1,images/RPE-05/Plate1,{experiment}/Plate{plate}/{well}_s{site}_w{channel}.png,images
RPE-05_1_K09,RPE-05,1,K09,sirna_445,RPE,1,images/RPE-05/Plate1,{experiment}/Plate{plate}/{well}_s{site}_w{channel}.png,images
RPE-05_1_K10,RPE-05,1,K10,sirna_561,RPE,1,images/RPE-05/Plate1,{experiment}/Plate{plate}/{well}_s{site}_w{channel}.png,images
RPE-05_1_K11,RPE-05,1,K11,sirna_213,RPE,1,images/RPE-05/Plate1,{experiment}/Plate{plate}/{well}_s{site}_w{channel}.png,images
RPE-05_1_K12,RPE-05,1,K12,sirna_403,RPE,1,images/RPE-05/Plate1,{experiment}/Plate{plate}/{well}_s{site}_w{channel}.png,images
RPE-05_1_K13,RPE-05,1,K13,sirna_224,RPE,1,images/RPE-05/Plate1,{experiment}/Plate{plate}/{well}_s{site}_w{channel}.png,images
RPE-05_1_K14,RPE-05,1,K14,sirna_104,RPE,1,images/RPE-05/Plate1,{experiment}/Plate{plate}/{well}_s{site}_w{channel}.png,images
RPE-05_1_K15,RPE-05,1,K15,sirna_344,RPE,1,images/RPE-05/Plate1,{experiment}/Plate{plate}/{well}_s{site}_w{channel}.png,images
RPE-05_1_K16,RPE-05,1,K16,sirna_434,RPE,1,images/RPE-05/Plate1,{experiment}/Plate{plate}/{well}_s{site}_w{channel}.png,images
RPE-05_1_K17,RPE-05,1,K17,sirna_548,RPE,1,images/RPE-05/Plate1,{experiment}/Plate{plate}/{well}_s{site}_w{channel}.png,images
RPE-05_1_K18,RPE-05,1,K18,sirna_1111,RPE,1,images/RPE-05/Plate1,{experiment}/Plate{plate}/{well}_s{site}_w{channel}.png,images
RPE-05_1_K19,RPE-05,1,K19,sirna_1085,RPE,1,images/RPE-05/Plate1,{experiment}/Plate{plate}/{well}_s{site}_w{channel}.png,images
RPE-05_1_K20,RPE-05,1,K20,sirna_139,RPE,1,images/RPE-05/Plate1,{experiment}/Plate{plate}/{well}_s{site}_w{channel}.png,images
RPE-05_1_K21,RPE-05,1,K21,sirna_625,RPE,1,images/RPE-05/Plate1,{experiment}/Plate{plate}/{well}_s{site}_w{channel}.png,images
RPE-05_1_K22,RPE-05,1,K22,sirna_348,RPE,1,images/RPE-05/Plate1,{experiment}/Plate{plate}/{well}_s{site}_w{channel}.png,images
RPE-05_1_K23,RPE-05,1,K23,sirna_112,RPE,1,images/RPE-05/Plate1,{experiment}/Plate{plate}/{well}_s{site}_w{channel}.png,images
RPE-05_1_L02,RPE-05,1,L02,sirna_153,RPE,1,images/RPE-05/Plate1,{experiment}/Plate{plate}/{well}_s{site}_w{channel}.png,images
RPE-05_1_L03,RPE-05,1,L03,sirna_482,RPE,1,images/RPE-05/Plate1,{experiment}/Plate{plate}/{well}_s{site}_w{channel}.png,images
RPE-05_1_L04,RPE-05,1,L04,sirna_728,RPE,1,images/RPE-05/Plate1,{experiment}/Plate{plate}/{well}_s{site}_w{channel}.png,images
RPE-05_1_L05,RPE-05,1,L05,sirna_1025,RPE,1,images/RPE-05/Plate1,{experiment}/Plate{plate}/{well}_s{site}_w{channel}.png,images
RPE-05_1_L06,RPE-05,1,L06,sirna_845,RPE,1,images/RPE-05/Plate1,{experiment}/Plate{plate}/{well}_s{site}_w{channel}.png,images
RPE-05_1_L07,RPE-05,1,L07,sirna_1098,RPE,1,images/RPE-05/Plate1,{experiment}/Plate{plate}/{well}_s{site}_w{channel}.png,images
RPE-05_1_L08,RPE-05,1,L08,sirna_487,RPE,1,images/RPE-05/Plate1,{experiment}/Plate{plate}/{well}_s{site}_w{channel}.png,images
RPE-05_1_L09,RPE-05,1,L09,sirna_501,RPE,1,images/RPE-05/Plate1,{experiment}/Plate{plate}/{well}_s{site}_w{channel}.png,images
RPE-05_1_L10,RPE-05,1,L10,sirna_854,RPE,1,images/RPE-05/Plate1,{experiment}/Plate{plate}/{well}_s{site}_w{channel}.png,images
RPE-05_1_L11,RPE-05,1,L11,sirna_693,RPE,1,images/RPE-05/Plate1,{experiment}/Plate{plate}/{well}_s{site}_w{channel}.png,images
RPE-05_1_L12,RPE-05,1,L12,sirna_733,RPE,1,images/RPE-05/Plate1,{experiment}/Plate{plate}/{well}_s{site}_w{channel}.png,images
RPE-05_1_L13,RPE-05,1,L13,sirna_312,RPE,1,images/RPE-05/Plate1,{experiment}/Plate{plate}/{well}_s{site}_w{channel}.png,images
RPE-05_1_L14,RPE-05,1,L14,sirna_622,RPE,1,images/RPE-05/Plate1,{experiment}/Plate{plate}/{well}_s{site}_w{channel}.png,images
RPE-05_1_L15,RPE-05,1,L15,sirna_1127,RPE,1,images/RPE-05/Plate1,{experiment}/Plate{plate}/{well}_s{site}_w{channel}.png,images
RPE-05_1_L16,RPE-05,1,L16,sirna_428,RPE,1,images/RPE-05/Plate1,{experiment}/Plate{plate}/{well}_s{site}_w{channel}.png,images
RPE-05_1_L17,RPE-05,1,L17,sirna_986,RPE,1,images/RPE-05/Plate1,{experiment}/Plate{plate}/{well}_s{site}_w{channel}.png,images
RPE-05_1_L18,RPE-05,1,L18,sirna_562,RPE,1,images/RPE-05/Plate1,{experiment}/Plate{plate}/{well}_s{site}_w{channel}.png,images
RPE-05_1_L19,RPE-05,1,L19,sirna_475,RPE,1,images/RPE-05/Plate1,{experiment}/Plate{plate}/{well}_s{site}_w{channel}.png,images
RPE-05_1_L20,RPE-05,1,L20,sirna_720,RPE,1,images/RPE-05/Plate1,{experiment}/Plate{plate}/{well}_s{site}_w{channel}.png,images
RPE-05_1_L21,RPE-05,1,L21,sirna_191,RPE,1,images/RPE-05/Plate1,{experiment}/Plate{plate}/{well}_s{site}_w{channel}.png,images
RPE-05_1_L22,RPE-05,1,L22,sirna_575,RPE,1,images/RPE-05/Plate1,{experiment}/Plate{plate}/{well}_s{site}_w{channel}.png,images
RPE-05_1_L23,RPE-05,1,L23,sirna_789,RPE,1,images/RPE-05/Plate1,{experiment}/Plate{plate}/{well}_s{site}_w{channel}.png,images
RPE-05_1_M02,RPE-05,1,M02,sirna_943,RPE,1,images/RPE-05/Plate1,{experiment}/Plate{plate}/{well}_s{site}_w{channel}.png,images
RPE-05_1_M04,RPE-05,1,M04,sirna_1115,RPE,1,images/RPE-05/Plate1,{experiment}/Plate{plate}/{well}_s{site}_w{channel}.png,images
RPE-05_1_M05,RPE-05,1,M05,sirna_183,RPE,1,images/RPE-05/Plate1,{experiment}/Plate{plate}/{well}_s{site}_w{channel}.png,images
RPE-05_1_M06,RPE-05,1,M06,sirna_282,RPE,1,images/RPE-05/Plate1,{experiment}/Plate{plate}/{well}_s{site}_w{channel}.png,images
RPE-05_1_M08,RPE-05,1,M08,sirna_136,RPE,1,images/RPE-05/Plate1,{experiment}/Plate{plate}/{well}_s{site}_w{channel}.png,images
RPE-05_1_M09,RPE-05,1,M09,sirna_118,RPE,1,images/RPE-05/Plate1,{experiment}/Plate{plate}/{well}_s{site}_w{channel}.png,images
RPE-05_1_M10,RPE-05,1,M10,sirna_932,RPE,1,images/RPE-05/Plate1,{experiment}/Plate{plate}/{well}_s{site}_w{channel}.png,images
RPE-05_1_M12,RPE-05,1,M12,sirna_701,RPE,1,images/RPE-05/Plate1,{experiment}/Plate{plate}/{well}_s{site}_w{channel}.png,images
RPE-05_1_M13,RPE-05,1,M13,sirna_45,RPE,1,images/RPE-05/Plate1,{experiment}/Plate{plate}/{well}_s{site}_w{channel}.png,images
RPE-05_1_M14,RPE-05,1,M14,sirna_334,RPE,1,images/RPE-05/Plate1,{experiment}/Plate{plate}/{well}_s{site}_w{channel}.png,images
RPE-05_1_M16,RPE-05,1,M16,sirna_355,RPE,1,images/RPE-05/Plate1,{experiment}/Plate{plate}/{well}_s{site}_w{channel}.png,images
RPE-05_1_M17,RPE-05,1,M17,sirna_727,RPE,1,images/RPE-05/Plate1,{experiment}/Plate{plate}/{well}_s{site}_w{channel}.png,images
RPE-05_1_M18,RPE-05,1,M18,sirna_851,RPE,1,images/RPE-05/Plate1,{experiment}/Plate{plate}/{well}_s{site}_w{channel}.png,images
RPE-05_1_M20,RPE-05,1,M20,sirna_684,RPE,1,images/RPE-05/Plate1,{experiment}/Plate{plate}/{well}_s{site}_w{channel}.png,images
RPE-05_1_M21,RPE-05,1,M21,sirna_39,RPE,1,images/RPE-05/Plate1,{experiment}/Plate{plate}/{well}_s{site}_w{channel}.png,images
RPE-05_1_M23,RPE-05,1,M23,sirna_777,RPE,1,images/RPE-05/Plate1,{experiment}/Plate{plate}/{well}_s{site}_w{channel}.png,images
RPE-05_1_N02,RPE-05,1,N02,sirna_193,RPE,1,images/RPE-05/Plate1,{experiment}/Plate{plate}/{well}_s{site}_w{channel}.png,images
RPE-05_1_N03,RPE-05,1,N03,sirna_779,RPE,1,images/RPE-05/Plate1,{experiment}/Plate{plate}/{well}_s{site}_w{channel}.png,images
RPE-05_1_N04,RPE-05,1,N04,sirna_593,RPE,1,images/RPE-05/Plate1,{experiment}/Plate{plate}/{well}_s{site}_w{channel}.png,images
RPE-05_1_N05,RPE-05,1,N05,sirna_439,RPE,1,images/RPE-05/Plate1,{experiment}/Plate{plate}/{well}_s{site}_w{channel}.png,images
RPE-05_1_N06,RPE-05,1,N06,sirna_1137,RPE,1,images/RPE-05/Plate1,{experiment}/Plate{plate}/{well}_s{site}_w{channel}.png,images
RPE-05_1_N07,RPE-05,1,N07,sirna_427,RPE,1,images/RPE-05/Plate1,{experiment}/Plate{plate}/{well}_s{site}_w{channel}.png,images
RPE-05_1_N08,RPE-05,1,N08,sirna_327,RPE,1,images/RPE-05/Plate1,{experiment}/Plate{plate}/{well}_s{site}_w{channel}.png,images
RPE-05_1_N09,RPE-05,1,N09,sirna_1019,RPE,1,images/RPE-05/Plate1,{experiment}/Plate{plate}/{well}_s{site}_w{channel}.png,images
RPE-05_1_N10,RPE-05,1,N10,sirna_202,RPE,1,images/RPE-05/Plate1,{experiment}/Plate{plate}/{well}_s{site}_w{channel}.png,images
RPE-05_1_N11,RPE-05,1,N11,sirna_43,RPE,1,images/RPE-05/Plate1,{experiment}/Plate{plate}/{well}_s{site}_w{channel}.png,images
RPE-05_1_N12,RPE-05,1,N12,sirna_502,RPE,1,images/RPE-05/Plate1,{experiment}/Plate{plate}/{well}_s{site}_w{channel}.png,images
RPE-05_1_N13,RPE-05,1,N13,sirna_210,RPE,1,images/RPE-05/Plate1,{experiment}/Plate{plate}/{well}_s{site}_w{channel}.png,images
RPE-05_1_N14,RPE-05,1,N14,sirna_298,RPE,1,images/RPE-05/Plate1,{experiment}/Plate{plate}/{well}_s{site}_w{channel}.png,images
RPE-05_1_N15,RPE-05,1,N15,sirna_23,RPE,1,images/RPE-05/Plate1,{experiment}/Plate{plate}/{well}_s{site}_w{channel}.png,images
RPE-05_1_N16,RPE-05,1,N16,sirna_919,RPE,1,images/RPE-05/Plate1,{experiment}/Plate{plate}/{well}_s{site}_w{channel}.png,images
RPE-05_1_N17,RPE-05,1,N17,sirna_185,RPE,1,images/RPE-05/Plate1,{experiment}/Plate{plate}/{well}_s{site}_w{channel}.png,images
RPE-05_1_N18,RPE-05,1,N18,sirna_846,RPE,1,images/RPE-05/Plate1,{experiment}/Plate{plate}/{well}_s{site}_w{channel}.png,images
RPE-05_1_N19,RPE-05,1,N19,sirna_981,RPE,1,images/RPE-05/Plate1,{experiment}/Plate{plate}/{well}_s{site}_w{channel}.png,images
RPE-05_1_N20,RPE-05,1,N20,sirna_263,RPE,1,images/RPE-05/Plate1,{experiment}/Plate{plate}/{well}_s{site}_w{channel}.png,images
RPE-05_1_N21,RPE-05,1,N21,sirna_893,RPE,1,images/RPE-05/Plate1,{experiment}/Plate{plate}/{well}_s{site}_w{channel}.png,images
RPE-05_1_N22,RPE-05,1,N22,sirna_1129,RPE,1,images/RPE-05/Plate1,{experiment}/Plate{plate}/{well}_s{site}_w{channel}.png,images
RPE-05_1_N23,RPE-05,1,N23,sirna_1081,RPE,1,images/RPE-05/Plate1,{experiment}/Plate{plate}/{well}_s{site}_w{channel}.png,images
RPE-05_1_O02,RPE-05,1,O02,sirna_550,RPE,1,images/RPE-05/Plate1,{experiment}/Plate{plate}/{well}_s{site}_w{channel}.png,images
RPE-05_1_O03,RPE-05,1,O03,sirna_1030,RPE,1,images/RPE-05/Plate1,{experiment}/Plate{plate}/{well}_s{site}_w{channel}.png,images
RPE-05_1_O04,RPE-05,1,O04,sirna_93,RPE,1,images/RPE-05/Plate1,{experiment}/Plate{plate}/{well}_s{site}_w{channel}.png,images
RPE-05_1_O05,RPE-05,1,O05,sirna_321,RPE,1,images/RPE-05/Plate1,{experiment}/Plate{plate}/{well}_s{site}_w{channel}.png,images
RPE-05_1_O06,RPE-05,1,O06,sirna_959,RPE,1,images/RPE-05/Plate1,{experiment}/Plate{plate}/{well}_s{site}_w{channel}.png,images
RPE-05_1_O07,RPE-05,1,O07,sirna_102,RPE,1,images/RPE-05/Plate1,{experiment}/Plate{plate}/{well}_s{site}_w{channel}.png,images
RPE-05_1_O08,RPE-05,1,O08,sirna_310,RPE,1,images/RPE-05/Plate1,{experiment}/Plate{plate}/{well}_s{site}_w{channel}.png,images
RPE-05_1_O09,RPE-05,1,O09,sirna_483,RPE,1,images/RPE-05/Plate1,{experiment}/Plate{plate}/{well}_s{site}_w{channel}.png,images
RPE-05_1_O10,RPE-05,1,O10,sirna_907,RPE,1,images/RPE-05/Plate1,{experiment}/Plate{plate}/{well}_s{site}_w{channel}.png,images
RPE-05_1_O11,RPE-05,1,O11,sirna_66,RPE,1,images/RPE-05/Plate1,{experiment}/Plate{plate}/{well}_s{site}_w{channel}.png,images
RPE-05_1_O12,RPE-05,1,O12,sirna_993,RPE,1,images/RPE-05/Plate1,{experiment}/Plate{plate}/{well}_s{site}_w{channel}.png,images
RPE-05_1_O13,RPE-05,1,O13,sirna_251,RPE,1,images/RPE-05/Plate1,{experiment}/Plate{plate}/{well}_s{site}_w{channel}.png,images
RPE-05_1_O14,RPE-05,1,O14,sirna_996,RPE,1,images/RPE-05/Plate1,{experiment}/Plate{plate}/{well}_s{site}_w{channel}.png,images
RPE-05_1_O15,RPE-05,1,O15,sirna_1109,RPE,1,images/RPE-05/Plate1,{experiment}/Plate{plate}/{well}_s{site}_w{channel}.png,images
RPE-05_1_O16,RPE-05,1,O16,sirna_15,RPE,1,images/RPE-05/Plate1,{experiment}/Plate{plate}/{well}_s{site}_w{channel}.png,images
RPE-05_1_O17,RPE-05,1,O17,sirna_264,RPE,1,images/RPE-05/Plate1,{experiment}/Plate{plate}/{well}_s{site}_w{channel}.png,images
RPE-05_1_O18,RPE-05,1,O18,sirna_180,RPE,1,images/RPE-05/Plate1,{experiment}/Plate{plate}/{well}_s{site}_w{channel}.png,images
RPE-05_1_O19,RPE-05,1,O19,sirna_218,RPE,1,images/RPE-05/Plate1,{experiment}/Plate{plate}/{well}_s{site}_w{channel}.png,images
RPE-05_1_O20,RPE-05,1,O20,sirna_649,RPE,1,images/RPE-05/Plate1,{experiment}/Plate{plate}/{well}_s{site}_w{channel}.png,images
RPE-05_1_O21,RPE-05,1,O21,sirna_311,RPE,1,images/RPE-05/Plate1,{experiment}/Plate{plate}/{well}_s{site}_w{channel}.png,images
RPE-05_1_O22,RPE-05,1,O22,sirna_711,RPE,1,images/RPE-05/Plate1,{experiment}/Plate{plate}/{well}_s{site}_w{channel}.png,images
RPE-05_1_O23,RPE-05,1,O23,sirna_647,RPE,1,images/RPE-05/Plate1,{experiment}/Plate{plate}/{well}_s{site}_w{channel}.png,images
RPE-05_2_B03,RPE-05,2,B03,sirna_200,RPE,1,images/RPE-05/Plate2,{experiment}/Plate{plate}/{well}_s{site}_w{channel}.png,images
RPE-05_2_B04,RPE-05,2,B04,sirna_510,RPE,1,images/RPE-05/Plate2,{experiment}/Plate{plate}/{well}_s{site}_w{channel}.png,images
RPE-05_2_B05,RPE-05,2,B05,sirna_440,RPE,1,images/RPE-05/Plate2,{experiment}/Plate{plate}/{well}_s{site}_w{channel}.png,images
RPE-05_2_B06,RPE-05,2,B06,sirna_157,RPE,1,images/RPE-05/Plate2,{experiment}/Plate{plate}/{well}_s{site}_w{channel}.png,images
RPE-05_2_B07,RPE-05,2,B07,sirna_3,RPE,1,images/RPE-05/Plate2,{experiment}/Plate{plate}/{well}_s{site}_w{channel}.png,images
RPE-05_2_B08,RPE-05,2,B08,sirna_676,RPE,1,images/RPE-05/Plate2,{experiment}/Plate{plate}/{well}_s{site}_w{channel}.png,images
RPE-05_2_B09,RPE-05,2,B09,sirna_1064,RPE,1,images/RPE-05/Plate2,{experiment}/Plate{plate}/{well}_s{site}_w{channel}.png,images
RPE-05_2_B10,RPE-05,2,B10,sirna_30,RPE,1,images/RPE-05/Plate2,{experiment}/Plate{plate}/{well}_s{site}_w{channel}.png,images
RPE-05_2_B11,RPE-05,2,B11,sirna_14,RPE,1,images/RPE-05/Plate2,{experiment}/Plate{plate}/{well}_s{site}_w{channel}.png,images
RPE-05_2_B12,RPE-05,2,B12,sirna_26,RPE,1,images/RPE-05/Plate2,{experiment}/Plate{plate}/{well}_s{site}_w{channel}.png,images
RPE-05_2_B13,RPE-05,2,B13,sirna_657,RPE,1,images/RPE-05/Plate2,{experiment}/Plate{plate}/{well}_s{site}_w{channel}.png,images
RPE-05_2_B14,RPE-05,2,B14,sirna_752,RPE,1,images/RPE-05/Plate2,{experiment}/Plate{plate}/{well}_s{site}_w{channel}.png,images
RPE-05_2_B15,RPE-05,2,B15,sirna_1082,RPE,1,images/RPE-05/Plate2,{experiment}/Plate{plate}/{well}_s{site}_w{channel}.png,images
RPE-05_2_B16,RPE-05,2,B16,sirna_255,RPE,1,images/RPE-05/Plate2,{experiment}/Plate{plate}/{well}_s{site}_w{channel}.png,images
RPE-05_2_B17,RPE-05,2,B17,sirna_490,RPE,1,images/RPE-05/Plate2,{experiment}/Plate{plate}/{well}_s{site}_w{channel}.png,images
RPE-05_2_B18,RPE-05,2,B18,sirna_28,RPE,1,images/RPE-05/Plate2,{experiment}/Plate{plate}/{well}_s{site}_w{channel}.png,images
RPE-05_2_B19,RPE-05,2,B19,sirna_147,RPE,1,images/RPE-05/Plate2,{experiment}/Plate{plate}/{well}_s{site}_w{channel}.png,images
RPE-05_2_B20,RPE-05,2,B20,sirna_249,RPE,1,images/RPE-05/Plate2,{experiment}/Plate{plate}/{well}_s{site}_w{channel}.png,images
RPE-05_2_B21,RPE-05,2,B21,sirna_326,RPE,1,images/RPE-05/Plate2,{experiment}/Plate{plate}/{well}_s{site}_w{channel}.png,images
RPE-05_2_B22,RPE-05,2,B22,sirna_627,RPE,1,images/RPE-05/Plate2,{experiment}/Plate{plate}/{well}_s{site}_w{channel}.png,images
RPE-05_2_B23,RPE-05,2,B23,sirna_937,RPE,1,images/RPE-05/Plate2,{experiment}/Plate{plate}/{well}_s{site}_w{channel}.png,images
RPE-05_2_C02,RPE-05,2,C02,sirna_196,RPE,1,images/RPE-05/Plate2,{experiment}/Plate{plate}/{well}_s{site}_w{channel}.png,images
RPE-05_2_C04,RPE-05,2,C04,sirna_623,RPE,1,images/RPE-05/Plate2,{experiment}/Plate{plate}/{well}_s{site}_w{channel}.png,images
RPE-05_2_C05,RPE-05,2,C05,sirna_319,RPE,1,images/RPE-05/Plate2,{experiment}/Plate{plate}/{well}_s{site}_w{channel}.png,images
RPE-05_2_C06,RPE-05,2,C06,sirna_341,RPE,1,images/RPE-05/Plate2,{experiment}/Plate{plate}/{well}_s{site}_w{channel}.png,images
RPE-05_2_C08,RPE-05,2,C08,sirna_579,RPE,1,images/RPE-05/Plate2,{experiment}/Plate{plate}/{well}_s{site}_w{channel}.png,images
RPE-05_2_C09,RPE-05,2,C09,sirna_922,RPE,1,images/RPE-05/Plate2,{experiment}/Plate{plate}/{well}_s{site}_w{channel}.png,images
RPE-05_2_C10,RPE-05,2,C10,sirna_642,RPE,1,images/RPE-05/Plate2,{experiment}/Plate{plate}/{well}_s{site}_w{channel}.png,images
RPE-05_2_C12,RPE-05,2,C12,sirna_48,RPE,1,images/RPE-05/Plate2,{experiment}/Plate{plate}/{well}_s{site}_w{channel}.png,images
RPE-05_2_C13,RPE-05,2,C13,sirna_278,RPE,1,images/RPE-05/Plate2,{experiment}/Plate{plate}/{well}_s{site}_w{channel}.png,images
RPE-05_2_C14,RPE-05,2,C14,sirna_560,RPE,1,images/RPE-05/Plate2,{experiment}/Plate{plate}/{well}_s{site}_w{channel}.png,images
RPE-05_2_C16,RPE-05,2,C16,sirna_655,RPE,1,images/RPE-05/Plate2,{experiment}/Plate{plate}/{well}_s{site}_w{channel}.png,images
RPE-05_2_C17,RPE-05,2,C17,sirna_9,RPE,1,images/RPE-05/Plate2,{experiment}/Plate{plate}/{well}_s{site}_w{channel}.png,images
RPE-05_2_C18,RPE-05,2,C18,sirna_951,RPE,1,images/RPE-05/Plate2,{experiment}/Plate{plate}/{well}_s{site}_w{channel}.png,images
RPE-05_2_C20,RPE-05,2,C20,sirna_59,RPE,1,images/RPE-05/Plate2,{experiment}/Plate{plate}/{well}_s{site}_w{channel}.png,images
RPE-05_2_C21,RPE-05,2,C21,sirna_763,RPE,1,images/RPE-05/Plate2,{experiment}/Plate{plate}/{well}_s{site}_w{channel}.png,images
RPE-05_2_C23,RPE-05,2,C23,sirna_73,RPE,1,images/RPE-05/Plate2,{experiment}/Plate{plate}/{well}_s{site}_w{channel}.png,images
RPE-05_2_D02,RPE-05,2,D02,sirna_968,RPE,1,images/RPE-05/Plate2,{experiment}/Plate{plate}/{well}_s{site}_w{channel}.png,images
RPE-05_2_D03,RPE-05,2,D03,sirna_573,RPE,1,images/RPE-05/Plate2,{experiment}/Plate{plate}/{well}_s{site}_w{channel}.png,images
RPE-05_2_D04,RPE-05,2,D04,sirna_730,RPE,1,images/RPE-05/Plate2,{experiment}/Plate{plate}/{well}_s{site}_w{channel}.png,images
RPE-05_2_D05,RPE-05,2,D05,sirna_357,RPE,1,images/RPE-05/Plate2,{experiment}/Plate{plate}/{well}_s{site}_w{channel}.png,images
RPE-05_2_D06,RPE-05,2,D06,sirna_480,RPE,1,images/RPE-05/Plate2,{experiment}/Plate{plate}/{well}_s{site}_w{channel}.png,images
RPE-05_2_D07,RPE-05,2,D07,sirna_792,RPE,1,images/RPE-05/Plate2,{experiment}/Plate{plate}/{well}_s{site}_w{channel}.png,images
RPE-05_2_D08,RPE-05,2,D08,sirna_393,RPE,1,images/RPE-05/Plate2,{experiment}/Plate{plate}/{well}_s{site}_w{channel}.png,images
RPE-05_2_D09,RPE-05,2,D09,sirna_381,RPE,1,images/RPE-05/Plate2,{experiment}/Plate{plate}/{well}_s{site}_w{channel}.png,images
RPE-05_2_D10,RPE-05,2,D10,sirna_484,RPE,1,images/RPE-05/Plate2,{experiment}/Plate{plate}/{well}_s{site}_w{channel}.png,images
RPE-05_2_D11,RPE-05,2,D11,sirna_56,RPE,1,images/RPE-05/Plate2,{experiment}/Plate{plate}/{well}_s{site}_w{channel}.png,images
RPE-05_2_D12,RPE-05,2,D12,sirna_67,RPE,1,images/RPE-05/Plate2,{experiment}/Plate{plate}/{well}_s{site}_w{channel}.png,images
RPE-05_2_D13,RPE-05,2,D13,sirna_42,RPE,1,images/RPE-05/Plate2,{experiment}/Plate{plate}/{well}_s{site}_w{channel}.png,images
RPE-05_2_D14,RPE-05,2,D14,sirna_308,RPE,1,images/RPE-05/Plate2,{experiment}/Plate{plate}/{well}_s{site}_w{channel}.png,images
RPE-05_2_D15,RPE-05,2,D15,sirna_7,RPE,1,images/RPE-05/Plate2,{experiment}/Plate{plate}/{well}_s{site}_w{channel}.png,images
RPE-05_2_D16,RPE-05,2,D16,sirna_905,RPE,1,images/RPE-05/Plate2,{experiment}/Plate{plate}/{well}_s{site}_w{channel}.png,images
RPE-05_2_D17,RPE-05,2,D17,sirna_643,RPE,1,images/RPE-05/Plate2,{experiment}/Plate{plate}/{well}_s{site}_w{channel}.png,images
RPE-05_2_D18,RPE-05,2,D18,sirna_306,RPE,1,images/RPE-05/Plate2,{experiment}/Plate{plate}/{well}_s{site}_w{channel}.png,images
RPE-05_2_D19,RPE-05,2,D19,sirna_356,RPE,1,images/RPE-05/Plate2,{experiment}/Plate{plate}/{well}_s{site}_w{channel}.png,images
RPE-05_2_D20,RPE-05,2,D20,sirna_512,RPE,1,images/RPE-05/Plate2,{experiment}/Plate{plate}/{well}_s{site}_w{channel}.png,images
RPE-05_2_D21,RPE-05,2,D21,sirna_1028,RPE,1,images/RPE-05/Plate2,{experiment}/Plate{plate}/{well}_s{site}_w{channel}.png,images
RPE-05_2_D22,RPE-05,2,D22,sirna_359,RPE,1,images/RPE-05/Plate2,{experiment}/Plate{plate}/{well}_s{site}_w{channel}.png,images
RPE-05_2_D23,RPE-05,2,D23,sirna_1020,RPE,1,images/RPE-05/Plate2,{experiment}/Plate{plate}/{well}_s{site}_w{channel}.png,images
RPE-05_2_E02,RPE-05,2,E02,sirna_739,RPE,1,images/RPE-05/Plate2,{experiment}/Plate{plate}/{well}_s{site}_w{channel}.png,images
RPE-05_2_E03,RPE-05,2,E03,sirna_259,RPE,1,images/RPE-05/Plate2,{experiment}/Plate{plate}/{well}_s{site}_w{channel}.png,images
RPE-05_2_E04,RPE-05,2,E04,sirna_57,RPE,1,images/RPE-05/Plate2,{experiment}/Plate{plate}/{well}_s{site}_w{channel}.png,images
RPE-05_2_E05,RPE-05,2,E05,sirna_409,RPE,1,images/RPE-05/Plate2,{experiment}/Plate{plate}/{well}_s{site}_w{channel}.png,images
RPE-05_2_E06,RPE-05,2,E06,sirna_855,RPE,1,images/RPE-05/Plate2,{experiment}/Plate{plate}/{well}_s{site}_w{channel}.png,images
RPE-05_2_E07,RPE-05,2,E07,sirna_515,RPE,1,images/RPE-05/Plate2,{experiment}/Plate{plate}/{well}_s{site}_w{channel}.png,images
RPE-05_2_E08,RPE-05,2,E08,sirna_973,RPE,1,images/RPE-05/Plate2,{experiment}/Plate{plate}/{well}_s{site}_w{channel}.png,images
RPE-05_2_E09,RPE-05,2,E09,sirna_435,RPE,1,images/RPE-05/Plate2,{experiment}/Plate{plate}/{well}_s{site}_w{channel}.png,images
RPE-05_2_E10,RPE-05,2,E10,sirna_977,RPE,1,images/RPE-05/Plate2,{experiment}/Plate{plate}/{well}_s{site}_w{channel}.png,images
RPE-05_2_E11,RPE-05,2,E11,sirna_1014,RPE,1,images/RPE-05/Plate2,{experiment}/Plate{plate}/{well}_s{site}_w{channel}.png,images
RPE-05_2_E12,RPE-05,2,E12,sirna_776,RPE,1,images/RPE-05/Plate2,{experiment}/Plate{plate}/{well}_s{site}_w{channel}.png,images
RPE-05_2_E13,RPE-05,2,E13,sirna_1083,RPE,1,images/RPE-05/Plate2,{experiment}/Plate{plate}/{well}_s{site}_w{channel}.png,images
RPE-05_2_E14,RPE-05,2,E14,sirna_753,RPE,1,images/RPE-05/Plate2,{experiment}/Plate{plate}/{well}_s{site}_w{channel}.png,images
RPE-05_2_E15,RPE-05,2,E15,sirna_246,RPE,1,images/RPE-05/Plate2,{experiment}/Plate{plate}/{well}_s{site}_w{channel}.png,images
RPE-05_2_E16,RPE-05,2,E16,sirna_119,RPE,1,images/RPE-05/Plate2,{experiment}/Plate{plate}/{well}_s{site}_w{channel}.png,images
RPE-05_2_E17,RPE-05,2,E17,sirna_192,RPE,1,images/RPE-05/Plate2,{experiment}/Plate{plate}/{well}_s{site}_w{channel}.png,images
RPE-05_2_E18,RPE-05,2,E18,sirna_519,RPE,1,images/RPE-05/Plate2,{experiment}/Plate{plate}/{well}_s{site}_w{channel}.png,images
RPE-05_2_E19,RPE-05,2,E19,sirna_404,RPE,1,images/RPE-05/Plate2,{experiment}/Plate{plate}/{well}_s{site}_w{channel}.png,images
RPE-05_2_E20,RPE-05,2,E20,sirna_123,RPE,1,images/RPE-05/Plate2,{experiment}/Plate{plate}/{well}_s{site}_w{channel}.png,images
RPE-05_2_E21,RPE-05,2,E21,sirna_773,RPE,1,images/RPE-05/Plate2,{experiment}/Plate{plate}/{well}_s{site}_w{channel}.png,images
RPE-05_2_E22,RPE-05,2,E22,sirna_413,RPE,1,images/RPE-05/Plate2,{experiment}/Plate{plate}/{well}_s{site}_w{channel}.png,images
RPE-05_2_E23,RPE-05,2,E23,sirna_406,RPE,1,images/RPE-05/Plate2,{experiment}/Plate{plate}/{well}_s{site}_w{channel}.png,images
RPE-05_2_F02,RPE-05,2,F02,sirna_128,RPE,1,images/RPE-05/Plate2,{experiment}/Plate{plate}/{well}_s{site}_w{channel}.png,images
RPE-05_2_F04,RPE-05,2,F04,sirna_626,RPE,1,images/RPE-05/Plate2,{experiment}/Plate{plate}/{well}_s{site}_w{channel}.png,images
RPE-05_2_F05,RPE-05,2,F05,sirna_296,RPE,1,images/RPE-05/Plate2,{experiment}/Plate{plate}/{well}_s{site}_w{channel}.png,images
RPE-05_2_F06,RPE-05,2,F06,sirna_569,RPE,1,images/RPE-05/Plate2,{experiment}/Plate{plate}/{well}_s{site}_w{channel}.png,images
RPE-05_2_F08,RPE-05,2,F08,sirna_350,RPE,1,images/RPE-05/Plate2,{experiment}/Plate{plate}/{well}_s{site}_w{channel}.png,images
RPE-05_2_F09,RPE-05,2,F09,sirna_476,RPE,1,images/RPE-05/Plate2,{experiment}/Plate{plate}/{well}_s{site}_w{channel}.png,images
RPE-05_2_F10,RPE-05,2,F10,sirna_750,RPE,1,images/RPE-05/Plate2,{experiment}/Plate{plate}/{well}_s{site}_w{channel}.png,images
RPE-05_2_F12,RPE-05,2,F12,sirna_717,RPE,1,images/RPE-05/Plate2,{experiment}/Plate{plate}/{well}_s{site}_w{channel}.png,images
RPE-05_2_F13,RPE-05,2,F13,sirna_858,RPE,1,images/RPE-05/Plate2,{experiment}/Plate{plate}/{well}_s{site}_w{channel}.png,images
RPE-05_2_F14,RPE-05,2,F14,sirna_72,RPE,1,images/RPE-05/Plate2,{experiment}/Plate{plate}/{well}_s{site}_w{channel}.png,images
RPE-05_2_F16,RPE-05,2,F16,sirna_342,RPE,1,images/RPE-05/Plate2,{experiment}/Plate{plate}/{well}_s{site}_w{channel}.png,images
RPE-05_2_F17,RPE-05,2,F17,sirna_820,RPE,1,images/RPE-05/Plate2,{experiment}/Plate{plate}/{well}_s{site}_w{channel}.png,images
RPE-05_2_F18,RPE-05,2,F18,sirna_302,RPE,1,images/RPE-05/Plate2,{experiment}/Plate{plate}/{well}_s{site}_w{channel}.png,images
RPE-05_2_F20,RPE-05,2,F20,sirna_537,RPE,1,images/RPE-05/Plate2,{experiment}/Plate{plate}/{well}_s{site}_w{channel}.png,images
RPE-05_2_F21,RPE-05,2,F21,sirna_154,RPE,1,images/RPE-05/Plate2,{experiment}/Plate{plate}/{well}_s{site}_w{channel}.png,images
RPE-05_2_F23,RPE-05,2,F23,sirna_721,RPE,1,images/RPE-05/Plate2,{experiment}/Plate{plate}/{well}_s{site}_w{channel}.png,images
RPE-05_2_G02,RPE-05,2,G02,sirna_621,RPE,1,images/RPE-05/Plate2,{experiment}/Plate{plate}/{well}_s{site}_w{channel}.png,images
RPE-05_2_G03,RPE-05,2,G03,sirna_92,RPE,1,images/RPE-05/Plate2,{experiment}/Plate{plate}/{well}_s{site}_w{channel}.png,images
RPE-05_2_G04,RPE-05,2,G04,sirna_1126,RPE,1,images/RPE-05/Plate2,{experiment}/Plate{plate}/{well}_s{site}_w{channel}.png,images
RPE-05_2_G05,RPE-05,2,G05,sirna_974,RPE,1,images/RPE-05/Plate2,{experiment}/Plate{plate}/{well}_s{site}_w{channel}.png,images
RPE-05_2_G06,RPE-05,2,G06,sirna_54,RPE,1,images/RPE-05/Plate2,{experiment}/Plate{plate}/{well}_s{site}_w{channel}.png,images
RPE-05_2_G07,RPE-05,2,G07,sirna_645,RPE,1,images/RPE-05/Plate2,{experiment}/Plate{plate}/{well}_s{site}_w{channel}.png,images
RPE-05_2_G08,RPE-05,2,G08,sirna_138,RPE,1,images/RPE-05/Plate2,{experiment}/Plate{plate}/{well}_s{site}_w{channel}.png,images
RPE-05_2_G09,RPE-05,2,G09,sirna_124,RPE,1,images/RPE-05/Plate2,{experiment}/Plate{plate}/{well}_s{site}_w{channel}.png,images
RPE-05_2_G10,RPE-05,2,G10,sirna_491,RPE,1,images/RPE-05/Plate2,{experiment}/Plate{plate}/{well}_s{site}_w{channel}.png,images
RPE-05_2_G11,RPE-05,2,G11,sirna_436,RPE,1,images/RPE-05/Plate2,{experiment}/Plate{plate}/{well}_s{site}_w{channel}.png,images
RPE-05_2_G12,RPE-05,2,G12,sirna_79,RPE,1,images/RPE-05/Plate2,{experiment}/Plate{plate}/{well}_s{site}_w{channel}.png,images
RPE-05_2_G13,RPE-05,2,G13,sirna_862,RPE,1,images/RPE-05/Plate2,{experiment}/Plate{plate}/{well}_s{site}_w{channel}.png,images
RPE-05_2_G14,RPE-05,2,G14,sirna_828,RPE,1,images/RPE-05/Plate2,{experiment}/Plate{plate}/{well}_s{site}_w{channel}.png,images
RPE-05_2_G15,RPE-05,2,G15,sirna_169,RPE,1,images/RPE-05/Plate2,{experiment}/Plate{plate}/{well}_s{site}_w{channel}.png,images
RPE-05_2_G16,RPE-05,2,G16,sirna_665,RPE,1,images/RPE-05/Plate2,{experiment}/Plate{plate}/{well}_s{site}_w{channel}.png,images
RPE-05_2_G17,RPE-05,2,G17,sirna_894,RPE,1,images/RPE-05/Plate2,{experiment}/Plate{plate}/{well}_s{site}_w{channel}.png,images
RPE-05_2_G18,RPE-05,2,G18,sirna_216,RPE,1,images/RPE-05/Plate2,{experiment}/Plate{plate}/{well}_s{site}_w{channel}.png,images
RPE-05_2_G19,RPE-05,2,G19,sirna_400,RPE,1,images/RPE-05/Plate2,{experiment}/Plate{plate}/{well}_s{site}_w{channel}.png,images
RPE-05_2_G20,RPE-05,2,G20,sirna_204,RPE,1,images/RPE-05/Plate2,{experiment}/Plate{plate}/{well}_s{site}_w{channel}.png,images
RPE-05_2_G21,RPE-05,2,G21,sirna_471,RPE,1,images/RPE-05/Plate2,{experiment}/Plate{plate}/{well}_s{site}_w{channel}.png,images
RPE-05_2_G22,RPE-05,2,G22,sirna_600,RPE,1,images/RPE-05/Plate2,{experiment}/Plate{plate}/{well}_s{site}_w{channel}.png,images
RPE-05_2_G23,RPE-05,2,G23,sirna_305,RPE,1,images/RPE-05/Plate2,{experiment}/Plate{plate}/{well}_s{site}_w{channel}.png,images
RPE-05_2_H02,RPE-05,2,H02,sirna_242,RPE,1,images/RPE-05/Plate2,{experiment}/Plate{plate}/{well}_s{site}_w{channel}.png,images
RPE-05_2_H04,RPE-05,2,H04,sirna_876,RPE,1,images/RPE-05/Plate2,{experiment}/Plate{plate}/{well}_s{site}_w{channel}.png,images
RPE-05_2_H05,RPE-05,2,H05,sirna_47,RPE,1,images/RPE-05/Plate2,{experiment}/Plate{plate}/{well}_s{site}_w{channel}.png,images
RPE-05_2_H06,RPE-05,2,H06,sirna_1039,RPE,1,images/RPE-05/Plate2,{experiment}/Plate{plate}/{well}_s{site}_w{channel}.png,images
RPE-05_2_H08,RPE-05,2,H08,sirna_485,RPE,1,images/RPE-05/Plate2,{experiment}/Plate{plate}/{well}_s{site}_w{channel}.png,images
RPE-05_2_H09,RPE-05,2,H09,sirna_148,RPE,1,images/RPE-05/Plate2,{experiment}/Plate{plate}/{well}_s{site}_w{channel}.png,images
RPE-05_2_H10,RPE-05,2,H10,sirna_466,RPE,1,images/RPE-05/Plate2,{experiment}/Plate{plate}/{well}_s{site}_w{channel}.png,images
RPE-05_2_H12,RPE-05,2,H12,sirna_634,RPE,1,images/RPE-05/Plate2,{experiment}/Plate{plate}/{well}_s{site}_w{channel}.png,images
RPE-05_2_H13,RPE-05,2,H13,sirna_107,RPE,1,images/RPE-05/Plate2,{experiment}/Plate{plate}/{well}_s{site}_w{channel}.png,images
RPE-05_2_H14,RPE-05,2,H14,sirna_1101,RPE,1,images/RPE-05/Plate2,{experiment}/Plate{plate}/{well}_s{site}_w{channel}.png,images
RPE-05_2_H16,RPE-05,2,H16,sirna_783,RPE,1,images/RPE-05/Plate2,{experiment}/Plate{plate}/{well}_s{site}_w{channel}.png,images
RPE-05_2_H17,RPE-05,2,H17,sirna_914,RPE,1,images/RPE-05/Plate2,{experiment}/Plate{plate}/{well}_s{site}_w{channel}.png,images
RPE-05_2_H18,RPE-05,2,H18,sirna_703,RPE,1,images/RPE-05/Plate2,{experiment}/Plate{plate}/{well}_s{site}_w{channel}.png,images
RPE-05_2_H20,RPE-05,2,H20,sirna_543,RPE,1,images/RPE-05/Plate2,{experiment}/Plate{plate}/{well}_s{site}_w{channel}.png,images
RPE-05_2_H21,RPE-05,2,H21,sirna_179,RPE,1,images/RPE-05/Plate2,{experiment}/Plate{plate}/{well}_s{site}_w{channel}.png,images
RPE-05_2_H23,RPE-05,2,H23,sirna_875,RPE,1,images/RPE-05/Plate2,{experiment}/Plate{plate}/{well}_s{site}_w{channel}.png,images
RPE-05_2_I02,RPE-05,2,I02,sirna_697,RPE,1,images/RPE-05/Plate2,{experiment}/Plate{plate}/{well}_s{site}_w{channel}.png,images
RPE-05_2_I03,RPE-05,2,I03,sirna_830,RPE,1,images/RPE-05/Plate2,{experiment}/Plate{plate}/{well}_s{site}_w{channel}.png,images
RPE-05_2_I04,RPE-05,2,I04,sirna_1105,RPE,1,images/RPE-05/Plate2,{experiment}/Plate{plate}/{well}_s{site}_w{channel}.png,images
RPE-05_2_I05,RPE-05,2,I05,sirna_71,RPE,1,images/RPE-05/Plate2,{experiment}/Plate{plate}/{well}_s{site}_w{channel}.png,images
RPE-05_2_I06,RPE-05,2,I06,sirna_556,RPE,1,images/RPE-05/Plate2,{experiment}/Plate{plate}/{well}_s{site}_w{channel}.png,images
RPE-05_2_I07,RPE-05,2,I07,sirna_106,RPE,1,images/RPE-05/Plate2,{experiment}/Plate{plate}/{well}_s{site}_w{channel}.png,images
RPE-05_2_I08,RPE-05,2,I08,sirna_705,RPE,1,images/RPE-05/Plate2,{experiment}/Plate{plate}/{well}_s{site}_w{channel}.png,images
RPE-05_2_I09,RPE-05,2,I09,sirna_931,RPE,1,images/RPE-05/Plate2,{experiment}/Plate{plate}/{well}_s{site}_w{channel}.png,images
RPE-05_2_I10,RPE-05,2,I10,sirna_276,RPE,1,images/RPE-05/Plate2,{experiment}/Plate{plate}/{well}_s{site}_w{channel}.png,images
RPE-05_2_I11,RPE-05,2,I11,sirna_883,RPE,1,images/RPE-05/Plate2,{experiment}/Plate{plate}/{well}_s{site}_w{channel}.png,images
RPE-05_2_I12,RPE-05,2,I12,sirna_528,RPE,1,images/RPE-05/Plate2,{experiment}/Plate{plate}/{well}_s{site}_w{channel}.png,images
RPE-05_2_I13,RPE-05,2,I13,sirna_601,RPE,1,images/RPE-05/Plate2,{experiment}/Plate{plate}/{well}_s{site}_w{channel}.png,images
RPE-05_2_I14,RPE-05,2,I14,sirna_103,RPE,1,images/RPE-05/Plate2,{experiment}/Plate{plate}/{well}_s{site}_w{channel}.png,images
RPE-05_2_I15,RPE-05,2,I15,sirna_976,RPE,1,images/RPE-05/Plate2,{experiment}/Plate{plate}/{well}_s{site}_w{channel}.png,images
RPE-05_2_I16,RPE-05,2,I16,sirna_774,RPE,1,images/RPE-05/Plate2,{experiment}/Plate{plate}/{well}_s{site}_w{channel}.png,images
RPE-05_2_I17,RPE-05,2,I17,sirna_899,RPE,1,images/RPE-05/Plate2,{experiment}/Plate{plate}/{well}_s{site}_w{channel}.png,images
RPE-05_2_I18,RPE-05,2,I18,sirna_780,RPE,1,images/RPE-05/Plate2,{experiment}/Plate{plate}/{well}_s{site}_w{channel}.png,images
RPE-05_2_I19,RPE-05,2,I19,sirna_886,RPE,1,images/RPE-05/Plate2,{experiment}/Plate{plate}/{well}_s{site}_w{channel}.png,images
RPE-05_2_I20,RPE-05,2,I20,sirna_286,RPE,1,images/RPE-05/Plate2,{experiment}/Plate{plate}/{well}_s{site}_w{channel}.png,images
RPE-05_2_I21,RPE-05,2,I21,sirna_1041,RPE,1,images/RPE-05/Plate2,{experiment}/Plate{plate}/{well}_s{site}_w{channel}.png,images
RPE-05_2_I22,RPE-05,2,I22,sirna_149,RPE,1,images/RPE-05/Plate2,{experiment}/Plate{plate}/{well}_s{site}_w{channel}.png,images
RPE-05_2_I23,RPE-05,2,I23,sirna_784,RPE,1,images/RPE-05/Plate2,{experiment}/Plate{plate}/{well}_s{site}_w{channel}.png,images
RPE-05_2_J02,RPE-05,2,J02,sirna_867,RPE,1,images/RPE-05/Plate2,{experiment}/Plate{plate}/{well}_s{site}_w{channel}.png,images
RPE-05_2_J04,RPE-05,2,J04,sirna_746,RPE,1,images/RPE-05/Plate2,{experiment}/Plate{plate}/{well}_s{site}_w{channel}.png,images
RPE-05_2_J05,RPE-05,2,J05,sirna_1053,RPE,1,images/RPE-05/Plate2,{experiment}/Plate{plate}/{well}_s{site}_w{channel}.png,images
RPE-05_2_J06,RPE-05,2,J06,sirna_469,RPE,1,images/RPE-05/Plate2,{experiment}/Plate{plate}/{well}_s{site}_w{channel}.png,images
RPE-05_2_J08,RPE-05,2,J08,sirna_770,RPE,1,images/RPE-05/Plate2,{experiment}/Plate{plate}/{well}_s{site}_w{channel}.png,images
RPE-05_2_J09,RPE-05,2,J09,sirna_547,RPE,1,images/RPE-05/Plate2,{experiment}/Plate{plate}/{well}_s{site}_w{channel}.png,images
RPE-05_2_J10,RPE-05,2,J10,sirna_1043,RPE,1,images/RPE-05/Plate2,{experiment}/Plate{plate}/{well}_s{site}_w{channel}.png,images
RPE-05_2_J12,RPE-05,2,J12,sirna_479,RPE,1,images/RPE-05/Plate2,{experiment}/Plate{plate}/{well}_s{site}_w{channel}.png,images
RPE-05_2_J13,RPE-05,2,J13,sirna_198,RPE,1,images/RPE-05/Plate2,{experiment}/Plate{plate}/{well}_s{site}_w{channel}.png,images
RPE-05_2_J14,RPE-05,2,J14,sirna_77,RPE,1,images/RPE-05/Plate2,{experiment}/Plate{plate}/{well}_s{site}_w{channel}.png,images
RPE-05_2_J16,RPE-05,2,J16,sirna_605,RPE,1,images/RPE-05/Plate2,{experiment}/Plate{plate}/{well}_s{site}_w{channel}.png,images
RPE-05_2_J17,RPE-05,2,J17,sirna_324,RPE,1,images/RPE-05/Plate2,{experiment}/Plate{plate}/{well}_s{site}_w{channel}.png,images
RPE-05_2_J18,RPE-05,2,J18,sirna_109,RPE,1,images/RPE-05/Plate2,{experiment}/Plate{plate}/{well}_s{site}_w{channel}.png,images
RPE-05_2_J20,RPE-05,2,J20,sirna_37,RPE,1,images/RPE-05/Plate2,{experiment}/Plate{plate}/{well}_s{site}_w{channel}.png,images
RPE-05_2_J21,RPE-05,2,J21,sirna_559,RPE,1,images/RPE-05/Plate2,{experiment}/Plate{plate}/{well}_s{site}_w{channel}.png,images
RPE-05_2_J23,RPE-05,2,J23,sirna_878,RPE,1,images/RPE-05/Plate2,{experiment}/Plate{plate}/{well}_s{site}_w{channel}.png,images
RPE-05_2_K02,RPE-05,2,K02,sirna_291,RPE,1,images/RPE-05/Plate2,{experiment}/Plate{plate}/{well}_s{site}_w{channel}.png,images
RPE-05_2_K03,RPE-05,2,K03,sirna_64,RPE,1,images/RPE-05/Plate2,{experiment}/Plate{plate}/{well}_s{site}_w{channel}.png,images
RPE-05_2_K04,RPE-05,2,K04,sirna_41,RPE,1,images/RPE-05/Plate2,{experiment}/Plate{plate}/{well}_s{site}_w{channel}.png,images
RPE-05_2_K05,RPE-05,2,K05,sirna_992,RPE,1,images/RPE-05/Plate2,{experiment}/Plate{plate}/{well}_s{site}_w{channel}.png,images
RPE-05_2_K06,RPE-05,2,K06,sirna_860,RPE,1,images/RPE-05/Plate2,{experiment}/Plate{plate}/{well}_s{site}_w{channel}.png,images
RPE-05_2_K07,RPE-05,2,K07,sirna_1067,RPE,1,images/RPE-05/Plate2,{experiment}/Plate{plate}/{well}_s{site}_w{channel}.png,images
RPE-05_2_K08,RPE-05,2,K08,sirna_55,RPE,1,images/RPE-05/Plate2,{experiment}/Plate{plate}/{well}_s{site}_w{channel}.png,images
RPE-05_2_K09,RPE-05,2,K09,sirna_748,RPE,1,images/RPE-05/Plate2,{experiment}/Plate{plate}/{well}_s{site}_w{channel}.png,images
RPE-05_2_K10,RPE-05,2,K10,sirna_161,RPE,1,images/RPE-05/Plate2,{experiment}/Plate{plate}/{well}_s{site}_w{channel}.png,images
RPE-05_2_K11,RPE-05,2,K11,sirna_100,RPE,1,images/RPE-05/Plate2,{experiment}/Plate{plate}/{well}_s{site}_w{channel}.png,images
RPE-05_2_K12,RPE-05,2,K12,sirna_1117,RPE,1,images/RPE-05/Plate2,{experiment}/Plate{plate}/{well}_s{site}_w{channel}.png,images
RPE-05_2_K13,RPE-05,2,K13,sirna_399,RPE,1,images/RPE-05/Plate2,{experiment}/Plate{plate}/{well}_s{site}_w{channel}.png,images
RPE-05_2_K14,RPE-05,2,K14,sirna_317,RPE,1,images/RPE-05/Plate2,{experiment}/Plate{plate}/{well}_s{site}_w{channel}.png,images
RPE-05_2_K15,RPE-05,2,K15,sirna_164,RPE,1,images/RPE-05/Plate2,{experiment}/Plate{plate}/{well}_s{site}_w{channel}.png,images
RPE-05_2_K16,RPE-05,2,K16,sirna_760,RPE,1,images/RPE-05/Plate2,{experiment}/Plate{plate}/{well}_s{site}_w{channel}.png,images
RPE-05_2_K17,RPE-05,2,K17,sirna_979,RPE,1,images/RPE-05/Plate2,{experiment}/Plate{plate}/{well}_s{site}_w{channel}.png,images
RPE-05_2_K18,RPE-05,2,K18,sirna_328,RPE,1,images/RPE-05/Plate2,{experiment}/Plate{plate}/{well}_s{site}_w{channel}.png,images
RPE-05_2_K19,RPE-05,2,K19,sirna_170,RPE,1,images/RPE-05/Plate2,{experiment}/Plate{plate}/{well}_s{site}_w{channel}.png,images
RPE-05_2_K20,RPE-05,2,K20,sirna_970,RPE,1,images/RPE-05/Plate2,{experiment}/Plate{plate}/{well}_s{site}_w{channel}.png,images
RPE-05_2_K21,RPE-05,2,K21,sirna_666,RPE,1,images/RPE-05/Plate2,{experiment}/Plate{plate}/{well}_s{site}_w{channel}.png,images
RPE-05_2_K22,RPE-05,2,K22,sirna_233,RPE,1,images/RPE-05/Plate2,{experiment}/Plate{plate}/{well}_s{site}_w{channel}.png,images
RPE-05_2_K23,RPE-05,2,K23,sirna_918,RPE,1,images/RPE-05/Plate2,{experiment}/Plate{plate}/{well}_s{site}_w{channel}.png,images
RPE-05_2_L02,RPE-05,2,L02,sirna_619,RPE,1,images/RPE-05/Plate2,{experiment}/Plate{plate}/{well}_s{site}_w{channel}.png,images
RPE-05_2_L03,RPE-05,2,L03,sirna_900,RPE,1,images/RPE-05/Plate2,{experiment}/Plate{plate}/{well}_s{site}_w{channel}.png,images
RPE-05_2_L04,RPE-05,2,L04,sirna_376,RPE,1,images/RPE-05/Plate2,{experiment}/Plate{plate}/{well}_s{site}_w{channel}.png,images
RPE-05_2_L05,RPE-05,2,L05,sirna_1100,RPE,1,images/RPE-05/Plate2,{experiment}/Plate{plate}/{well}_s{site}_w{channel}.png,images
RPE-05_2_L06,RPE-05,2,L06,sirna_412,RPE,1,images/RPE-05/Plate2,{experiment}/Plate{plate}/{well}_s{site}_w{channel}.png,images
RPE-05_2_L07,RPE-05,2,L07,sirna_662,RPE,1,images/RPE-05/Plate2,{experiment}/Plate{plate}/{well}_s{site}_w{channel}.png,images
RPE-05_2_L08,RPE-05,2,L08,sirna_1076,RPE,1,images/RPE-05/Plate2,{experiment}/Plate{plate}/{well}_s{site}_w{channel}.png,images
RPE-05_2_L09,RPE-05,2,L09,sirna_823,RPE,1,images/RPE-05/Plate2,{experiment}/Plate{plate}/{well}_s{site}_w{channel}.png,images
RPE-05_2_L10,RPE-05,2,L10,sirna_184,RPE,1,images/RPE-05/Plate2,{experiment}/Plate{plate}/{well}_s{site}_w{channel}.png,images
RPE-05_2_L11,RPE-05,2,L11,sirna_49,RPE,1,images/RPE-05/Plate2,{experiment}/Plate{plate}/{well}_s{site}_w{channel}.png,images
RPE-05_2_L12,RPE-05,2,L12,sirna_208,RPE,1,images/RPE-05/Plate2,{experiment}/Plate{plate}/{well}_s{site}_w{channel}.png,images
RPE-05_2_L13,RPE-05,2,L13,sirna_199,RPE,1,images/RPE-05/Plate2,{experiment}/Plate{plate}/{well}_s{site}_w{channel}.png,images
RPE-05_2_L14,RPE-05,2,L14,sirna_230,RPE,1,images/RPE-05/Plate2,{experiment}/Plate{plate}/{well}_s{site}_w{channel}.png,images
RPE-05_2_L15,RPE-05,2,L15,sirna_1094,RPE,1,images/RPE-05/Plate2,{experiment}/Plate{plate}/{well}_s{site}_w{channel}.png,images
RPE-05_2_L16,RPE-05,2,L16,sirna_835,RPE,1,images/RPE-05/Plate2,{experiment}/Plate{plate}/{well}_s{site}_w{channel}.png,images
RPE-05_2_L17,RPE-05,2,L17,sirna_492,RPE,1,images/RPE-05/Plate2,{experiment}/Plate{plate}/{well}_s{site}_w{channel}.png,images
RPE-05_2_L18,RPE-05,2,L18,sirna_1005,RPE,1,images/RPE-05/Plate2,{experiment}/Plate{plate}/{well}_s{site}_w{channel}.png,images
RPE-05_2_L19,RPE-05,2,L19,sirna_320,RPE,1,images/RPE-05/Plate2,{experiment}/Plate{plate}/{well}_s{site}_w{channel}.png,images
RPE-05_2_L20,RPE-05,2,L20,sirna_641,RPE,1,images/RPE-05/Plate2,{experiment}/Plate{plate}/{well}_s{site}_w{channel}.png,images
RPE-05_2_L21,RPE-05,2,L21,sirna_8,RPE,1,images/RPE-05/Plate2,{experiment}/Plate{plate}/{well}_s{site}_w{channel}.png,images
RPE-05_2_L22,RPE-05,2,L22,sirna_558,RPE,1,images/RPE-05/Plate2,{experiment}/Plate{plate}/{well}_s{site}_w{channel}.png,images
RPE-05_2_L23,RPE-05,2,L23,sirna_130,RPE,1,images/RPE-05/Plate2,{experiment}/Plate{plate}/{well}_s{site}_w{channel}.png,images
RPE-05_2_M02,RPE-05,2,M02,sirna_972,RPE,1,images/RPE-05/Plate2,{experiment}/Plate{plate}/{well}_s{site}_w{channel}.png,images
RPE-05_2_M04,RPE-05,2,M04,sirna_4,RPE,1,images/RPE-05/Plate2,{experiment}/Plate{plate}/{well}_s{site}_w{channel}.png,images
RPE-05_2_M05,RPE-05,2,M05,sirna_700,RPE,1,images/RPE-05/Plate2,{experiment}/Plate{plate}/{well}_s{site}_w{channel}.png,images
RPE-05_2_M06,RPE-05,2,M06,sirna_297,RPE,1,images/RPE-05/Plate2,{experiment}/Plate{plate}/{well}_s{site}_w{channel}.png,images
RPE-05_2_M08,RPE-05,2,M08,sirna_68,RPE,1,images/RPE-05/Plate2,{experiment}/Plate{plate}/{well}_s{site}_w{channel}.png,images
RPE-05_2_M09,RPE-05,2,M09,sirna_628,RPE,1,images/RPE-05/Plate2,{experiment}/Plate{plate}/{well}_s{site}_w{channel}.png,images
RPE-05_2_M10,RPE-05,2,M10,sirna_813,RPE,1,images/RPE-05/Plate2,{experiment}/Plate{plate}/{well}_s{site}_w{channel}.png,images
RPE-05_2_M12,RPE-05,2,M12,sirna_38,RPE,1,images/RPE-05/Plate2,{experiment}/Plate{plate}/{well}_s{site}_w{channel}.png,images
RPE-05_2_M13,RPE-05,2,M13,sirna_450,RPE,1,images/RPE-05/Plate2,{experiment}/Plate{plate}/{well}_s{site}_w{channel}.png,images
RPE-05_2_M14,RPE-05,2,M14,sirna_1045,RPE,1,images/RPE-05/Plate2,{experiment}/Plate{plate}/{well}_s{site}_w{channel}.png,images
RPE-05_2_M16,RPE-05,2,M16,sirna_281,RPE,1,images/RPE-05/Plate2,{experiment}/Plate{plate}/{well}_s{site}_w{channel}.png,images
RPE-05_2_M17,RPE-05,2,M17,sirna_25,RPE,1,images/RPE-05/Plate2,{experiment}/Plate{plate}/{well}_s{site}_w{channel}.png,images
RPE-05_2_M18,RPE-05,2,M18,sirna_969,RPE,1,images/RPE-05/Plate2,{experiment}/Plate{plate}/{well}_s{site}_w{channel}.png,images
RPE-05_2_M20,RPE-05,2,M20,sirna_97,RPE,1,images/RPE-05/Plate2,{experiment}/Plate{plate}/{well}_s{site}_w{channel}.png,images
RPE-05_2_M21,RPE-05,2,M21,sirna_857,RPE,1,images/RPE-05/Plate2,{experiment}/Plate{plate}/{well}_s{site}_w{channel}.png,images
RPE-05_2_M23,RPE-05,2,M23,sirna_34,RPE,1,images/RPE-05/Plate2,{experiment}/Plate{plate}/{well}_s{site}_w{channel}.png,images
RPE-05_2_N02,RPE-05,2,N02,sirna_429,RPE,1,images/RPE-05/Plate2,{experiment}/Plate{plate}/{well}_s{site}_w{channel}.png,images
RPE-05_2_N03,RPE-05,2,N03,sirna_318,RPE,1,images/RPE-05/Plate2,{experiment}/Plate{plate}/{well}_s{site}_w{channel}.png,images
RPE-05_2_N04,RPE-05,2,N04,sirna_1065,RPE,1,images/RPE-05/Plate2,{experiment}/Plate{plate}/{well}_s{site}_w{channel}.png,images
RPE-05_2_N05,RPE-05,2,N05,sirna_939,RPE,1,images/RPE-05/Plate2,{experiment}/Plate{plate}/{well}_s{site}_w{channel}.png,images
RPE-05_2_N06,RPE-05,2,N06,sirna_552,RPE,1,images/RPE-05/Plate2,{experiment}/Plate{plate}/{well}_s{site}_w{channel}.png,images
RPE-05_2_N07,RPE-05,2,N07,sirna_912,RPE,1,images/RPE-05/Plate2,{experiment}/Plate{plate}/{well}_s{site}_w{channel}.png,images
RPE-05_2_N08,RPE-05,2,N08,sirna_70,RPE,1,images/RPE-05/Plate2,{experiment}/Plate{plate}/{well}_s{site}_w{channel}.png,images
RPE-05_2_N09,RPE-05,2,N09,sirna_866,RPE,1,images/RPE-05/Plate2,{experiment}/Plate{plate}/{well}_s{site}_w{channel}.png,images
RPE-05_2_N10,RPE-05,2,N10,sirna_725,RPE,1,images/RPE-05/Plate2,{experiment}/Plate{plate}/{well}_s{site}_w{channel}.png,images
RPE-05_2_N11,RPE-05,2,N11,sirna_65,RPE,1,images/RPE-05/Plate2,{experiment}/Plate{plate}/{well}_s{site}_w{channel}.png,images
RPE-05_2_N12,RPE-05,2,N12,sirna_122,RPE,1,images/RPE-05/Plate2,{experiment}/Plate{plate}/{well}_s{site}_w{channel}.png,images
RPE-05_2_N13,RPE-05,2,N13,sirna_1133,RPE,1,images/RPE-05/Plate2,{experiment}/Plate{plate}/{well}_s{site}_w{channel}.png,images
RPE-05_2_N14,RPE-05,2,N14,sirna_1008,RPE,1,images/RPE-05/Plate2,{experiment}/Plate{plate}/{well}_s{site}_w{channel}.png,images
RPE-05_2_N15,RPE-05,2,N15,sirna_457,RPE,1,images/RPE-05/Plate2,{experiment}/Plate{plate}/{well}_s{site}_w{channel}.png,images
RPE-05_2_N16,RPE-05,2,N16,sirna_195,RPE,1,images/RPE-05/Plate2,{experiment}/Plate{plate}/{well}_s{site}_w{channel}.png,images
RPE-05_2_N17,RPE-05,2,N17,sirna_712,RPE,1,images/RPE-05/Plate2,{experiment}/Plate{plate}/{well}_s{site}_w{channel}.png,images
RPE-05_2_N18,RPE-05,2,N18,sirna_680,RPE,1,images/RPE-05/Plate2,{experiment}/Plate{plate}/{well}_s{site}_w{channel}.png,images
RPE-05_2_N19,RPE-05,2,N19,sirna_809,RPE,1,images/RPE-05/Plate2,{experiment}/Plate{plate}/{well}_s{site}_w{channel}.png,images
RPE-05_2_N20,RPE-05,2,N20,sirna_966,RPE,1,images/RPE-05/Plate2,{experiment}/Plate{plate}/{well}_s{site}_w{channel}.png,images
RPE-05_2_N21,RPE-05,2,N21,sirna_1089,RPE,1,images/RPE-05/Plate2,{experiment}/Plate{plate}/{well}_s{site}_w{channel}.png,images
RPE-05_2_N22,RPE-05,2,N22,sirna_300,RPE,1,images/RPE-05/Plate2,{experiment}/Plate{plate}/{well}_s{site}_w{channel}.png,images
RPE-05_2_N23,RPE-05,2,N23,sirna_1073,RPE,1,images/RPE-05/Plate2,{experiment}/Plate{plate}/{well}_s{site}_w{channel}.png,images
RPE-05_2_O02,RPE-05,2,O02,sirna_304,RPE,1,images/RPE-05/Plate2,{experiment}/Plate{plate}/{well}_s{site}_w{channel}.png,images
RPE-05_2_O03,RPE-05,2,O03,sirna_1125,RPE,1,images/RPE-05/Plate2,{experiment}/Plate{plate}/{well}_s{site}_w{channel}.png,images
RPE-05_2_O04,RPE-05,2,O04,sirna_1032,RPE,1,images/RPE-05/Plate2,{experiment}/Plate{plate}/{well}_s{site}_w{channel}.png,images
RPE-05_2_O05,RPE-05,2,O05,sirna_156,RPE,1,images/RPE-05/Plate2,{experiment}/Plate{plate}/{well}_s{site}_w{channel}.png,images
RPE-05_2_O06,RPE-05,2,O06,sirna_1124,RPE,1,images/RPE-05/Plate2,{experiment}/Plate{plate}/{well}_s{site}_w{channel}.png,images
RPE-05_2_O07,RPE-05,2,O07,sirna_468,RPE,1,images/RPE-05/Plate2,{experiment}/Plate{plate}/{well}_s{site}_w{channel}.png,images
RPE-05_2_O08,RPE-05,2,O08,sirna_187,RPE,1,images/RPE-05/Plate2,{experiment}/Plate{plate}/{well}_s{site}_w{channel}.png,images
RPE-05_2_O09,RPE-05,2,O09,sirna_679,RPE,1,images/RPE-05/Plate2,{experiment}/Plate{plate}/{well}_s{site}_w{channel}.png,images
RPE-05_2_O10,RPE-05,2,O10,sirna_884,RPE,1,images/RPE-05/Plate2,{experiment}/Plate{plate}/{well}_s{site}_w{channel}.png,images
RPE-05_2_O11,RPE-05,2,O11,sirna_335,RPE,1,images/RPE-05/Plate2,{experiment}/Plate{plate}/{well}_s{site}_w{channel}.png,images
RPE-05_2_O12,RPE-05,2,O12,sirna_508,RPE,1,images/RPE-05/Plate2,{experiment}/Plate{plate}/{well}_s{site}_w{channel}.png,images
RPE-05_2_O13,RPE-05,2,O13,sirna_362,RPE,1,images/RPE-05/Plate2,{experiment}/Plate{plate}/{well}_s{site}_w{channel}.png,images
RPE-05_2_O14,RPE-05,2,O14,sirna_946,RPE,1,images/RPE-05/Plate2,{experiment}/Plate{plate}/{well}_s{site}_w{channel}.png,images
RPE-05_2_O15,RPE-05,2,O15,sirna_778,RPE,1,images/RPE-05/Plate2,{experiment}/Plate{plate}/{well}_s{site}_w{channel}.png,images
RPE-05_2_O16,RPE-05,2,O16,sirna_578,RPE,1,images/RPE-05/Plate2,{experiment}/Plate{plate}/{well}_s{site}_w{channel}.png,images
RPE-05_2_O17,RPE-05,2,O17,sirna_340,RPE,1,images/RPE-05/Plate2,{experiment}/Plate{plate}/{well}_s{site}_w{channel}.png,images
RPE-05_2_O18,RPE-05,2,O18,sirna_669,RPE,1,images/RPE-05/Plate2,{experiment}/Plate{plate}/{well}_s{site}_w{channel}.png,images
RPE-05_2_O19,RPE-05,2,O19,sirna_554,RPE,1,images/RPE-05/Plate2,{experiment}/Plate{plate}/{well}_s{site}_w{channel}.png,images
RPE-05_2_O20,RPE-05,2,O20,sirna_1097,RPE,1,images/RPE-05/Plate2,{experiment}/Plate{plate}/{well}_s{site}_w{channel}.png,images
RPE-05_2_O21,RPE-05,2,O21,sirna_96,RPE,1,images/RPE-05/Plate2,{experiment}/Plate{plate}/{well}_s{site}_w{channel}.png,images
RPE-05_2_O22,RPE-05,2,O22,sirna_231,RPE,1,images/RPE-05/Plate2,{experiment}/Plate{plate}/{well}_s{site}_w{channel}.png,images
RPE-05_2_O23,RPE-05,2,O23,sirna_758,RPE,1,images/RPE-05/Plate2,{experiment}/Plate{plate}/{well}_s{site}_w{channel}.png,images
RPE-05_3_B03,RPE-05,3,B03,sirna_781,RPE,1,images/RPE-05/Plate3,{experiment}/Plate{plate}/{well}_s{site}_w{channel}.png,images
RPE-05_3_B04,RPE-05,3,B04,sirna_473,RPE,1,images/RPE-05/Plate3,{experiment}/Plate{plate}/{well}_s{site}_w{channel}.png,images
RPE-05_3_B05,RPE-05,3,B05,sirna_11,RPE,1,images/RPE-05/Plate3,{experiment}/Plate{plate}/{well}_s{site}_w{channel}.png,images
RPE-05_3_B06,RPE-05,3,B06,sirna_724,RPE,1,images/RPE-05/Plate3,{experiment}/Plate{plate}/{well}_s{site}_w{channel}.png,images
RPE-05_3_B07,RPE-05,3,B07,sirna_383,RPE,1,images/RPE-05/Plate3,{experiment}/Plate{plate}/{well}_s{site}_w{channel}.png,images
RPE-05_3_B08,RPE-05,3,B08,sirna_337,RPE,1,images/RPE-05/Plate3,{experiment}/Plate{plate}/{well}_s{site}_w{channel}.png,images
RPE-05_3_B09,RPE-05,3,B09,sirna_75,RPE,1,images/RPE-05/Plate3,{experiment}/Plate{plate}/{well}_s{site}_w{channel}.png,images
RPE-05_3_B10,RPE-05,3,B10,sirna_545,RPE,1,images/RPE-05/Plate3,{experiment}/Plate{plate}/{well}_s{site}_w{channel}.png,images
RPE-05_3_B11,RPE-05,3,B11,sirna_269,RPE,1,images/RPE-05/Plate3,{experiment}/Plate{plate}/{well}_s{site}_w{channel}.png,images
RPE-05_3_B12,RPE-05,3,B12,sirna_455,RPE,1,images/RPE-05/Plate3,{experiment}/Plate{plate}/{well}_s{site}_w{channel}.png,images
RPE-05_3_B13,RPE-05,3,B13,sirna_874,RPE,1,images/RPE-05/Plate3,{experiment}/Plate{plate}/{well}_s{site}_w{channel}.png,images
RPE-05_3_B14,RPE-05,3,B14,sirna_1009,RPE,1,images/RPE-05/Plate3,{experiment}/Plate{plate}/{well}_s{site}_w{channel}.png,images
RPE-05_3_B15,RPE-05,3,B15,sirna_354,RPE,1,images/RPE-05/Plate3,{experiment}/Plate{plate}/{well}_s{site}_w{channel}.png,images
RPE-05_3_B16,RPE-05,3,B16,sirna_293,RPE,1,images/RPE-05/Plate3,{experiment}/Plate{plate}/{well}_s{site}_w{channel}.png,images
RPE-05_3_B17,RPE-05,3,B17,sirna_395,RPE,1,images/RPE-05/Plate3,{experiment}/Plate{plate}/{well}_s{site}_w{channel}.png,images
RPE-05_3_B18,RPE-05,3,B18,sirna_273,RPE,1,images/RPE-05/Plate3,{experiment}/Plate{plate}/{well}_s{site}_w{channel}.png,images
RPE-05_3_B19,RPE-05,3,B19,sirna_1119,RPE,1,images/RPE-05/Plate3,{experiment}/Plate{plate}/{well}_s{site}_w{channel}.png,images
RPE-05_3_B20,RPE-05,3,B20,sirna_708,RPE,1,images/RPE-05/Plate3,{experiment}/Plate{plate}/{well}_s{site}_w{channel}.png,images
RPE-05_3_B21,RPE-05,3,B21,sirna_284,RPE,1,images/RPE-05/Plate3,{experiment}/Plate{plate}/{well}_s{site}_w{channel}.png,images
RPE-05_3_B22,RPE-05,3,B22,sirna_111,RPE,1,images/RPE-05/Plate3,{experiment}/Plate{plate}/{well}_s{site}_w{channel}.png,images
RPE-05_3_B23,RPE-05,3,B23,sirna_1088,RPE,1,images/RPE-05/Plate3,{experiment}/Plate{plate}/{well}_s{site}_w{channel}.png,images
RPE-05_3_C02,RPE-05,3,C02,sirna_1118,RPE,1,images/RPE-05/Plate3,{experiment}/Plate{plate}/{well}_s{site}_w{channel}.png,images
RPE-05_3_C04,RPE-05,3,C04,sirna_432,RPE,1,images/RPE-05/Plate3,{experiment}/Plate{plate}/{well}_s{site}_w{channel}.png,images
RPE-05_3_C05,RPE-05,3,C05,sirna_1132,RPE,1,images/RPE-05/Plate3,{experiment}/Plate{plate}/{well}_s{site}_w{channel}.png,images
RPE-05_3_C06,RPE-05,3,C06,sirna_414,RPE,1,images/RPE-05/Plate3,{experiment}/Plate{plate}/{well}_s{site}_w{channel}.png,images
RPE-05_3_C08,RPE-05,3,C08,sirna_804,RPE,1,images/RPE-05/Plate3,{experiment}/Plate{plate}/{well}_s{site}_w{channel}.png,images
RPE-05_3_C09,RPE-05,3,C09,sirna_954,RPE,1,images/RPE-05/Plate3,{experiment}/Plate{plate}/{well}_s{site}_w{channel}.png,images
RPE-05_3_C10,RPE-05,3,C10,sirna_456,RPE,1,images/RPE-05/Plate3,{experiment}/Plate{plate}/{well}_s{site}_w{channel}.png,images
RPE-05_3_C12,RPE-05,3,C12,sirna_640,RPE,1,images/RPE-05/Plate3,{experiment}/Plate{plate}/{well}_s{site}_w{channel}.png,images
RPE-05_3_C13,RPE-05,3,C13,sirna_10,RPE,1,images/RPE-05/Plate3,{experiment}/Plate{plate}/{well}_s{site}_w{channel}.png,images
RPE-05_3_C14,RPE-05,3,C14,sirna_726,RPE,1,images/RPE-05/Plate3,{experiment}/Plate{plate}/{well}_s{site}_w{channel}.png,images
RPE-05_3_C16,RPE-05,3,C16,sirna_802,RPE,1,images/RPE-05/Plate3,{experiment}/Plate{plate}/{well}_s{site}_w{channel}.png,images
RPE-05_3_C17,RPE-05,3,C17,sirna_1034,RPE,1,images/RPE-05/Plate3,{experiment}/Plate{plate}/{well}_s{site}_w{channel}.png,images
RPE-05_3_C18,RPE-05,3,C18,sirna_280,RPE,1,images/RPE-05/Plate3,{experiment}/Plate{plate}/{well}_s{site}_w{channel}.png,images
RPE-05_3_C20,RPE-05,3,C20,sirna_240,RPE,1,images/RPE-05/Plate3,{experiment}/Plate{plate}/{well}_s{site}_w{channel}.png,images
RPE-05_3_C21,RPE-05,3,C21,sirna_390,RPE,1,images/RPE-05/Plate3,{experiment}/Plate{plate}/{well}_s{site}_w{channel}.png,images
RPE-05_3_C23,RPE-05,3,C23,sirna_1087,RPE,1,images/RPE-05/Plate3,{experiment}/Plate{plate}/{well}_s{site}_w{channel}.png,images
RPE-05_3_D02,RPE-05,3,D02,sirna_188,RPE,1,images/RPE-05/Plate3,{experiment}/Plate{plate}/{well}_s{site}_w{channel}.png,images
RPE-05_3_D03,RPE-05,3,D03,sirna_0,RPE,1,images/RPE-05/Plate3,{experiment}/Plate{plate}/{well}_s{site}_w{channel}.png,images
RPE-05_3_D04,RPE-05,3,D04,sirna_80,RPE,1,images/RPE-05/Plate3,{experiment}/Plate{plate}/{well}_s{site}_w{channel}.png,images
RPE-05_3_D05,RPE-05,3,D05,sirna_588,RPE,1,images/RPE-05/Plate3,{experiment}/Plate{plate}/{well}_s{site}_w{channel}.png,images
RPE-05_3_D06,RPE-05,3,D06,sirna_267,RPE,1,images/RPE-05/Plate3,{experiment}/Plate{plate}/{well}_s{site}_w{channel}.png,images
RPE-05_3_D07,RPE-05,3,D07,sirna_848,RPE,1,images/RPE-05/Plate3,{experiment}/Plate{plate}/{well}_s{site}_w{channel}.png,images
RPE-05_3_D08,RPE-05,3,D08,sirna_729,RPE,1,images/RPE-05/Plate3,{experiment}/Plate{plate}/{well}_s{site}_w{channel}.png,images
RPE-05_3_D09,RPE-05,3,D09,sirna_818,RPE,1,images/RPE-05/Plate3,{experiment}/Plate{plate}/{well}_s{site}_w{channel}.png,images
RPE-05_3_D10,RPE-05,3,D10,sirna_497,RPE,1,images/RPE-05/Plate3,{experiment}/Plate{plate}/{well}_s{site}_w{channel}.png,images
RPE-05_3_D11,RPE-05,3,D11,sirna_740,RPE,1,images/RPE-05/Plate3,{experiment}/Plate{plate}/{well}_s{site}_w{channel}.png,images
RPE-05_3_D12,RPE-05,3,D12,sirna_683,RPE,1,images/RPE-05/Plate3,{experiment}/Plate{plate}/{well}_s{site}_w{channel}.png,images
RPE-05_3_D13,RPE-05,3,D13,sirna_841,RPE,1,images/RPE-05/Plate3,{experiment}/Plate{plate}/{well}_s{site}_w{channel}.png,images
RPE-05_3_D14,RPE-05,3,D14,sirna_790,RPE,1,images/RPE-05/Plate3,{experiment}/Plate{plate}/{well}_s{site}_w{channel}.png,images
RPE-05_3_D15,RPE-05,3,D15,sirna_999,RPE,1,images/RPE-05/Plate3,{experiment}/Plate{plate}/{well}_s{site}_w{channel}.png,images
RPE-05_3_D16,RPE-05,3,D16,sirna_358,RPE,1,images/RPE-05/Plate3,{experiment}/Plate{plate}/{well}_s{site}_w{channel}.png,images
RPE-05_3_D17,RPE-05,3,D17,sirna_535,RPE,1,images/RPE-05/Plate3,{experiment}/Plate{plate}/{well}_s{site}_w{channel}.png,images
RPE-05_3_D18,RPE-05,3,D18,sirna_285,RPE,1,images/RPE-05/Plate3,{experiment}/Plate{plate}/{well}_s{site}_w{channel}.png,images
RPE-05_3_D19,RPE-05,3,D19,sirna_247,RPE,1,images/RPE-05/Plate3,{experiment}/Plate{plate}/{well}_s{site}_w{channel}.png,images
RPE-05_3_D20,RPE-05,3,D20,sirna_849,RPE,1,images/RPE-05/Plate3,{experiment}/Plate{plate}/{well}_s{site}_w{channel}.png,images
RPE-05_3_D21,RPE-05,3,D21,sirna_411,RPE,1,images/RPE-05/Plate3,{experiment}/Plate{plate}/{well}_s{site}_w{channel}.png,images
RPE-05_3_D22,RPE-05,3,D22,sirna_165,RPE,1,images/RPE-05/Plate3,{experiment}/Plate{plate}/{well}_s{site}_w{channel}.png,images
RPE-05_3_D23,RPE-05,3,D23,sirna_694,RPE,1,images/RPE-05/Plate3,{experiment}/Plate{plate}/{well}_s{site}_w{channel}.png,images
RPE-05_3_E02,RPE-05,3,E02,sirna_182,RPE,1,images/RPE-05/Plate3,{experiment}/Plate{plate}/{well}_s{site}_w{channel}.png,images
RPE-05_3_E03,RPE-05,3,E03,sirna_32,RPE,1,images/RPE-05/Plate3,{experiment}/Plate{plate}/{well}_s{site}_w{channel}.png,images
RPE-05_3_E04,RPE-05,3,E04,sirna_656,RPE,1,images/RPE-05/Plate3,{experiment}/Plate{plate}/{well}_s{site}_w{channel}.png,images
RPE-05_3_E05,RPE-05,3,E05,sirna_245,RPE,1,images/RPE-05/Plate3,{experiment}/Plate{plate}/{well}_s{site}_w{channel}.png,images
RPE-05_3_E06,RPE-05,3,E06,sirna_447,RPE,1,images/RPE-05/Plate3,{experiment}/Plate{plate}/{well}_s{site}_w{channel}.png,images
RPE-05_3_E07,RPE-05,3,E07,sirna_1136,RPE,1,images/RPE-05/Plate3,{experiment}/Plate{plate}/{well}_s{site}_w{channel}.png,images
RPE-05_3_E08,RPE-05,3,E08,sirna_331,RPE,1,images/RPE-05/Plate3,{experiment}/Plate{plate}/{well}_s{site}_w{channel}.png,images
RPE-05_3_E09,RPE-05,3,E09,sirna_108,RPE,1,images/RPE-05/Plate3,{experiment}/Plate{plate}/{well}_s{site}_w{channel}.png,images
RPE-05_3_E10,RPE-05,3,E10,sirna_1027,RPE,1,images/RPE-05/Plate3,{experiment}/Plate{plate}/{well}_s{site}_w{channel}.png,images
RPE-05_3_E11,RPE-05,3,E11,sirna_87,RPE,1,images/RPE-05/Plate3,{experiment}/Plate{plate}/{well}_s{site}_w{channel}.png,images
RPE-05_3_E12,RPE-05,3,E12,sirna_587,RPE,1,images/RPE-05/Plate3,{experiment}/Plate{plate}/{well}_s{site}_w{channel}.png,images
RPE-05_3_E13,RPE-05,3,E13,sirna_782,RPE,1,images/RPE-05/Plate3,{experiment}/Plate{plate}/{well}_s{site}_w{channel}.png,images
RPE-05_3_E14,RPE-05,3,E14,sirna_493,RPE,1,images/RPE-05/Plate3,{experiment}/Plate{plate}/{well}_s{site}_w{channel}.png,images
RPE-05_3_E15,RPE-05,3,E15,sirna_595,RPE,1,images/RPE-05/Plate3,{experiment}/Plate{plate}/{well}_s{site}_w{channel}.png,images
RPE-05_3_E16,RPE-05,3,E16,sirna_916,RPE,1,images/RPE-05/Plate3,{experiment}/Plate{plate}/{well}_s{site}_w{channel}.png,images
RPE-05_3_E17,RPE-05,3,E17,sirna_346,RPE,1,images/RPE-05/Plate3,{experiment}/Plate{plate}/{well}_s{site}_w{channel}.png,images
RPE-05_3_E18,RPE-05,3,E18,sirna_741,RPE,1,images/RPE-05/Plate3,{experiment}/Plate{plate}/{well}_s{site}_w{channel}.png,images
RPE-05_3_E19,RPE-05,3,E19,sirna_117,RPE,1,images/RPE-05/Plate3,{experiment}/Plate{plate}/{well}_s{site}_w{channel}.png,images
RPE-05_3_E20,RPE-05,3,E20,sirna_890,RPE,1,images/RPE-05/Plate3,{experiment}/Plate{plate}/{well}_s{site}_w{channel}.png,images
RPE-05_3_E21,RPE-05,3,E21,sirna_40,RPE,1,images/RPE-05/Plate3,{experiment}/Plate{plate}/{well}_s{site}_w{channel}.png,images
RPE-05_3_E22,RPE-05,3,E22,sirna_834,RPE,1,images/RPE-05/Plate3,{experiment}/Plate{plate}/{well}_s{site}_w{channel}.png,images
RPE-05_3_E23,RPE-05,3,E23,sirna_499,RPE,1,images/RPE-05/Plate3,{experiment}/Plate{plate}/{well}_s{site}_w{channel}.png,images
RPE-05_3_F02,RPE-05,3,F02,sirna_771,RPE,1,images/RPE-05/Plate3,{experiment}/Plate{plate}/{well}_s{site}_w{channel}.png,images
RPE-05_3_F04,RPE-05,3,F04,sirna_576,RPE,1,images/RPE-05/Plate3,{experiment}/Plate{plate}/{well}_s{site}_w{channel}.png,images
RPE-05_3_F05,RPE-05,3,F05,sirna_635,RPE,1,images/RPE-05/Plate3,{experiment}/Plate{plate}/{well}_s{site}_w{channel}.png,images
RPE-05_3_F06,RPE-05,3,F06,sirna_361,RPE,1,images/RPE-05/Plate3,{experiment}/Plate{plate}/{well}_s{site}_w{channel}.png,images
RPE-05_3_F08,RPE-05,3,F08,sirna_1050,RPE,1,images/RPE-05/Plate3,{experiment}/Plate{plate}/{well}_s{site}_w{channel}.png,images
RPE-05_3_F09,RPE-05,3,F09,sirna_927,RPE,1,images/RPE-05/Plate3,{experiment}/Plate{plate}/{well}_s{site}_w{channel}.png,images
RPE-05_3_F10,RPE-05,3,F10,sirna_17,RPE,1,images/RPE-05/Plate3,{experiment}/Plate{plate}/{well}_s{site}_w{channel}.png,images
RPE-05_3_F12,RPE-05,3,F12,sirna_84,RPE,1,images/RPE-05/Plate3,{experiment}/Plate{plate}/{well}_s{site}_w{channel}.png,images
RPE-05_3_F13,RPE-05,3,F13,sirna_2,RPE,1,images/RPE-05/Plate3,{experiment}/Plate{plate}/{well}_s{site}_w{channel}.png,images
RPE-05_3_F14,RPE-05,3,F14,sirna_1054,RPE,1,images/RPE-05/Plate3,{experiment}/Plate{plate}/{well}_s{site}_w{channel}.png,images
RPE-05_3_F16,RPE-05,3,F16,sirna_486,RPE,1,images/RPE-05/Plate3,{experiment}/Plate{plate}/{well}_s{site}_w{channel}.png,images
RPE-05_3_F17,RPE-05,3,F17,sirna_987,RPE,1,images/RPE-05/Plate3,{experiment}/Plate{plate}/{well}_s{site}_w{channel}.png,images
RPE-05_3_F18,RPE-05,3,F18,sirna_567,RPE,1,images/RPE-05/Plate3,{experiment}/Plate{plate}/{well}_s{site}_w{channel}.png,images
RPE-05_3_F20,RPE-05,3,F20,sirna_707,RPE,1,images/RPE-05/Plate3,{experiment}/Plate{plate}/{well}_s{site}_w{channel}.png,images
RPE-05_3_F21,RPE-05,3,F21,sirna_838,RPE,1,images/RPE-05/Plate3,{experiment}/Plate{plate}/{well}_s{site}_w{channel}.png,images
RPE-05_3_F23,RPE-05,3,F23,sirna_736,RPE,1,images/RPE-05/Plate3,{experiment}/Plate{plate}/{well}_s{site}_w{channel}.png,images
RPE-05_3_G02,RPE-05,3,G02,sirna_690,RPE,1,images/RPE-05/Plate3,{experiment}/Plate{plate}/{well}_s{site}_w{channel}.png,images
RPE-05_3_G03,RPE-05,3,G03,sirna_663,RPE,1,images/RPE-05/Plate3,{experiment}/Plate{plate}/{well}_s{site}_w{channel}.png,images
RPE-05_3_G04,RPE-05,3,G04,sirna_795,RPE,1,images/RPE-05/Plate3,{experiment}/Plate{plate}/{well}_s{site}_w{channel}.png,images
RPE-05_3_G05,RPE-05,3,G05,sirna_718,RPE,1,images/RPE-05/Plate3,{experiment}/Plate{plate}/{well}_s{site}_w{channel}.png,images
RPE-05_3_G06,RPE-05,3,G06,sirna_1090,RPE,1,images/RPE-05/Plate3,{experiment}/Plate{plate}/{well}_s{site}_w{channel}.png,images
RPE-05_3_G07,RPE-05,3,G07,sirna_651,RPE,1,images/RPE-05/Plate3,{experiment}/Plate{plate}/{well}_s{site}_w{channel}.png,images
RPE-05_3_G08,RPE-05,3,G08,sirna_252,RPE,1,images/RPE-05/Plate3,{experiment}/Plate{plate}/{well}_s{site}_w{channel}.png,images
RPE-05_3_G09,RPE-05,3,G09,sirna_1,RPE,1,images/RPE-05/Plate3,{experiment}/Plate{plate}/{well}_s{site}_w{channel}.png,images
RPE-05_3_G10,RPE-05,3,G10,sirna_140,RPE,1,images/RPE-05/Plate3,{experiment}/Plate{plate}/{well}_s{site}_w{channel}.png,images
RPE-05_3_G11,RPE-05,3,G11,sirna_941,RPE,1,images/RPE-05/Plate3,{experiment}/Plate{plate}/{well}_s{site}_w{channel}.png,images
RPE-05_3_G12,RPE-05,3,G12,sirna_881,RPE,1,images/RPE-05/Plate3,{experiment}/Plate{plate}/{well}_s{site}_w{channel}.png,images
RPE-05_3_G13,RPE-05,3,G13,sirna_921,RPE,1,images/RPE-05/Plate3,{experiment}/Plate{plate}/{well}_s{site}_w{channel}.png,images
RPE-05_3_G14,RPE-05,3,G14,sirna_261,RPE,1,images/RPE-05/Plate3,{experiment}/Plate{plate}/{well}_s{site}_w{channel}.png,images
RPE-05_3_G15,RPE-05,3,G15,sirna_22,RPE,1,images/RPE-05/Plate3,{experiment}/Plate{plate}/{well}_s{site}_w{channel}.png,images
RPE-05_3_G16,RPE-05,3,G16,sirna_1106,RPE,1,images/RPE-05/Plate3,{experiment}/Plate{plate}/{well}_s{site}_w{channel}.png,images
RPE-05_3_G17,RPE-05,3,G17,sirna_584,RPE,1,images/RPE-05/Plate3,{experiment}/Plate{plate}/{well}_s{site}_w{channel}.png,images
RPE-05_3_G18,RPE-05,3,G18,sirna_785,RPE,1,images/RPE-05/Plate3,{experiment}/Plate{plate}/{well}_s{site}_w{channel}.png,images
RPE-05_3_G19,RPE-05,3,G19,sirna_681,RPE,1,images/RPE-05/Plate3,{experiment}/Plate{plate}/{well}_s{site}_w{channel}.png,images
RPE-05_3_G20,RPE-05,3,G20,sirna_126,RPE,1,images/RPE-05/Plate3,{experiment}/Plate{plate}/{well}_s{site}_w{channel}.png,images
RPE-05_3_G21,RPE-05,3,G21,sirna_1059,RPE,1,images/RPE-05/Plate3,{experiment}/Plate{plate}/{well}_s{site}_w{channel}.png,images
RPE-05_3_G22,RPE-05,3,G22,sirna_1130,RPE,1,images/RPE-05/Plate3,{experiment}/Plate{plate}/{well}_s{site}_w{channel}.png,images
RPE-05_3_G23,RPE-05,3,G23,sirna_1012,RPE,1,images/RPE-05/Plate3,{experiment}/Plate{plate}/{well}_s{site}_w{channel}.png,images
RPE-05_3_H02,RPE-05,3,H02,sirna_646,RPE,1,images/RPE-05/Plate3,{experiment}/Plate{plate}/{well}_s{site}_w{channel}.png,images
RPE-05_3_H04,RPE-05,3,H04,sirna_481,RPE,1,images/RPE-05/Plate3,{experiment}/Plate{plate}/{well}_s{site}_w{channel}.png,images
RPE-05_3_H05,RPE-05,3,H05,sirna_365,RPE,1,images/RPE-05/Plate3,{experiment}/Plate{plate}/{well}_s{site}_w{channel}.png,images
RPE-05_3_H06,RPE-05,3,H06,sirna_223,RPE,1,images/RPE-05/Plate3,{experiment}/Plate{plate}/{well}_s{site}_w{channel}.png,images
RPE-05_3_H08,RPE-05,3,H08,sirna_609,RPE,1,images/RPE-05/Plate3,{experiment}/Plate{plate}/{well}_s{site}_w{channel}.png,images
RPE-05_3_H09,RPE-05,3,H09,sirna_303,RPE,1,images/RPE-05/Plate3,{experiment}/Plate{plate}/{well}_s{site}_w{channel}.png,images
RPE-05_3_H10,RPE-05,3,H10,sirna_336,RPE,1,images/RPE-05/Plate3,{experiment}/Plate{plate}/{well}_s{site}_w{channel}.png,images
RPE-05_3_H12,RPE-05,3,H12,sirna_495,RPE,1,images/RPE-05/Plate3,{experiment}/Plate{plate}/{well}_s{site}_w{channel}.png,images
RPE-05_3_H13,RPE-05,3,H13,sirna_1017,RPE,1,images/RPE-05/Plate3,{experiment}/Plate{plate}/{well}_s{site}_w{channel}.png,images
RPE-05_3_H14,RPE-05,3,H14,sirna_177,RPE,1,images/RPE-05/Plate3,{experiment}/Plate{plate}/{well}_s{site}_w{channel}.png,images
RPE-05_3_H16,RPE-05,3,H16,sirna_952,RPE,1,images/RPE-05/Plate3,{experiment}/Plate{plate}/{well}_s{site}_w{channel}.png,images
RPE-05_3_H17,RPE-05,3,H17,sirna_105,RPE,1,images/RPE-05/Plate3,{experiment}/Plate{plate}/{well}_s{site}_w{channel}.png,images
RPE-05_3_H18,RPE-05,3,H18,sirna_378,RPE,1,images/RPE-05/Plate3,{experiment}/Plate{plate}/{well}_s{site}_w{channel}.png,images
RPE-05_3_H20,RPE-05,3,H20,sirna_268,RPE,1,images/RPE-05/Plate3,{experiment}/Plate{plate}/{well}_s{site}_w{channel}.png,images
RPE-05_3_H21,RPE-05,3,H21,sirna_503,RPE,1,images/RPE-05/Plate3,{experiment}/Plate{plate}/{well}_s{site}_w{channel}.png,images
RPE-05_3_H23,RPE-05,3,H23,sirna_929,RPE,1,images/RPE-05/Plate3,{experiment}/Plate{plate}/{well}_s{site}_w{channel}.png,images
RPE-05_3_I02,RPE-05,3,I02,sirna_523,RPE,1,images/RPE-05/Plate3,{experiment}/Plate{plate}/{well}_s{site}_w{channel}.png,images
RPE-05_3_I03,RPE-05,3,I03,sirna_145,RPE,1,images/RPE-05/Plate3,{experiment}/Plate{plate}/{well}_s{site}_w{channel}.png,images
RPE-05_3_I04,RPE-05,3,I04,sirna_235,RPE,1,images/RPE-05/Plate3,{experiment}/Plate{plate}/{well}_s{site}_w{channel}.png,images
RPE-05_3_I05,RPE-05,3,I05,sirna_995,RPE,1,images/RPE-05/Plate3,{experiment}/Plate{plate}/{well}_s{site}_w{channel}.png,images
RPE-05_3_I06,RPE-05,3,I06,sirna_638,RPE,1,images/RPE-05/Plate3,{experiment}/Plate{plate}/{well}_s{site}_w{channel}.png,images
RPE-05_3_I07,RPE-05,3,I07,sirna_903,RPE,1,images/RPE-05/Plate3,{experiment}/Plate{plate}/{well}_s{site}_w{channel}.png,images
RPE-05_3_I08,RPE-05,3,I08,sirna_1131,RPE,1,images/RPE-05/Plate3,{experiment}/Plate{plate}/{well}_s{site}_w{channel}.png,images
RPE-05_3_I09,RPE-05,3,I09,sirna_597,RPE,1,images/RPE-05/Plate3,{experiment}/Plate{plate}/{well}_s{site}_w{channel}.png,images
RPE-05_3_I10,RPE-05,3,I10,sirna_338,RPE,1,images/RPE-05/Plate3,{experiment}/Plate{plate}/{well}_s{site}_w{channel}.png,images
RPE-05_3_I11,RPE-05,3,I11,sirna_871,RPE,1,images/RPE-05/Plate3,{experiment}/Plate{plate}/{well}_s{site}_w{channel}.png,images
RPE-05_3_I12,RPE-05,3,I12,sirna_1055,RPE,1,images/RPE-05/Plate3,{experiment}/Plate{plate}/{well}_s{site}_w{channel}.png,images
RPE-05_3_I13,RPE-05,3,I13,sirna_514,RPE,1,images/RPE-05/Plate3,{experiment}/Plate{plate}/{well}_s{site}_w{channel}.png,images
RPE-05_3_I14,RPE-05,3,I14,sirna_524,RPE,1,images/RPE-05/Plate3,{experiment}/Plate{plate}/{well}_s{site}_w{channel}.png,images
RPE-05_3_I15,RPE-05,3,I15,sirna_759,RPE,1,images/RPE-05/Plate3,{experiment}/Plate{plate}/{well}_s{site}_w{channel}.png,images
RPE-05_3_I16,RPE-05,3,I16,sirna_1010,RPE,1,images/RPE-05/Plate3,{experiment}/Plate{plate}/{well}_s{site}_w{channel}.png,images
RPE-05_3_I17,RPE-05,3,I17,sirna_274,RPE,1,images/RPE-05/Plate3,{experiment}/Plate{plate}/{well}_s{site}_w{channel}.png,images
RPE-05_3_I18,RPE-05,3,I18,sirna_405,RPE,1,images/RPE-05/Plate3,{experiment}/Plate{plate}/{well}_s{site}_w{channel}.png,images
RPE-05_3_I19,RPE-05,3,I19,sirna_206,RPE,1,images/RPE-05/Plate3,{experiment}/Plate{plate}/{well}_s{site}_w{channel}.png,images
RPE-05_3_I20,RPE-05,3,I20,sirna_1069,RPE,1,images/RPE-05/Plate3,{experiment}/Plate{plate}/{well}_s{site}_w{channel}.png,images
RPE-05_3_I21,RPE-05,3,I21,sirna_384,RPE,1,images/RPE-05/Plate3,{experiment}/Plate{plate}/{well}_s{site}_w{channel}.png,images
RPE-05_3_I22,RPE-05,3,I22,sirna_565,RPE,1,images/RPE-05/Plate3,{experiment}/Plate{plate}/{well}_s{site}_w{channel}.png,images
RPE-05_3_I23,RPE-05,3,I23,sirna_322,RPE,1,images/RPE-05/Plate3,{experiment}/Plate{plate}/{well}_s{site}_w{channel}.png,images
RPE-05_3_J02,RPE-05,3,J02,sirna_540,RPE,1,images/RPE-05/Plate3,{experiment}/Plate{plate}/{well}_s{site}_w{channel}.png,images
RPE-05_3_J04,RPE-05,3,J04,sirna_76,RPE,1,images/RPE-05/Plate3,{experiment}/Plate{plate}/{well}_s{site}_w{channel}.png,images
RPE-05_3_J05,RPE-05,3,J05,sirna_392,RPE,1,images/RPE-05/Plate3,{experiment}/Plate{plate}/{well}_s{site}_w{channel}.png,images
RPE-05_3_J06,RPE-05,3,J06,sirna_307,RPE,1,images/RPE-05/Plate3,{experiment}/Plate{plate}/{well}_s{site}_w{channel}.png,images
RPE-05_3_J08,RPE-05,3,J08,sirna_737,RPE,1,images/RPE-05/Plate3,{experiment}/Plate{plate}/{well}_s{site}_w{channel}.png,images
RPE-05_3_J09,RPE-05,3,J09,sirna_446,RPE,1,images/RPE-05/Plate3,{experiment}/Plate{plate}/{well}_s{site}_w{channel}.png,images
RPE-05_3_J10,RPE-05,3,J10,sirna_467,RPE,1,images/RPE-05/Plate3,{experiment}/Plate{plate}/{well}_s{site}_w{channel}.png,images
RPE-05_3_J12,RPE-05,3,J12,sirna_877,RPE,1,images/RPE-05/Plate3,{experiment}/Plate{plate}/{well}_s{site}_w{channel}.png,images
RPE-05_3_J13,RPE-05,3,J13,sirna_673,RPE,1,images/RPE-05/Plate3,{experiment}/Plate{plate}/{well}_s{site}_w{channel}.png,images
RPE-05_3_J14,RPE-05,3,J14,sirna_1052,RPE,1,images/RPE-05/Plate3,{experiment}/Plate{plate}/{well}_s{site}_w{channel}.png,images
RPE-05_3_J16,RPE-05,3,J16,sirna_829,RPE,1,images/RPE-05/Plate3,{experiment}/Plate{plate}/{well}_s{site}_w{channel}.png,images
RPE-05_3_J17,RPE-05,3,J17,sirna_944,RPE,1,images/RPE-05/Plate3,{experiment}/Plate{plate}/{well}_s{site}_w{channel}.png,images
RPE-05_3_J18,RPE-05,3,J18,sirna_630,RPE,1,images/RPE-05/Plate3,{experiment}/Plate{plate}/{well}_s{site}_w{channel}.png,images
RPE-05_3_J20,RPE-05,3,J20,sirna_454,RPE,1,images/RPE-05/Plate3,{experiment}/Plate{plate}/{well}_s{site}_w{channel}.png,images
RPE-05_3_J21,RPE-05,3,J21,sirna_380,RPE,1,images/RPE-05/Plate3,{experiment}/Plate{plate}/{well}_s{site}_w{channel}.png,images
RPE-05_3_J23,RPE-05,3,J23,sirna_44,RPE,1,images/RPE-05/Plate3,{experiment}/Plate{plate}/{well}_s{site}_w{channel}.png,images
RPE-05_3_K02,RPE-05,3,K02,sirna_394,RPE,1,images/RPE-05/Plate3,{experiment}/Plate{plate}/{well}_s{site}_w{channel}.png,images
RPE-05_3_K03,RPE-05,3,K03,sirna_652,RPE,1,images/RPE-05/Plate3,{experiment}/Plate{plate}/{well}_s{site}_w{channel}.png,images
RPE-05_3_K04,RPE-05,3,K04,sirna_935,RPE,1,images/RPE-05/Plate3,{experiment}/Plate{plate}/{well}_s{site}_w{channel}.png,images
RPE-05_3_K05,RPE-05,3,K05,sirna_6,RPE,1,images/RPE-05/Plate3,{experiment}/Plate{plate}/{well}_s{site}_w{channel}.png,images
RPE-05_3_K06,RPE-05,3,K06,sirna_734,RPE,1,images/RPE-05/Plate3,{experiment}/Plate{plate}/{well}_s{site}_w{channel}.png,images
RPE-05_3_K07,RPE-05,3,K07,sirna_1134,RPE,1,images/RPE-05/Plate3,{experiment}/Plate{plate}/{well}_s{site}_w{channel}.png,images
RPE-05_3_K08,RPE-05,3,K08,sirna_805,RPE,1,images/RPE-05/Plate3,{experiment}/Plate{plate}/{well}_s{site}_w{channel}.png,images
RPE-05_3_K09,RPE-05,3,K09,sirna_586,RPE,1,images/RPE-05/Plate3,{experiment}/Plate{plate}/{well}_s{site}_w{channel}.png,images
RPE-05_3_K10,RPE-05,3,K10,sirna_1070,RPE,1,images/RPE-05/Plate3,{experiment}/Plate{plate}/{well}_s{site}_w{channel}.png,images
RPE-05_3_K11,RPE-05,3,K11,sirna_570,RPE,1,images/RPE-05/Plate3,{experiment}/Plate{plate}/{well}_s{site}_w{channel}.png,images
RPE-05_3_K12,RPE-05,3,K12,sirna_461,RPE,1,images/RPE-05/Plate3,{experiment}/Plate{plate}/{well}_s{site}_w{channel}.png,images
RPE-05_3_K13,RPE-05,3,K13,sirna_1031,RPE,1,images/RPE-05/Plate3,{experiment}/Plate{plate}/{well}_s{site}_w{channel}.png,images
RPE-05_3_K14,RPE-05,3,K14,sirna_699,RPE,1,images/RPE-05/Plate3,{experiment}/Plate{plate}/{well}_s{site}_w{channel}.png,images
RPE-05_3_K15,RPE-05,3,K15,sirna_620,RPE,1,images/RPE-05/Plate3,{experiment}/Plate{plate}/{well}_s{site}_w{channel}.png,images
RPE-05_3_K16,RPE-05,3,K16,sirna_360,RPE,1,images/RPE-05/Plate3,{experiment}/Plate{plate}/{well}_s{site}_w{channel}.png,images
RPE-05_3_K17,RPE-05,3,K17,sirna_69,RPE,1,images/RPE-05/Plate3,{experiment}/Plate{plate}/{well}_s{site}_w{channel}.png,images
RPE-05_3_K18,RPE-05,3,K18,sirna_742,RPE,1,images/RPE-05/Plate3,{experiment}/Plate{plate}/{well}_s{site}_w{channel}.png,images
RPE-05_3_K19,RPE-05,3,K19,sirna_599,RPE,1,images/RPE-05/Plate3,{experiment}/Plate{plate}/{well}_s{site}_w{channel}.png,images
RPE-05_3_K20,RPE-05,3,K20,sirna_270,RPE,1,images/RPE-05/Plate3,{experiment}/Plate{plate}/{well}_s{site}_w{channel}.png,images
RPE-05_3_K21,RPE-05,3,K21,sirna_868,RPE,1,images/RPE-05/Plate3,{experiment}/Plate{plate}/{well}_s{site}_w{channel}.png,images
RPE-05_3_K22,RPE-05,3,K22,sirna_1029,RPE,1,images/RPE-05/Plate3,{experiment}/Plate{plate}/{well}_s{site}_w{channel}.png,images
RPE-05_3_K23,RPE-05,3,K23,sirna_840,RPE,1,images/RPE-05/Plate3,{experiment}/Plate{plate}/{well}_s{site}_w{channel}.png,images
RPE-05_3_L02,RPE-05,3,L02,sirna_654,RPE,1,images/RPE-05/Plate3,{experiment}/Plate{plate}/{well}_s{site}_w{channel}.png,images
RPE-05_3_L03,RPE-05,3,L03,sirna_110,RPE,1,images/RPE-05/Plate3,{experiment}/Plate{plate}/{well}_s{site}_w{channel}.png,images
RPE-05_3_L04,RPE-05,3,L04,sirna_1096,RPE,1,images/RPE-05/Plate3,{experiment}/Plate{plate}/{well}_s{site}_w{channel}.png,images
RPE-05_3_L05,RPE-05,3,L05,sirna_397,RPE,1,images/RPE-05/Plate3,{experiment}/Plate{plate}/{well}_s{site}_w{channel}.png,images
RPE-05_3_L06,RPE-05,3,L06,sirna_817,RPE,1,images/RPE-05/Plate3,{experiment}/Plate{plate}/{well}_s{site}_w{channel}.png,images
RPE-05_3_L07,RPE-05,3,L07,sirna_21,RPE,1,images/RPE-05/Plate3,{experiment}/Plate{plate}/{well}_s{site}_w{channel}.png,images
RPE-05_3_L08,RPE-05,3,L08,sirna_1042,RPE,1,images/RPE-05/Plate3,{experiment}/Plate{plate}/{well}_s{site}_w{channel}.png,images
RPE-05_3_L09,RPE-05,3,L09,sirna_812,RPE,1,images/RPE-05/Plate3,{experiment}/Plate{plate}/{well}_s{site}_w{channel}.png,images
RPE-05_3_L10,RPE-05,3,L10,sirna_660,RPE,1,images/RPE-05/Plate3,{experiment}/Plate{plate}/{well}_s{site}_w{channel}.png,images
RPE-05_3_L11,RPE-05,3,L11,sirna_190,RPE,1,images/RPE-05/Plate3,{experiment}/Plate{plate}/{well}_s{site}_w{channel}.png,images
RPE-05_3_L12,RPE-05,3,L12,sirna_603,RPE,1,images/RPE-05/Plate3,{experiment}/Plate{plate}/{well}_s{site}_w{channel}.png,images
RPE-05_3_L13,RPE-05,3,L13,sirna_377,RPE,1,images/RPE-05/Plate3,{experiment}/Plate{plate}/{well}_s{site}_w{channel}.png,images
RPE-05_3_L14,RPE-05,3,L14,sirna_50,RPE,1,images/RPE-05/Plate3,{experiment}/Plate{plate}/{well}_s{site}_w{channel}.png,images
RPE-05_3_L15,RPE-05,3,L15,sirna_506,RPE,1,images/RPE-05/Plate3,{experiment}/Plate{plate}/{well}_s{site}_w{channel}.png,images
RPE-05_3_L16,RPE-05,3,L16,sirna_1033,RPE,1,images/RPE-05/Plate3,{experiment}/Plate{plate}/{well}_s{site}_w{channel}.png,images
RPE-05_3_L17,RPE-05,3,L17,sirna_836,RPE,1,images/RPE-05/Plate3,{experiment}/Plate{plate}/{well}_s{site}_w{channel}.png,images
RPE-05_3_L18,RPE-05,3,L18,sirna_408,RPE,1,images/RPE-05/Plate3,{experiment}/Plate{plate}/{well}_s{site}_w{channel}.png,images
RPE-05_3_L19,RPE-05,3,L19,sirna_644,RPE,1,images/RPE-05/Plate3,{experiment}/Plate{plate}/{well}_s{site}_w{channel}.png,images
RPE-05_3_L20,RPE-05,3,L20,sirna_551,RPE,1,images/RPE-05/Plate3,{experiment}/Plate{plate}/{well}_s{site}_w{channel}.png,images
RPE-05_3_L21,RPE-05,3,L21,sirna_526,RPE,1,images/RPE-05/Plate3,{experiment}/Plate{plate}/{well}_s{site}_w{channel}.png,images
RPE-05_3_L22,RPE-05,3,L22,sirna_422,RPE,1,images/RPE-05/Plate3,{experiment}/Plate{plate}/{well}_s{site}_w{channel}.png,images
RPE-05_3_L23,RPE-05,3,L23,sirna_596,RPE,1,images/RPE-05/Plate3,{experiment}/Plate{plate}/{well}_s{site}_w{channel}.png,images
RPE-05_3_M02,RPE-05,3,M02,sirna_452,RPE,1,images/RPE-05/Plate3,{experiment}/Plate{plate}/{well}_s{site}_w{channel}.png,images
RPE-05_3_M04,RPE-05,3,M04,sirna_613,RPE,1,images/RPE-05/Plate3,{experiment}/Plate{plate}/{well}_s{site}_w{channel}.png,images
RPE-05_3_M05,RPE-05,3,M05,sirna_898,RPE,1,images/RPE-05/Plate3,{experiment}/Plate{plate}/{well}_s{site}_w{channel}.png,images
RPE-05_3_M06,RPE-05,3,M06,sirna_382,RPE,1,images/RPE-05/Plate3,{experiment}/Plate{plate}/{well}_s{site}_w{channel}.png,images
RPE-05_3_M08,RPE-05,3,M08,sirna_74,RPE,1,images/RPE-05/Plate3,{experiment}/Plate{plate}/{well}_s{site}_w{channel}.png,images
RPE-05_3_M09,RPE-05,3,M09,sirna_1084,RPE,1,images/RPE-05/Plate3,{experiment}/Plate{plate}/{well}_s{site}_w{channel}.png,images
RPE-05_3_M10,RPE-05,3,M10,sirna_572,RPE,1,images/RPE-05/Plate3,{experiment}/Plate{plate}/{well}_s{site}_w{channel}.png,images
RPE-05_3_M12,RPE-05,3,M12,sirna_347,RPE,1,images/RPE-05/Plate3,{experiment}/Plate{plate}/{well}_s{site}_w{channel}.png,images
RPE-05_3_M13,RPE-05,3,M13,sirna_589,RPE,1,images/RPE-05/Plate3,{experiment}/Plate{plate}/{well}_s{site}_w{channel}.png,images
RPE-05_3_M14,RPE-05,3,M14,sirna_89,RPE,1,images/RPE-05/Plate3,{experiment}/Plate{plate}/{well}_s{site}_w{channel}.png,images
RPE-05_3_M16,RPE-05,3,M16,sirna_516,RPE,1,images/RPE-05/Plate3,{experiment}/Plate{plate}/{well}_s{site}_w{channel}.png,images
RPE-05_3_M17,RPE-05,3,M17,sirna_24,RPE,1,images/RPE-05/Plate3,{experiment}/Plate{plate}/{well}_s{site}_w{channel}.png,images
RPE-05_3_M18,RPE-05,3,M18,sirna_61,RPE,1,images/RPE-05/Plate3,{experiment}/Plate{plate}/{well}_s{site}_w{channel}.png,images
RPE-05_3_M20,RPE-05,3,M20,sirna_517,RPE,1,images/RPE-05/Plate3,{experiment}/Plate{plate}/{well}_s{site}_w{channel}.png,images
RPE-05_3_M21,RPE-05,3,M21,sirna_85,RPE,1,images/RPE-05/Plate3,{experiment}/Plate{plate}/{well}_s{site}_w{channel}.png,images
RPE-05_3_M23,RPE-05,3,M23,sirna_534,RPE,1,images/RPE-05/Plate3,{experiment}/Plate{plate}/{well}_s{site}_w{channel}.png,images
RPE-05_3_N02,RPE-05,3,N02,sirna_821,RPE,1,images/RPE-05/Plate3,{experiment}/Plate{plate}/{well}_s{site}_w{channel}.png,images
RPE-05_3_N03,RPE-05,3,N03,sirna_745,RPE,1,images/RPE-05/Plate3,{experiment}/Plate{plate}/{well}_s{site}_w{channel}.png,images
RPE-05_3_N04,RPE-05,3,N04,sirna_1114,RPE,1,images/RPE-05/Plate3,{experiment}/Plate{plate}/{well}_s{site}_w{channel}.png,images
RPE-05_3_N05,RPE-05,3,N05,sirna_1095,RPE,1,images/RPE-05/Plate3,{experiment}/Plate{plate}/{well}_s{site}_w{channel}.png,images
RPE-05_3_N06,RPE-05,3,N06,sirna_5,RPE,1,images/RPE-05/Plate3,{experiment}/Plate{plate}/{well}_s{site}_w{channel}.png,images
RPE-05_3_N07,RPE-05,3,N07,sirna_1068,RPE,1,images/RPE-05/Plate3,{experiment}/Plate{plate}/{well}_s{site}_w{channel}.png,images
RPE-05_3_N08,RPE-05,3,N08,sirna_159,RPE,1,images/RPE-05/Plate3,{experiment}/Plate{plate}/{well}_s{site}_w{channel}.png,images
RPE-05_3_N09,RPE-05,3,N09,sirna_1038,RPE,1,images/RPE-05/Plate3,{experiment}/Plate{plate}/{well}_s{site}_w{channel}.png,images
RPE-05_3_N10,RPE-05,3,N10,sirna_994,RPE,1,images/RPE-05/Plate3,{experiment}/Plate{plate}/{well}_s{site}_w{channel}.png,images
RPE-05_3_N11,RPE-05,3,N11,sirna_639,RPE,1,images/RPE-05/Plate3,{experiment}/Plate{plate}/{well}_s{site}_w{channel}.png,images
RPE-05_3_N12,RPE-05,3,N12,sirna_1079,RPE,1,images/RPE-05/Plate3,{experiment}/Plate{plate}/{well}_s{site}_w{channel}.png,images
RPE-05_3_N13,RPE-05,3,N13,sirna_518,RPE,1,images/RPE-05/Plate3,{experiment}/Plate{plate}/{well}_s{site}_w{channel}.png,images
RPE-05_3_N14,RPE-05,3,N14,sirna_853,RPE,1,images/RPE-05/Plate3,{experiment}/Plate{plate}/{well}_s{site}_w{channel}.png,images
RPE-05_3_N15,RPE-05,3,N15,sirna_401,RPE,1,images/RPE-05/Plate3,{experiment}/Plate{plate}/{well}_s{site}_w{channel}.png,images
RPE-05_3_N16,RPE-05,3,N16,sirna_689,RPE,1,images/RPE-05/Plate3,{experiment}/Plate{plate}/{well}_s{site}_w{channel}.png,images
RPE-05_3_N17,RPE-05,3,N17,sirna_616,RPE,1,images/RPE-05/Plate3,{experiment}/Plate{plate}/{well}_s{site}_w{channel}.png,images
RPE-05_3_N18,RPE-05,3,N18,sirna_1022,RPE,1,images/RPE-05/Plate3,{experiment}/Plate{plate}/{well}_s{site}_w{channel}.png,images
RPE-05_3_N19,RPE-05,3,N19,sirna_20,RPE,1,images/RPE-05/Plate3,{experiment}/Plate{plate}/{well}_s{site}_w{channel}.png,images
RPE-05_3_N20,RPE-05,3,N20,sirna_962,RPE,1,images/RPE-05/Plate3,{experiment}/Plate{plate}/{well}_s{site}_w{channel}.png,images
RPE-05_3_N21,RPE-05,3,N21,sirna_947,RPE,1,images/RPE-05/Plate3,{experiment}/Plate{plate}/{well}_s{site}_w{channel}.png,images
RPE-05_3_N22,RPE-05,3,N22,sirna_314,RPE,1,images/RPE-05/Plate3,{experiment}/Plate{plate}/{well}_s{site}_w{channel}.png,images
RPE-05_3_N23,RPE-05,3,N23,sirna_801,RPE,1,images/RPE-05/Plate3,{experiment}/Plate{plate}/{well}_s{site}_w{channel}.png,images
RPE-05_3_O02,RPE-05,3,O02,sirna_617,RPE,1,images/RPE-05/Plate3,{experiment}/Plate{plate}/{well}_s{site}_w{channel}.png,images
RPE-05_3_O03,RPE-05,3,O03,sirna_146,RPE,1,images/RPE-05/Plate3,{experiment}/Plate{plate}/{well}_s{site}_w{channel}.png,images
RPE-05_3_O04,RPE-05,3,O04,sirna_458,RPE,1,images/RPE-05/Plate3,{experiment}/Plate{plate}/{well}_s{site}_w{channel}.png,images
RPE-05_3_O05,RPE-05,3,O05,sirna_747,RPE,1,images/RPE-05/Plate3,{experiment}/Plate{plate}/{well}_s{site}_w{channel}.png,images
RPE-05_3_O06,RPE-05,3,O06,sirna_923,RPE,1,images/RPE-05/Plate3,{experiment}/Plate{plate}/{well}_s{site}_w{channel}.png,images
RPE-05_3_O07,RPE-05,3,O07,sirna_369,RPE,1,images/RPE-05/Plate3,{experiment}/Plate{plate}/{well}_s{site}_w{channel}.png,images
RPE-05_3_O08,RPE-05,3,O08,sirna_685,RPE,1,images/RPE-05/Plate3,{experiment}/Plate{plate}/{well}_s{site}_w{channel}.png,images
RPE-05_3_O09,RPE-05,3,O09,sirna_459,RPE,1,images/RPE-05/Plate3,{experiment}/Plate{plate}/{well}_s{site}_w{channel}.png,images
RPE-05_3_O10,RPE-05,3,O10,sirna_389,RPE,1,images/RPE-05/Plate3,{experiment}/Plate{plate}/{well}_s{site}_w{channel}.png,images
RPE-05_3_O11,RPE-05,3,O11,sirna_580,RPE,1,images/RPE-05/Plate3,{experiment}/Plate{plate}/{well}_s{site}_w{channel}.png,images
RPE-05_3_O12,RPE-05,3,O12,sirna_636,RPE,1,images/RPE-05/Plate3,{experiment}/Plate{plate}/{well}_s{site}_w{channel}.png,images
RPE-05_3_O13,RPE-05,3,O13,sirna_315,RPE,1,images/RPE-05/Plate3,{experiment}/Plate{plate}/{well}_s{site}_w{channel}.png,images
RPE-05_3_O14,RPE-05,3,O14,sirna_827,RPE,1,images/RPE-05/Plate3,{experiment}/Plate{plate}/{well}_s{site}_w{channel}.png,images
RPE-05_3_O15,RPE-05,3,O15,sirna_786,RPE,1,images/RPE-05/Plate3,{experiment}/Plate{plate}/{well}_s{site}_w{channel}.png,images
RPE-05_3_O16,RPE-05,3,O16,sirna_16,RPE,1,images/RPE-05/Plate3,{experiment}/Plate{plate}/{well}_s{site}_w{channel}.png,images
RPE-05_3_O17,RPE-05,3,O17,sirna_806,RPE,1,images/RPE-05/Plate3,{experiment}/Plate{plate}/{well}_s{site}_w{channel}.png,images
RPE-05_3_O18,RPE-05,3,O18,sirna_301,RPE,1,images/RPE-05/Plate3,{experiment}/Plate{plate}/{well}_s{site}_w{channel}.png,images
RPE-05_3_O19,RPE-05,3,O19,sirna_612,RPE,1,images/RPE-05/Plate3,{experiment}/Plate{plate}/{well}_s{site}_w{channel}.png,images
RPE-05_3_O20,RPE-05,3,O20,sirna_423,RPE,1,images/RPE-05/Plate3,{experiment}/Plate{plate}/{well}_s{site}_w{channel}.png,images
RPE-05_3_O21,RPE-05,3,O21,sirna_958,RPE,1,images/RPE-05/Plate3,{experiment}/Plate{plate}/{well}_s{site}_w{channel}.png,images
RPE-05_3_O22,RPE-05,3,O22,sirna_1075,RPE,1,images/RPE-05/Plate3,{experiment}/Plate{plate}/{well}_s{site}_w{channel}.png,images
RPE-05_3_O23,RPE-05,3,O23,sirna_391,RPE,1,images/RPE-05/Plate3,{experiment}/Plate{plate}/{well}_s{site}_w{channel}.png,images
RPE-05_4_B03,RPE-05,4,B03,sirna_330,RPE,1,images/RPE-05/Plate4,{experiment}/Plate{plate}/{well}_s{site}_w{channel}.png,images
RPE-05_4_B04,RPE-05,4,B04,sirna_168,RPE,1,images/RPE-05/Plate4,{experiment}/Plate{plate}/{well}_s{site}_w{channel}.png,images
RPE-05_4_B05,RPE-05,4,B05,sirna_582,RPE,1,images/RPE-05/Plate4,{experiment}/Plate{plate}/{well}_s{site}_w{channel}.png,images
RPE-05_4_B06,RPE-05,4,B06,sirna_477,RPE,1,images/RPE-05/Plate4,{experiment}/Plate{plate}/{well}_s{site}_w{channel}.png,images
RPE-05_4_B07,RPE-05,4,B07,sirna_472,RPE,1,images/RPE-05/Plate4,{experiment}/Plate{plate}/{well}_s{site}_w{channel}.png,images
RPE-05_4_B08,RPE-05,4,B08,sirna_791,RPE,1,images/RPE-05/Plate4,{experiment}/Plate{plate}/{well}_s{site}_w{channel}.png,images
RPE-05_4_B09,RPE-05,4,B09,sirna_470,RPE,1,images/RPE-05/Plate4,{experiment}/Plate{plate}/{well}_s{site}_w{channel}.png,images
RPE-05_4_B10,RPE-05,4,B10,sirna_731,RPE,1,images/RPE-05/Plate4,{experiment}/Plate{plate}/{well}_s{site}_w{channel}.png,images
RPE-05_4_B11,RPE-05,4,B11,sirna_592,RPE,1,images/RPE-05/Plate4,{experiment}/Plate{plate}/{well}_s{site}_w{channel}.png,images
RPE-05_4_B12,RPE-05,4,B12,sirna_794,RPE,1,images/RPE-05/Plate4,{experiment}/Plate{plate}/{well}_s{site}_w{channel}.png,images
RPE-05_4_B13,RPE-05,4,B13,sirna_313,RPE,1,images/RPE-05/Plate4,{experiment}/Plate{plate}/{well}_s{site}_w{channel}.png,images
RPE-05_4_B14,RPE-05,4,B14,sirna_421,RPE,1,images/RPE-05/Plate4,{experiment}/Plate{plate}/{well}_s{site}_w{channel}.png,images
RPE-05_4_B15,RPE-05,4,B15,sirna_407,RPE,1,images/RPE-05/Plate4,{experiment}/Plate{plate}/{well}_s{site}_w{channel}.png,images
RPE-05_4_B16,RPE-05,4,B16,sirna_207,RPE,1,images/RPE-05/Plate4,{experiment}/Plate{plate}/{well}_s{site}_w{channel}.png,images
RPE-05_4_B17,RPE-05,4,B17,sirna_19,RPE,1,images/RPE-05/Plate4,{experiment}/Plate{plate}/{well}_s{site}_w{channel}.png,images
RPE-05_4_B18,RPE-05,4,B18,sirna_604,RPE,1,images/RPE-05/Plate4,{experiment}/Plate{plate}/{well}_s{site}_w{channel}.png,images
RPE-05_4_B19,RPE-05,4,B19,sirna_141,RPE,1,images/RPE-05/Plate4,{experiment}/Plate{plate}/{well}_s{site}_w{channel}.png,images
RPE-05_4_B20,RPE-05,4,B20,sirna_433,RPE,1,images/RPE-05/Plate4,{experiment}/Plate{plate}/{well}_s{site}_w{channel}.png,images
RPE-05_4_B21,RPE-05,4,B21,sirna_897,RPE,1,images/RPE-05/Plate4,{experiment}/Plate{plate}/{well}_s{site}_w{channel}.png,images
RPE-05_4_B22,RPE-05,4,B22,sirna_329,RPE,1,images/RPE-05/Plate4,{experiment}/Plate{plate}/{well}_s{site}_w{channel}.png,images
RPE-05_4_B23,RPE-05,4,B23,sirna_1018,RPE,1,images/RPE-05/Plate4,{experiment}/Plate{plate}/{well}_s{site}_w{channel}.png,images
RPE-05_4_C02,RPE-05,4,C02,sirna_1006,RPE,1,images/RPE-05/Plate4,{experiment}/Plate{plate}/{well}_s{site}_w{channel}.png,images
RPE-05_4_C04,RPE-05,4,C04,sirna_460,RPE,1,images/RPE-05/Plate4,{experiment}/Plate{plate}/{well}_s{site}_w{channel}.png,images
RPE-05_4_C05,RPE-05,4,C05,sirna_1077,RPE,1,images/RPE-05/Plate4,{experiment}/Plate{plate}/{well}_s{site}_w{channel}.png,images
RPE-05_4_C06,RPE-05,4,C06,sirna_696,RPE,1,images/RPE-05/Plate4,{experiment}/Plate{plate}/{well}_s{site}_w{channel}.png,images
RPE-05_4_C08,RPE-05,4,C08,sirna_152,RPE,1,images/RPE-05/Plate4,{experiment}/Plate{plate}/{well}_s{site}_w{channel}.png,images
RPE-05_4_C09,RPE-05,4,C09,sirna_1107,RPE,1,images/RPE-05/Plate4,{experiment}/Plate{plate}/{well}_s{site}_w{channel}.png,images
RPE-05_4_C10,RPE-05,4,C10,sirna_316,RPE,1,images/RPE-05/Plate4,{experiment}/Plate{plate}/{well}_s{site}_w{channel}.png,images
RPE-05_4_C12,RPE-05,4,C12,sirna_571,RPE,1,images/RPE-05/Plate4,{experiment}/Plate{plate}/{well}_s{site}_w{channel}.png,images
RPE-05_4_C13,RPE-05,4,C13,sirna_166,RPE,1,images/RPE-05/Plate4,{experiment}/Plate{plate}/{well}_s{site}_w{channel}.png,images
RPE-05_4_C14,RPE-05,4,C14,sirna_1099,RPE,1,images/RPE-05/Plate4,{experiment}/Plate{plate}/{well}_s{site}_w{channel}.png,images
RPE-05_4_C16,RPE-05,4,C16,sirna_564,RPE,1,images/RPE-05/Plate4,{experiment}/Plate{plate}/{well}_s{site}_w{channel}.png,images
RPE-05_4_C17,RPE-05,4,C17,sirna_633,RPE,1,images/RPE-05/Plate4,{experiment}/Plate{plate}/{well}_s{site}_w{channel}.png,images
RPE-05_4_C18,RPE-05,4,C18,sirna_441,RPE,1,images/RPE-05/Plate4,{experiment}/Plate{plate}/{well}_s{site}_w{channel}.png,images
RPE-05_4_C20,RPE-05,4,C20,sirna_1063,RPE,1,images/RPE-05/Plate4,{experiment}/Plate{plate}/{well}_s{site}_w{channel}.png,images
RPE-05_4_C21,RPE-05,4,C21,sirna_162,RPE,1,images/RPE-05/Plate4,{experiment}/Plate{plate}/{well}_s{site}_w{channel}.png,images
RPE-05_4_C23,RPE-05,4,C23,sirna_81,RPE,1,images/RPE-05/Plate4,{experiment}/Plate{plate}/{well}_s{site}_w{channel}.png,images
RPE-05_4_D02,RPE-05,4,D02,sirna_761,RPE,1,images/RPE-05/Plate4,{experiment}/Plate{plate}/{well}_s{site}_w{channel}.png,images
RPE-05_4_D03,RPE-05,4,D03,sirna_509,RPE,1,images/RPE-05/Plate4,{experiment}/Plate{plate}/{well}_s{site}_w{channel}.png,images
RPE-05_4_D04,RPE-05,4,D04,sirna_901,RPE,1,images/RPE-05/Plate4,{experiment}/Plate{plate}/{well}_s{site}_w{channel}.png,images
RPE-05_4_D05,RPE-05,4,D05,sirna_965,RPE,1,images/RPE-05/Plate4,{experiment}/Plate{plate}/{well}_s{site}_w{channel}.png,images
RPE-05_4_D06,RPE-05,4,D06,sirna_178,RPE,1,images/RPE-05/Plate4,{experiment}/Plate{plate}/{well}_s{site}_w{channel}.png,images
RPE-05_4_D07,RPE-05,4,D07,sirna_227,RPE,1,images/RPE-05/Plate4,{experiment}/Plate{plate}/{well}_s{site}_w{channel}.png,images
RPE-05_4_D08,RPE-05,4,D08,sirna_984,RPE,1,images/RPE-05/Plate4,{experiment}/Plate{plate}/{well}_s{site}_w{channel}.png,images
RPE-05_4_D09,RPE-05,4,D09,sirna_525,RPE,1,images/RPE-05/Plate4,{experiment}/Plate{plate}/{well}_s{site}_w{channel}.png,images
RPE-05_4_D10,RPE-05,4,D10,sirna_832,RPE,1,images/RPE-05/Plate4,{experiment}/Plate{plate}/{well}_s{site}_w{channel}.png,images
RPE-05_4_D11,RPE-05,4,D11,sirna_1060,RPE,1,images/RPE-05/Plate4,{experiment}/Plate{plate}/{well}_s{site}_w{channel}.png,images
RPE-05_4_D12,RPE-05,4,D12,sirna_1103,RPE,1,images/RPE-05/Plate4,{experiment}/Plate{plate}/{well}_s{site}_w{channel}.png,images
RPE-05_4_D13,RPE-05,4,D13,sirna_171,RPE,1,images/RPE-05/Plate4,{experiment}/Plate{plate}/{well}_s{site}_w{channel}.png,images
RPE-05_4_D14,RPE-05,4,D14,sirna_563,RPE,1,images/RPE-05/Plate4,{experiment}/Plate{plate}/{well}_s{site}_w{channel}.png,images
RPE-05_4_D15,RPE-05,4,D15,sirna_1023,RPE,1,images/RPE-05/Plate4,{experiment}/Plate{plate}/{well}_s{site}_w{channel}.png,images
RPE-05_4_D16,RPE-05,4,D16,sirna_632,RPE,1,images/RPE-05/Plate4,{experiment}/Plate{plate}/{well}_s{site}_w{channel}.png,images
RPE-05_4_D17,RPE-05,4,D17,sirna_807,RPE,1,images/RPE-05/Plate4,{experiment}/Plate{plate}/{well}_s{site}_w{channel}.png,images
RPE-05_4_D18,RPE-05,4,D18,sirna_950,RPE,1,images/RPE-05/Plate4,{experiment}/Plate{plate}/{well}_s{site}_w{channel}.png,images
RPE-05_4_D19,RPE-05,4,D19,sirna_826,RPE,1,images/RPE-05/Plate4,{experiment}/Plate{plate}/{well}_s{site}_w{channel}.png,images
RPE-05_4_D20,RPE-05,4,D20,sirna_764,RPE,1,images/RPE-05/Plate4,{experiment}/Plate{plate}/{well}_s{site}_w{channel}.png,images
RPE-05_4_D21,RPE-05,4,D21,sirna_891,RPE,1,images/RPE-05/Plate4,{experiment}/Plate{plate}/{well}_s{site}_w{channel}.png,images
RPE-05_4_D22,RPE-05,4,D22,sirna_83,RPE,1,images/RPE-05/Plate4,{experiment}/Plate{plate}/{well}_s{site}_w{channel}.png,images
RPE-05_4_D23,RPE-05,4,D23,sirna_808,RPE,1,images/RPE-05/Plate4,{experiment}/Plate{plate}/{well}_s{site}_w{channel}.png,images
RPE-05_4_E02,RPE-05,4,E02,sirna_1057,RPE,1,images/RPE-05/Plate4,{experiment}/Plate{plate}/{well}_s{site}_w{channel}.png,images
RPE-05_4_E03,RPE-05,4,E03,sirna_513,RPE,1,images/RPE-05/Plate4,{experiment}/Plate{plate}/{well}_s{site}_w{channel}.png,images
RPE-05_4_E04,RPE-05,4,E04,sirna_677,RPE,1,images/RPE-05/Plate4,{experiment}/Plate{plate}/{well}_s{site}_w{channel}.png,images
RPE-05_4_E05,RPE-05,4,E05,sirna_194,RPE,1,images/RPE-05/Plate4,{experiment}/Plate{plate}/{well}_s{site}_w{channel}.png,images
RPE-05_4_E06,RPE-05,4,E06,sirna_260,RPE,1,images/RPE-05/Plate4,{experiment}/Plate{plate}/{well}_s{site}_w{channel}.png,images
RPE-05_4_E07,RPE-05,4,E07,sirna_167,RPE,1,images/RPE-05/Plate4,{experiment}/Plate{plate}/{well}_s{site}_w{channel}.png,images
RPE-05_4_E08,RPE-05,4,E08,sirna_294,RPE,1,images/RPE-05/Plate4,{experiment}/Plate{plate}/{well}_s{site}_w{channel}.png,images
RPE-05_4_E09,RPE-05,4,E09,sirna_353,RPE,1,images/RPE-05/Plate4,{experiment}/Plate{plate}/{well}_s{site}_w{channel}.png,images
RPE-05_4_E10,RPE-05,4,E10,sirna_936,RPE,1,images/RPE-05/Plate4,{experiment}/Plate{plate}/{well}_s{site}_w{channel}.png,images
RPE-05_4_E11,RPE-05,4,E11,sirna_288,RPE,1,images/RPE-05/Plate4,{experiment}/Plate{plate}/{well}_s{site}_w{channel}.png,images
RPE-05_4_E12,RPE-05,4,E12,sirna_687,RPE,1,images/RPE-05/Plate4,{experiment}/Plate{plate}/{well}_s{site}_w{channel}.png,images
RPE-05_4_E13,RPE-05,4,E13,sirna_211,RPE,1,images/RPE-05/Plate4,{experiment}/Plate{plate}/{well}_s{site}_w{channel}.png,images
RPE-05_4_E14,RPE-05,4,E14,sirna_797,RPE,1,images/RPE-05/Plate4,{experiment}/Plate{plate}/{well}_s{site}_w{channel}.png,images
RPE-05_4_E15,RPE-05,4,E15,sirna_236,RPE,1,images/RPE-05/Plate4,{experiment}/Plate{plate}/{well}_s{site}_w{channel}.png,images
RPE-05_4_E16,RPE-05,4,E16,sirna_143,RPE,1,images/RPE-05/Plate4,{experiment}/Plate{plate}/{well}_s{site}_w{channel}.png,images
RPE-05_4_E17,RPE-05,4,E17,sirna_1024,RPE,1,images/RPE-05/Plate4,{experiment}/Plate{plate}/{well}_s{site}_w{channel}.png,images
RPE-05_4_E18,RPE-05,4,E18,sirna_926,RPE,1,images/RPE-05/Plate4,{experiment}/Plate{plate}/{well}_s{site}_w{channel}.png,images
RPE-05_4_E19,RPE-05,4,E19,sirna_387,RPE,1,images/RPE-05/Plate4,{experiment}/Plate{plate}/{well}_s{site}_w{channel}.png,images
RPE-05_4_E20,RPE-05,4,E20,sirna_722,RPE,1,images/RPE-05/Plate4,{experiment}/Plate{plate}/{well}_s{site}_w{channel}.png,images
RPE-05_4_E21,RPE-05,4,E21,sirna_1000,RPE,1,images/RPE-05/Plate4,{experiment}/Plate{plate}/{well}_s{site}_w{channel}.png,images
RPE-05_4_E22,RPE-05,4,E22,sirna_127,RPE,1,images/RPE-05/Plate4,{experiment}/Plate{plate}/{well}_s{site}_w{channel}.png,images
RPE-05_4_E23,RPE-05,4,E23,sirna_889,RPE,1,images/RPE-05/Plate4,{experiment}/Plate{plate}/{well}_s{site}_w{channel}.png,images
RPE-05_4_F02,RPE-05,4,F02,sirna_135,RPE,1,images/RPE-05/Plate4,{experiment}/Plate{plate}/{well}_s{site}_w{channel}.png,images
RPE-05_4_F04,RPE-05,4,F04,sirna_557,RPE,1,images/RPE-05/Plate4,{experiment}/Plate{plate}/{well}_s{site}_w{channel}.png,images
RPE-05_4_F05,RPE-05,4,F05,sirna_175,RPE,1,images/RPE-05/Plate4,{experiment}/Plate{plate}/{well}_s{site}_w{channel}.png,images
RPE-05_4_F06,RPE-05,4,F06,sirna_713,RPE,1,images/RPE-05/Plate4,{experiment}/Plate{plate}/{well}_s{site}_w{channel}.png,images
RPE-05_4_F08,RPE-05,4,F08,sirna_511,RPE,1,images/RPE-05/Plate4,{experiment}/Plate{plate}/{well}_s{site}_w{channel}.png,images
RPE-05_4_F09,RPE-05,4,F09,sirna_882,RPE,1,images/RPE-05/Plate4,{experiment}/Plate{plate}/{well}_s{site}_w{channel}.png,images
RPE-05_4_F10,RPE-05,4,F10,sirna_991,RPE,1,images/RPE-05/Plate4,{experiment}/Plate{plate}/{well}_s{site}_w{channel}.png,images
RPE-05_4_F12,RPE-05,4,F12,sirna_869,RPE,1,images/RPE-05/Plate4,{experiment}/Plate{plate}/{well}_s{site}_w{channel}.png,images
RPE-05_4_F13,RPE-05,4,F13,sirna_489,RPE,1,images/RPE-05/Plate4,{experiment}/Plate{plate}/{well}_s{site}_w{channel}.png,images
RPE-05_4_F14,RPE-05,4,F14,sirna_271,RPE,1,images/RPE-05/Plate4,{experiment}/Plate{plate}/{well}_s{site}_w{channel}.png,images
RPE-05_4_F16,RPE-05,4,F16,sirna_549,RPE,1,images/RPE-05/Plate4,{experiment}/Plate{plate}/{well}_s{site}_w{channel}.png,images
RPE-05_4_F17,RPE-05,4,F17,sirna_614,RPE,1,images/RPE-05/Plate4,{experiment}/Plate{plate}/{well}_s{site}_w{channel}.png,images
RPE-05_4_F18,RPE-05,4,F18,sirna_879,RPE,1,images/RPE-05/Plate4,{experiment}/Plate{plate}/{well}_s{site}_w{channel}.png,images
RPE-05_4_F20,RPE-05,4,F20,sirna_960,RPE,1,images/RPE-05/Plate4,{experiment}/Plate{plate}/{well}_s{site}_w{channel}.png,images
RPE-05_4_F21,RPE-05,4,F21,sirna_1015,RPE,1,images/RPE-05/Plate4,{experiment}/Plate{plate}/{well}_s{site}_w{channel}.png,images
RPE-05_4_F23,RPE-05,4,F23,sirna_332,RPE,1,images/RPE-05/Plate4,{experiment}/Plate{plate}/{well}_s{site}_w{channel}.png,images
RPE-05_4_G02,RPE-05,4,G02,sirna_116,RPE,1,images/RPE-05/Plate4,{experiment}/Plate{plate}/{well}_s{site}_w{channel}.png,images
RPE-05_4_G03,RPE-05,4,G03,sirna_386,RPE,1,images/RPE-05/Plate4,{experiment}/Plate{plate}/{well}_s{site}_w{channel}.png,images
RPE-05_4_G04,RPE-05,4,G04,sirna_762,RPE,1,images/RPE-05/Plate4,{experiment}/Plate{plate}/{well}_s{site}_w{channel}.png,images
RPE-05_4_G05,RPE-05,4,G05,sirna_283,RPE,1,images/RPE-05/Plate4,{experiment}/Plate{plate}/{well}_s{site}_w{channel}.png,images
RPE-05_4_G06,RPE-05,4,G06,sirna_885,RPE,1,images/RPE-05/Plate4,{experiment}/Plate{plate}/{well}_s{site}_w{channel}.png,images
RPE-05_4_G07,RPE-05,4,G07,sirna_258,RPE,1,images/RPE-05/Plate4,{experiment}/Plate{plate}/{well}_s{site}_w{channel}.png,images
RPE-05_4_G08,RPE-05,4,G08,sirna_975,RPE,1,images/RPE-05/Plate4,{experiment}/Plate{plate}/{well}_s{site}_w{channel}.png,images
RPE-05_4_G09,RPE-05,4,G09,sirna_1007,RPE,1,images/RPE-05/Plate4,{experiment}/Plate{plate}/{well}_s{site}_w{channel}.png,images
RPE-05_4_G10,RPE-05,4,G10,sirna_1122,RPE,1,images/RPE-05/Plate4,{experiment}/Plate{plate}/{well}_s{site}_w{channel}.png,images
RPE-05_4_G11,RPE-05,4,G11,sirna_36,RPE,1,images/RPE-05/Plate4,{experiment}/Plate{plate}/{well}_s{site}_w{channel}.png,images
RPE-05_4_G12,RPE-05,4,G12,sirna_675,RPE,1,images/RPE-05/Plate4,{experiment}/Plate{plate}/{well}_s{site}_w{channel}.png,images
RPE-05_4_G13,RPE-05,4,G13,sirna_566,RPE,1,images/RPE-05/Plate4,{experiment}/Plate{plate}/{well}_s{site}_w{channel}.png,images
RPE-05_4_G14,RPE-05,4,G14,sirna_420,RPE,1,images/RPE-05/Plate4,{experiment}/Plate{plate}/{well}_s{site}_w{channel}.png,images
RPE-05_4_G15,RPE-05,4,G15,sirna_388,RPE,1,images/RPE-05/Plate4,{experiment}/Plate{plate}/{well}_s{site}_w{channel}.png,images
RPE-05_4_G16,RPE-05,4,G16,sirna_121,RPE,1,images/RPE-05/Plate4,{experiment}/Plate{plate}/{well}_s{site}_w{channel}.png,images
RPE-05_4_G17,RPE-05,4,G17,sirna_398,RPE,1,images/RPE-05/Plate4,{experiment}/Plate{plate}/{well}_s{site}_w{channel}.png,images
RPE-05_4_G18,RPE-05,4,G18,sirna_541,RPE,1,images/RPE-05/Plate4,{experiment}/Plate{plate}/{well}_s{site}_w{channel}.png,images
RPE-05_4_G19,RPE-05,4,G19,sirna_290,RPE,1,images/RPE-05/Plate4,{experiment}/Plate{plate}/{well}_s{site}_w{channel}.png,images
RPE-05_4_G20,RPE-05,4,G20,sirna_956,RPE,1,images/RPE-05/Plate4,{experiment}/Plate{plate}/{well}_s{site}_w{channel}.png,images
RPE-05_4_G21,RPE-05,4,G21,sirna_1072,RPE,1,images/RPE-05/Plate4,{experiment}/Plate{plate}/{well}_s{site}_w{channel}.png,images
RPE-05_4_G22,RPE-05,4,G22,sirna_980,RPE,1,images/RPE-05/Plate4,{experiment}/Plate{plate}/{well}_s{site}_w{channel}.png,images
RPE-05_4_G23,RPE-05,4,G23,sirna_738,RPE,1,images/RPE-05/Plate4,{experiment}/Plate{plate}/{well}_s{site}_w{channel}.png,images
RPE-05_4_H02,RPE-05,4,H02,sirna_287,RPE,1,images/RPE-05/Plate4,{experiment}/Plate{plate}/{well}_s{site}_w{channel}.png,images
RPE-05_4_H04,RPE-05,4,H04,sirna_505,RPE,1,images/RPE-05/Plate4,{experiment}/Plate{plate}/{well}_s{site}_w{channel}.png,images
RPE-05_4_H05,RPE-05,4,H05,sirna_833,RPE,1,images/RPE-05/Plate4,{experiment}/Plate{plate}/{well}_s{site}_w{channel}.png,images
RPE-05_4_H06,RPE-05,4,H06,sirna_12,RPE,1,images/RPE-05/Plate4,{experiment}/Plate{plate}/{well}_s{site}_w{channel}.png,images
RPE-05_4_H08,RPE-05,4,H08,sirna_768,RPE,1,images/RPE-05/Plate4,{experiment}/Plate{plate}/{well}_s{site}_w{channel}.png,images
RPE-05_4_H09,RPE-05,4,H09,sirna_1026,RPE,1,images/RPE-05/Plate4,{experiment}/Plate{plate}/{well}_s{site}_w{channel}.png,images
RPE-05_4_H10,RPE-05,4,H10,sirna_120,RPE,1,images/RPE-05/Plate4,{experiment}/Plate{plate}/{well}_s{site}_w{channel}.png,images
RPE-05_4_H12,RPE-05,4,H12,sirna_1058,RPE,1,images/RPE-05/Plate4,{experiment}/Plate{plate}/{well}_s{site}_w{channel}.png,images
RPE-05_4_H13,RPE-05,4,H13,sirna_101,RPE,1,images/RPE-05/Plate4,{experiment}/Plate{plate}/{well}_s{site}_w{channel}.png,images
RPE-05_4_H14,RPE-05,4,H14,sirna_31,RPE,1,images/RPE-05/Plate4,{experiment}/Plate{plate}/{well}_s{site}_w{channel}.png,images
RPE-05_4_H16,RPE-05,4,H16,sirna_1086,RPE,1,images/RPE-05/Plate4,{experiment}/Plate{plate}/{well}_s{site}_w{channel}.png,images
RPE-05_4_H17,RPE-05,4,H17,sirna_775,RPE,1,images/RPE-05/Plate4,{experiment}/Plate{plate}/{well}_s{site}_w{channel}.png,images
RPE-05_4_H18,RPE-05,4,H18,sirna_982,RPE,1,images/RPE-05/Plate4,{experiment}/Plate{plate}/{well}_s{site}_w{channel}.png,images
RPE-05_4_H20,RPE-05,4,H20,sirna_396,RPE,1,images/RPE-05/Plate4,{experiment}/Plate{plate}/{well}_s{site}_w{channel}.png,images
RPE-05_4_H21,RPE-05,4,H21,sirna_732,RPE,1,images/RPE-05/Plate4,{experiment}/Plate{plate}/{well}_s{site}_w{channel}.png,images
RPE-05_4_H23,RPE-05,4,H23,sirna_94,RPE,1,images/RPE-05/Plate4,{experiment}/Plate{plate}/{well}_s{site}_w{channel}.png,images
RPE-05_4_I02,RPE-05,4,I02,sirna_248,RPE,1,images/RPE-05/Plate4,{experiment}/Plate{plate}/{well}_s{site}_w{channel}.png,images
RPE-05_4_I03,RPE-05,4,I03,sirna_896,RPE,1,images/RPE-05/Plate4,{experiment}/Plate{plate}/{well}_s{site}_w{channel}.png,images
RPE-05_4_I04,RPE-05,4,I04,sirna_205,RPE,1,images/RPE-05/Plate4,{experiment}/Plate{plate}/{well}_s{site}_w{channel}.png,images
RPE-05_4_I05,RPE-05,4,I05,sirna_933,RPE,1,images/RPE-05/Plate4,{experiment}/Plate{plate}/{well}_s{site}_w{channel}.png,images
RPE-05_4_I06,RPE-05,4,I06,sirna_1074,RPE,1,images/RPE-05/Plate4,{experiment}/Plate{plate}/{well}_s{site}_w{channel}.png,images
RPE-05_4_I07,RPE-05,4,I07,sirna_798,RPE,1,images/RPE-05/Plate4,{experiment}/Plate{plate}/{well}_s{site}_w{channel}.png,images
RPE-05_4_I08,RPE-05,4,I08,sirna_1110,RPE,1,images/RPE-05/Plate4,{experiment}/Plate{plate}/{well}_s{site}_w{channel}.png,images
RPE-05_4_I09,RPE-05,4,I09,sirna_379,RPE,1,images/RPE-05/Plate4,{experiment}/Plate{plate}/{well}_s{site}_w{channel}.png,images
RPE-05_4_I10,RPE-05,4,I10,sirna_363,RPE,1,images/RPE-05/Plate4,{experiment}/Plate{plate}/{well}_s{site}_w{channel}.png,images
RPE-05_4_I11,RPE-05,4,I11,sirna_686,RPE,1,images/RPE-05/Plate4,{experiment}/Plate{plate}/{well}_s{site}_w{channel}.png,images
RPE-05_4_I12,RPE-05,4,I12,sirna_532,RPE,1,images/RPE-05/Plate4,{experiment}/Plate{plate}/{well}_s{site}_w{channel}.png,images
RPE-05_4_I13,RPE-05,4,I13,sirna_114,RPE,1,images/RPE-05/Plate4,{experiment}/Plate{plate}/{well}_s{site}_w{channel}.png,images
RPE-05_4_I14,RPE-05,4,I14,sirna_629,RPE,1,images/RPE-05/Plate4,{experiment}/Plate{plate}/{well}_s{site}_w{channel}.png,images
RPE-05_4_I15,RPE-05,4,I15,sirna_352,RPE,1,images/RPE-05/Plate4,{experiment}/Plate{plate}/{well}_s{site}_w{channel}.png,images
RPE-05_4_I16,RPE-05,4,I16,sirna_137,RPE,1,images/RPE-05/Plate4,{experiment}/Plate{plate}/{well}_s{site}_w{channel}.png,images
RPE-05_4_I17,RPE-05,4,I17,sirna_373,RPE,1,images/RPE-05/Plate4,{experiment}/Plate{plate}/{well}_s{site}_w{channel}.png,images
RPE-05_4_I18,RPE-05,4,I18,sirna_925,RPE,1,images/RPE-05/Plate4,{experiment}/Plate{plate}/{well}_s{site}_w{channel}.png,images
RPE-05_4_I19,RPE-05,4,I19,sirna_583,RPE,1,images/RPE-05/Plate4,{experiment}/Plate{plate}/{well}_s{site}_w{channel}.png,images
RPE-05_4_I20,RPE-05,4,I20,sirna_1061,RPE,1,images/RPE-05/Plate4,{experiment}/Plate{plate}/{well}_s{site}_w{channel}.png,images
RPE-05_4_I21,RPE-05,4,I21,sirna_988,RPE,1,images/RPE-05/Plate4,{experiment}/Plate{plate}/{well}_s{site}_w{channel}.png,images
RPE-05_4_I22,RPE-05,4,I22,sirna_704,RPE,1,images/RPE-05/Plate4,{experiment}/Plate{plate}/{well}_s{site}_w{channel}.png,images
RPE-05_4_I23,RPE-05,4,I23,sirna_115,RPE,1,images/RPE-05/Plate4,{experiment}/Plate{plate}/{well}_s{site}_w{channel}.png,images
RPE-05_4_J02,RPE-05,4,J02,sirna_507,RPE,1,images/RPE-05/Plate4,{experiment}/Plate{plate}/{well}_s{site}_w{channel}.png,images
RPE-05_4_J04,RPE-05,4,J04,sirna_142,RPE,1,images/RPE-05/Plate4,{experiment}/Plate{plate}/{well}_s{site}_w{channel}.png,images
RPE-05_4_J05,RPE-05,4,J05,sirna_940,RPE,1,images/RPE-05/Plate4,{experiment}/Plate{plate}/{well}_s{site}_w{channel}.png,images
RPE-05_4_J06,RPE-05,4,J06,sirna_913,RPE,1,images/RPE-05/Plate4,{experiment}/Plate{plate}/{well}_s{site}_w{channel}.png,images
RPE-05_4_J08,RPE-05,4,J08,sirna_53,RPE,1,images/RPE-05/Plate4,{experiment}/Plate{plate}/{well}_s{site}_w{channel}.png,images
RPE-05_4_J09,RPE-05,4,J09,sirna_351,RPE,1,images/RPE-05/Plate4,{experiment}/Plate{plate}/{well}_s{site}_w{channel}.png,images
RPE-05_4_J10,RPE-05,4,J10,sirna_339,RPE,1,images/RPE-05/Plate4,{experiment}/Plate{plate}/{well}_s{site}_w{channel}.png,images
RPE-05_4_J12,RPE-05,4,J12,sirna_349,RPE,1,images/RPE-05/Plate4,{experiment}/Plate{plate}/{well}_s{site}_w{channel}.png,images
RPE-05_4_J13,RPE-05,4,J13,sirna_710,RPE,1,images/RPE-05/Plate4,{experiment}/Plate{plate}/{well}_s{site}_w{channel}.png,images
RPE-05_4_J14,RPE-05,4,J14,sirna_173,RPE,1,images/RPE-05/Plate4,{experiment}/Plate{plate}/{well}_s{site}_w{channel}.png,images
RPE-05_4_J16,RPE-05,4,J16,sirna_262,RPE,1,images/RPE-05/Plate4,{experiment}/Plate{plate}/{well}_s{site}_w{channel}.png,images
RPE-05_4_J17,RPE-05,4,J17,sirna_963,RPE,1,images/RPE-05/Plate4,{experiment}/Plate{plate}/{well}_s{site}_w{channel}.png,images
RPE-05_4_J18,RPE-05,4,J18,sirna_938,RPE,1,images/RPE-05/Plate4,{experiment}/Plate{plate}/{well}_s{site}_w{channel}.png,images
RPE-05_4_J20,RPE-05,4,J20,sirna_637,RPE,1,images/RPE-05/Plate4,{experiment}/Plate{plate}/{well}_s{site}_w{channel}.png,images
RPE-05_4_J21,RPE-05,4,J21,sirna_772,RPE,1,images/RPE-05/Plate4,{experiment}/Plate{plate}/{well}_s{site}_w{channel}.png,images
RPE-05_4_J23,RPE-05,4,J23,sirna_971,RPE,1,images/RPE-05/Plate4,{experiment}/Plate{plate}/{well}_s{site}_w{channel}.png,images
RPE-05_4_K02,RPE-05,4,K02,sirna_648,RPE,1,images/RPE-05/Plate4,{experiment}/Plate{plate}/{well}_s{site}_w{channel}.png,images
RPE-05_4_K03,RPE-05,4,K03,sirna_370,RPE,1,images/RPE-05/Plate4,{experiment}/Plate{plate}/{well}_s{site}_w{channel}.png,images
RPE-05_4_K04,RPE-05,4,K04,sirna_591,RPE,1,images/RPE-05/Plate4,{experiment}/Plate{plate}/{well}_s{site}_w{channel}.png,images
RPE-05_4_K05,RPE-05,4,K05,sirna_214,RPE,1,images/RPE-05/Plate4,{experiment}/Plate{plate}/{well}_s{site}_w{channel}.png,images
RPE-05_4_K06,RPE-05,4,K06,sirna_815,RPE,1,images/RPE-05/Plate4,{experiment}/Plate{plate}/{well}_s{site}_w{channel}.png,images
RPE-05_4_K07,RPE-05,4,K07,sirna_989,RPE,1,images/RPE-05/Plate4,{experiment}/Plate{plate}/{well}_s{site}_w{channel}.png,images
RPE-05_4_K08,RPE-05,4,K08,sirna_417,RPE,1,images/RPE-05/Plate4,{experiment}/Plate{plate}/{well}_s{site}_w{channel}.png,images
RPE-05_4_K09,RPE-05,4,K09,sirna_531,RPE,1,images/RPE-05/Plate4,{experiment}/Plate{plate}/{well}_s{site}_w{channel}.png,images
RPE-05_4_K10,RPE-05,4,K10,sirna_244,RPE,1,images/RPE-05/Plate4,{experiment}/Plate{plate}/{well}_s{site}_w{channel}.png,images
RPE-05_4_K11,RPE-05,4,K11,sirna_909,RPE,1,images/RPE-05/Plate4,{experiment}/Plate{plate}/{well}_s{site}_w{channel}.png,images
RPE-05_4_K12,RPE-05,4,K12,sirna_769,RPE,1,images/RPE-05/Plate4,{experiment}/Plate{plate}/{well}_s{site}_w{channel}.png,images
RPE-05_4_K13,RPE-05,4,K13,sirna_474,RPE,1,images/RPE-05/Plate4,{experiment}/Plate{plate}/{well}_s{site}_w{channel}.png,images
RPE-05_4_K14,RPE-05,4,K14,sirna_265,RPE,1,images/RPE-05/Plate4,{experiment}/Plate{plate}/{well}_s{site}_w{channel}.png,images
RPE-05_4_K15,RPE-05,4,K15,sirna_228,RPE,1,images/RPE-05/Plate4,{experiment}/Plate{plate}/{well}_s{site}_w{channel}.png,images
RPE-05_4_K16,RPE-05,4,K16,sirna_220,RPE,1,images/RPE-05/Plate4,{experiment}/Plate{plate}/{well}_s{site}_w{channel}.png,images
RPE-05_4_K17,RPE-05,4,K17,sirna_594,RPE,1,images/RPE-05/Plate4,{experiment}/Plate{plate}/{well}_s{site}_w{channel}.png,images
RPE-05_4_K18,RPE-05,4,K18,sirna_160,RPE,1,images/RPE-05/Plate4,{experiment}/Plate{plate}/{well}_s{site}_w{channel}.png,images
RPE-05_4_K19,RPE-05,4,K19,sirna_132,RPE,1,images/RPE-05/Plate4,{experiment}/Plate{plate}/{well}_s{site}_w{channel}.png,images
RPE-05_4_K20,RPE-05,4,K20,sirna_1120,RPE,1,images/RPE-05/Plate4,{experiment}/Plate{plate}/{well}_s{site}_w{channel}.png,images
RPE-05_4_K21,RPE-05,4,K21,sirna_743,RPE,1,images/RPE-05/Plate4,{experiment}/Plate{plate}/{well}_s{site}_w{channel}.png,images
RPE-05_4_K22,RPE-05,4,K22,sirna_674,RPE,1,images/RPE-05/Plate4,{experiment}/Plate{plate}/{well}_s{site}_w{channel}.png,images
RPE-05_4_K23,RPE-05,4,K23,sirna_961,RPE,1,images/RPE-05/Plate4,{experiment}/Plate{plate}/{well}_s{site}_w{channel}.png,images
RPE-05_4_L02,RPE-05,4,L02,sirna_957,RPE,1,images/RPE-05/Plate4,{experiment}/Plate{plate}/{well}_s{site}_w{channel}.png,images
RPE-05_4_L03,RPE-05,4,L03,sirna_266,RPE,1,images/RPE-05/Plate4,{experiment}/Plate{plate}/{well}_s{site}_w{channel}.png,images
RPE-05_4_L04,RPE-05,4,L04,sirna_920,RPE,1,images/RPE-05/Plate4,{experiment}/Plate{plate}/{well}_s{site}_w{channel}.png,images
RPE-05_4_L05,RPE-05,4,L05,sirna_1048,RPE,1,images/RPE-05/Plate4,{experiment}/Plate{plate}/{well}_s{site}_w{channel}.png,images
RPE-05_4_L06,RPE-05,4,L06,sirna_27,RPE,1,images/RPE-05/Plate4,{experiment}/Plate{plate}/{well}_s{site}_w{channel}.png,images
RPE-05_4_L07,RPE-05,4,L07,sirna_904,RPE,1,images/RPE-05/Plate4,{experiment}/Plate{plate}/{well}_s{site}_w{channel}.png,images
RPE-05_4_L08,RPE-05,4,L08,sirna_424,RPE,1,images/RPE-05/Plate4,{experiment}/Plate{plate}/{well}_s{site}_w{channel}.png,images
RPE-05_4_L09,RPE-05,4,L09,sirna_368,RPE,1,images/RPE-05/Plate4,{experiment}/Plate{plate}/{well}_s{site}_w{channel}.png,images
RPE-05_4_L10,RPE-05,4,L10,sirna_530,RPE,1,images/RPE-05/Plate4,{experiment}/Plate{plate}/{well}_s{site}_w{channel}.png,images
RPE-05_4_L11,RPE-05,4,L11,sirna_1093,RPE,1,images/RPE-05/Plate4,{experiment}/Plate{plate}/{well}_s{site}_w{channel}.png,images
RPE-05_4_L12,RPE-05,4,L12,sirna_706,RPE,1,images/RPE-05/Plate4,{experiment}/Plate{plate}/{well}_s{site}_w{channel}.png,images
RPE-05_4_L13,RPE-05,4,L13,sirna_538,RPE,1,images/RPE-05/Plate4,{experiment}/Plate{plate}/{well}_s{site}_w{channel}.png,images
RPE-05_4_L14,RPE-05,4,L14,sirna_151,RPE,1,images/RPE-05/Plate4,{experiment}/Plate{plate}/{well}_s{site}_w{channel}.png,images
RPE-05_4_L15,RPE-05,4,L15,sirna_658,RPE,1,images/RPE-05/Plate4,{experiment}/Plate{plate}/{well}_s{site}_w{channel}.png,images
RPE-05_4_L16,RPE-05,4,L16,sirna_29,RPE,1,images/RPE-05/Plate4,{experiment}/Plate{plate}/{well}_s{site}_w{channel}.png,images
RPE-05_4_L17,RPE-05,4,L17,sirna_844,RPE,1,images/RPE-05/Plate4,{experiment}/Plate{plate}/{well}_s{site}_w{channel}.png,images
RPE-05_4_L18,RPE-05,4,L18,sirna_692,RPE,1,images/RPE-05/Plate4,{experiment}/Plate{plate}/{well}_s{site}_w{channel}.png,images
RPE-05_4_L19,RPE-05,4,L19,sirna_945,RPE,1,images/RPE-05/Plate4,{experiment}/Plate{plate}/{well}_s{site}_w{channel}.png,images
RPE-05_4_L20,RPE-05,4,L20,sirna_203,RPE,1,images/RPE-05/Plate4,{experiment}/Plate{plate}/{well}_s{site}_w{channel}.png,images
RPE-05_4_L21,RPE-05,4,L21,sirna_442,RPE,1,images/RPE-05/Plate4,{experiment}/Plate{plate}/{well}_s{site}_w{channel}.png,images
RPE-05_4_L22,RPE-05,4,L22,sirna_1049,RPE,1,images/RPE-05/Plate4,{experiment}/Plate{plate}/{well}_s{site}_w{channel}.png,images
RPE-05_4_L23,RPE-05,4,L23,sirna_438,RPE,1,images/RPE-05/Plate4,{experiment}/Plate{plate}/{well}_s{site}_w{channel}.png,images
RPE-05_4_M02,RPE-05,4,M02,sirna_257,RPE,1,images/RPE-05/Plate4,{experiment}/Plate{plate}/{well}_s{site}_w{channel}.png,images
RPE-05_4_M04,RPE-05,4,M04,sirna_1002,RPE,1,images/RPE-05/Plate4,{experiment}/Plate{plate}/{well}_s{site}_w{channel}.png,images
RPE-05_4_M05,RPE-05,4,M05,sirna_98,RPE,1,images/RPE-05/Plate4,{experiment}/Plate{plate}/{well}_s{site}_w{channel}.png,images
RPE-05_4_M06,RPE-05,4,M06,sirna_755,RPE,1,images/RPE-05/Plate4,{experiment}/Plate{plate}/{well}_s{site}_w{channel}.png,images
RPE-05_4_M08,RPE-05,4,M08,sirna_856,RPE,1,images/RPE-05/Plate4,{experiment}/Plate{plate}/{well}_s{site}_w{channel}.png,images
RPE-05_4_M09,RPE-05,4,M09,sirna_1040,RPE,1,images/RPE-05/Plate4,{experiment}/Plate{plate}/{well}_s{site}_w{channel}.png,images
RPE-05_4_M10,RPE-05,4,M10,sirna_796,RPE,1,images/RPE-05/Plate4,{experiment}/Plate{plate}/{well}_s{site}_w{channel}.png,images
RPE-05_4_M12,RPE-05,4,M12,sirna_299,RPE,1,images/RPE-05/Plate4,{experiment}/Plate{plate}/{well}_s{site}_w{channel}.png,images
RPE-05_4_M13,RPE-05,4,M13,sirna_824,RPE,1,images/RPE-05/Plate4,{experiment}/Plate{plate}/{well}_s{site}_w{channel}.png,images
RPE-05_4_M14,RPE-05,4,M14,sirna_847,RPE,1,images/RPE-05/Plate4,{experiment}/Plate{plate}/{well}_s{site}_w{channel}.png,images
RPE-05_4_M16,RPE-05,4,M16,sirna_1051,RPE,1,images/RPE-05/Plate4,{experiment}/Plate{plate}/{well}_s{site}_w{channel}.png,images
RPE-05_4_M17,RPE-05,4,M17,sirna_219,RPE,1,images/RPE-05/Plate4,{experiment}/Plate{plate}/{well}_s{site}_w{channel}.png,images
RPE-05_4_M18,RPE-05,4,M18,sirna_533,RPE,1,images/RPE-05/Plate4,{experiment}/Plate{plate}/{well}_s{site}_w{channel}.png,images
RPE-05_4_M20,RPE-05,4,M20,sirna_1036,RPE,1,images/RPE-05/Plate4,{experiment}/Plate{plate}/{well}_s{site}_w{channel}.png,images
RPE-05_4_M21,RPE-05,4,M21,sirna_243,RPE,1,images/RPE-05/Plate4,{experiment}/Plate{plate}/{well}_s{site}_w{channel}.png,images
RPE-05_4_M23,RPE-05,4,M23,sirna_1091,RPE,1,images/RPE-05/Plate4,{experiment}/Plate{plate}/{well}_s{site}_w{channel}.png,images
RPE-05_4_N02,RPE-05,4,N02,sirna_451,RPE,1,images/RPE-05/Plate4,{experiment}/Plate{plate}/{well}_s{site}_w{channel}.png,images
RPE-05_4_N03,RPE-05,4,N03,sirna_793,RPE,1,images/RPE-05/Plate4,{experiment}/Plate{plate}/{well}_s{site}_w{channel}.png,images
RPE-05_4_N04,RPE-05,4,N04,sirna_212,RPE,1,images/RPE-05/Plate4,{experiment}/Plate{plate}/{well}_s{site}_w{channel}.png,images
RPE-05_4_N05,RPE-05,4,N05,sirna_522,RPE,1,images/RPE-05/Plate4,{experiment}/Plate{plate}/{well}_s{site}_w{channel}.png,images
RPE-05_4_N06,RPE-05,4,N06,sirna_691,RPE,1,images/RPE-05/Plate4,{experiment}/Plate{plate}/{well}_s{site}_w{channel}.png,images
RPE-05_4_N07,RPE-05,4,N07,sirna_371,RPE,1,images/RPE-05/Plate4,{experiment}/Plate{plate}/{well}_s{site}_w{channel}.png,images
RPE-05_4_N08,RPE-05,4,N08,sirna_1108,RPE,1,images/RPE-05/Plate4,{experiment}/Plate{plate}/{well}_s{site}_w{channel}.png,images
RPE-05_4_N09,RPE-05,4,N09,sirna_949,RPE,1,images/RPE-05/Plate4,{experiment}/Plate{plate}/{well}_s{site}_w{channel}.png,images
RPE-05_4_N10,RPE-05,4,N10,sirna_719,RPE,1,images/RPE-05/Plate4,{experiment}/Plate{plate}/{well}_s{site}_w{channel}.png,images
RPE-05_4_N11,RPE-05,4,N11,sirna_333,RPE,1,images/RPE-05/Plate4,{experiment}/Plate{plate}/{well}_s{site}_w{channel}.png,images
RPE-05_4_N12,RPE-05,4,N12,sirna_176,RPE,1,images/RPE-05/Plate4,{experiment}/Plate{plate}/{well}_s{site}_w{channel}.png,images
RPE-05_4_N13,RPE-05,4,N13,sirna_150,RPE,1,images/RPE-05/Plate4,{experiment}/Plate{plate}/{well}_s{site}_w{channel}.png,images
RPE-05_4_N14,RPE-05,4,N14,sirna_1071,RPE,1,images/RPE-05/Plate4,{experiment}/Plate{plate}/{well}_s{site}_w{channel}.png,images
RPE-05_4_N15,RPE-05,4,N15,sirna_590,RPE,1,images/RPE-05/Plate4,{experiment}/Plate{plate}/{well}_s{site}_w{channel}.png,images
RPE-05_4_N16,RPE-05,4,N16,sirna_568,RPE,1,images/RPE-05/Plate4,{experiment}/Plate{plate}/{well}_s{site}_w{channel}.png,images
RPE-05_4_N17,RPE-05,4,N17,sirna_221,RPE,1,images/RPE-05/Plate4,{experiment}/Plate{plate}/{well}_s{site}_w{channel}.png,images
RPE-05_4_N18,RPE-05,4,N18,sirna_500,RPE,1,images/RPE-05/Plate4,{experiment}/Plate{plate}/{well}_s{site}_w{channel}.png,images
RPE-05_4_N19,RPE-05,4,N19,sirna_911,RPE,1,images/RPE-05/Plate4,{experiment}/Plate{plate}/{well}_s{site}_w{channel}.png,images
RPE-05_4_N20,RPE-05,4,N20,sirna_91,RPE,1,images/RPE-05/Plate4,{experiment}/Plate{plate}/{well}_s{site}_w{channel}.png,images
RPE-05_4_N21,RPE-05,4,N21,sirna_787,RPE,1,images/RPE-05/Plate4,{experiment}/Plate{plate}/{well}_s{site}_w{channel}.png,images
RPE-05_4_N22,RPE-05,4,N22,sirna_902,RPE,1,images/RPE-05/Plate4,{experiment}/Plate{plate}/{well}_s{site}_w{channel}.png,images
RPE-05_4_N23,RPE-05,4,N23,sirna_608,RPE,1,images/RPE-05/Plate4,{experiment}/Plate{plate}/{well}_s{site}_w{channel}.png,images
RPE-05_4_O02,RPE-05,4,O02,sirna_546,RPE,1,images/RPE-05/Plate4,{experiment}/Plate{plate}/{well}_s{site}_w{channel}.png,images
RPE-05_4_O03,RPE-05,4,O03,sirna_133,RPE,1,images/RPE-05/Plate4,{experiment}/Plate{plate}/{well}_s{site}_w{channel}.png,images
RPE-05_4_O04,RPE-05,4,O04,sirna_277,RPE,1,images/RPE-05/Plate4,{experiment}/Plate{plate}/{well}_s{site}_w{channel}.png,images
RPE-05_4_O05,RPE-05,4,O05,sirna_172,RPE,1,images/RPE-05/Plate4,{experiment}/Plate{plate}/{well}_s{site}_w{channel}.png,images
RPE-05_4_O06,RPE-05,4,O06,sirna_1128,RPE,1,images/RPE-05/Plate4,{experiment}/Plate{plate}/{well}_s{site}_w{channel}.png,images
RPE-05_4_O07,RPE-05,4,O07,sirna_453,RPE,1,images/RPE-05/Plate4,{experiment}/Plate{plate}/{well}_s{site}_w{channel}.png,images
RPE-05_4_O08,RPE-05,4,O08,sirna_698,RPE,1,images/RPE-05/Plate4,{experiment}/Plate{plate}/{well}_s{site}_w{channel}.png,images
RPE-05_4_O09,RPE-05,4,O09,sirna_125,RPE,1,images/RPE-05/Plate4,{experiment}/Plate{plate}/{well}_s{site}_w{channel}.png,images
RPE-05_4_O10,RPE-05,4,O10,sirna_366,RPE,1,images/RPE-05/Plate4,{experiment}/Plate{plate}/{well}_s{site}_w{channel}.png,images
RPE-05_4_O11,RPE-05,4,O11,sirna_520,RPE,1,images/RPE-05/Plate4,{experiment}/Plate{plate}/{well}_s{site}_w{channel}.png,images
RPE-05_4_O12,RPE-05,4,O12,sirna_1001,RPE,1,images/RPE-05/Plate4,{experiment}/Plate{plate}/{well}_s{site}_w{channel}.png,images
RPE-05_4_O13,RPE-05,4,O13,sirna_1080,RPE,1,images/RPE-05/Plate4,{experiment}/Plate{plate}/{well}_s{site}_w{channel}.png,images
RPE-05_4_O14,RPE-05,4,O14,sirna_1113,RPE,1,images/RPE-05/Plate4,{experiment}/Plate{plate}/{well}_s{site}_w{channel}.png,images
RPE-05_4_O15,RPE-05,4,O15,sirna_463,RPE,1,images/RPE-05/Plate4,{experiment}/Plate{plate}/{well}_s{site}_w{channel}.png,images
RPE-05_4_O16,RPE-05,4,O16,sirna_892,RPE,1,images/RPE-05/Plate4,{experiment}/Plate{plate}/{well}_s{site}_w{channel}.png,images
RPE-05_4_O17,RPE-05,4,O17,sirna_598,RPE,1,images/RPE-05/Plate4,{experiment}/Plate{plate}/{well}_s{site}_w{channel}.png,images
RPE-05_4_O18,RPE-05,4,O18,sirna_443,RPE,1,images/RPE-05/Plate4,{experiment}/Plate{plate}/{well}_s{site}_w{channel}.png,images
RPE-05_4_O19,RPE-05,4,O19,sirna_35,RPE,1,images/RPE-05/Plate4,{experiment}/Plate{plate}/{well}_s{site}_w{channel}.png,images
RPE-05_4_O20,RPE-05,4,O20,sirna_345,RPE,1,images/RPE-05/Plate4,{experiment}/Plate{plate}/{well}_s{site}_w{channel}.png,images
RPE-05_4_O21,RPE-05,4,O21,sirna_415,RPE,1,images/RPE-05/Plate4,{experiment}/Plate{plate}/{well}_s{site}_w{channel}.png,images
RPE-05_4_O22,RPE-05,4,O22,sirna_873,RPE,1,images/RPE-05/Plate4,{experiment}/Plate{plate}/{well}_s{site}_w{channel}.png,images
RPE-05_4_O23,RPE-05,4,O23,sirna_431,RPE,1,images/RPE-05/Plate4,{experiment}/Plate{plate}/{well}_s{site}_w{channel}.png,images
U2OS-02_1_B03,U2OS-02,1,B03,sirna_13,U2OS,1,images/U2OS-02/Plate1,{experiment}/Plate{plate}/{well}_s{site}_w{channel}.png,images
U2OS-02_1_B04,U2OS-02,1,B04,sirna_63,U2OS,1,images/U2OS-02/Plate1,{experiment}/Plate{plate}/{well}_s{site}_w{channel}.png,images
U2OS-02_1_B05,U2OS-02,1,B05,sirna_1121,U2OS,1,images/U2OS-02/Plate1,{experiment}/Plate{plate}/{well}_s{site}_w{channel}.png,images
U2OS-02_1_B06,U2OS-02,1,B06,sirna_153,U2OS,1,images/U2OS-02/Plate1,{experiment}/Plate{plate}/{well}_s{site}_w{channel}.png,images
U2OS-02_1_B07,U2OS-02,1,B07,sirna_1135,U2OS,1,images/U2OS-02/Plate1,{experiment}/Plate{plate}/{well}_s{site}_w{channel}.png,images
U2OS-02_1_B08,U2OS-02,1,B08,sirna_981,U2OS,1,images/U2OS-02/Plate1,{experiment}/Plate{plate}/{well}_s{site}_w{channel}.png,images
U2OS-02_1_B09,U2OS-02,1,B09,sirna_816,U2OS,1,images/U2OS-02/Plate1,{experiment}/Plate{plate}/{well}_s{site}_w{channel}.png,images
U2OS-02_1_B10,U2OS-02,1,B10,sirna_1025,U2OS,1,images/U2OS-02/Plate1,{experiment}/Plate{plate}/{well}_s{site}_w{channel}.png,images
U2OS-02_1_B11,U2OS-02,1,B11,sirna_800,U2OS,1,images/U2OS-02/Plate1,{experiment}/Plate{plate}/{well}_s{site}_w{channel}.png,images
U2OS-02_1_B12,U2OS-02,1,B12,sirna_444,U2OS,1,images/U2OS-02/Plate1,{experiment}/Plate{plate}/{well}_s{site}_w{channel}.png,images
U2OS-02_1_B13,U2OS-02,1,B13,sirna_210,U2OS,1,images/U2OS-02/Plate1,{experiment}/Plate{plate}/{well}_s{site}_w{channel}.png,images
U2OS-02_1_B14,U2OS-02,1,B14,sirna_449,U2OS,1,images/U2OS-02/Plate1,{experiment}/Plate{plate}/{well}_s{site}_w{channel}.png,images
U2OS-02_1_B15,U2OS-02,1,B15,sirna_82,U2OS,1,images/U2OS-02/Plate1,{experiment}/Plate{plate}/{well}_s{site}_w{channel}.png,images
U2OS-02_1_B16,U2OS-02,1,B16,sirna_158,U2OS,1,images/U2OS-02/Plate1,{experiment}/Plate{plate}/{well}_s{site}_w{channel}.png,images
U2OS-02_1_B17,U2OS-02,1,B17,sirna_671,U2OS,1,images/U2OS-02/Plate1,{experiment}/Plate{plate}/{well}_s{site}_w{channel}.png,images
U2OS-02_1_B18,U2OS-02,1,B18,sirna_295,U2OS,1,images/U2OS-02/Plate1,{experiment}/Plate{plate}/{well}_s{site}_w{channel}.png,images
U2OS-02_1_B19,U2OS-02,1,B19,sirna_684,U2OS,1,images/U2OS-02/Plate1,{experiment}/Plate{plate}/{well}_s{site}_w{channel}.png,images
U2OS-02_1_B20,U2OS-02,1,B20,sirna_993,U2OS,1,images/U2OS-02/Plate1,{experiment}/Plate{plate}/{well}_s{site}_w{channel}.png,images
U2OS-02_1_B21,U2OS-02,1,B21,sirna_562,U2OS,1,images/U2OS-02/Plate1,{experiment}/Plate{plate}/{well}_s{site}_w{channel}.png,images
U2OS-02_1_B22,U2OS-02,1,B22,sirna_996,U2OS,1,images/U2OS-02/Plate1,{experiment}/Plate{plate}/{well}_s{site}_w{channel}.png,images
U2OS-02_1_B23,U2OS-02,1,B23,sirna_1047,U2OS,1,images/U2OS-02/Plate1,{experiment}/Plate{plate}/{well}_s{site}_w{channel}.png,images
U2OS-02_1_C02,U2OS-02,1,C02,sirna_434,U2OS,1,images/U2OS-02/Plate1,{experiment}/Plate{plate}/{well}_s{site}_w{channel}.png,images
U2OS-02_1_C04,U2OS-02,1,C04,sirna_1003,U2OS,1,images/U2OS-02/Plate1,{experiment}/Plate{plate}/{well}_s{site}_w{channel}.png,images
U2OS-02_1_C05,U2OS-02,1,C05,sirna_95,U2OS,1,images/U2OS-02/Plate1,{experiment}/Plate{plate}/{well}_s{site}_w{channel}.png,images
U2OS-02_1_C06,U2OS-02,1,C06,sirna_430,U2OS,1,images/U2OS-02/Plate1,{experiment}/Plate{plate}/{well}_s{site}_w{channel}.png,images
U2OS-02_1_C08,U2OS-02,1,C08,sirna_777,U2OS,1,images/U2OS-02/Plate1,{experiment}/Plate{plate}/{well}_s{site}_w{channel}.png,images
U2OS-02_1_C09,U2OS-02,1,C09,sirna_983,U2OS,1,images/U2OS-02/Plate1,{experiment}/Plate{plate}/{well}_s{site}_w{channel}.png,images
U2OS-02_1_C10,U2OS-02,1,C10,sirna_943,U2OS,1,images/U2OS-02/Plate1,{experiment}/Plate{plate}/{well}_s{site}_w{channel}.png,images
U2OS-02_1_C12,U2OS-02,1,C12,sirna_1019,U2OS,1,images/U2OS-02/Plate1,{experiment}/Plate{plate}/{well}_s{site}_w{channel}.png,images
U2OS-02_1_C13,U2OS-02,1,C13,sirna_131,U2OS,1,images/U2OS-02/Plate1,{experiment}/Plate{plate}/{well}_s{site}_w{channel}.png,images
U2OS-02_1_C14,U2OS-02,1,C14,sirna_487,U2OS,1,images/U2OS-02/Plate1,{experiment}/Plate{plate}/{well}_s{site}_w{channel}.png,images
U2OS-02_1_C16,U2OS-02,1,C16,sirna_779,U2OS,1,images/U2OS-02/Plate1,{experiment}/Plate{plate}/{well}_s{site}_w{channel}.png,images
U2OS-02_1_C17,U2OS-02,1,C17,sirna_88,U2OS,1,images/U2OS-02/Plate1,{experiment}/Plate{plate}/{well}_s{site}_w{channel}.png,images
U2OS-02_1_C18,U2OS-02,1,C18,sirna_478,U2OS,1,images/U2OS-02/Plate1,{experiment}/Plate{plate}/{well}_s{site}_w{channel}.png,images
U2OS-02_1_C20,U2OS-02,1,C20,sirna_311,U2OS,1,images/U2OS-02/Plate1,{experiment}/Plate{plate}/{well}_s{site}_w{channel}.png,images
U2OS-02_1_C21,U2OS-02,1,C21,sirna_310,U2OS,1,images/U2OS-02/Plate1,{experiment}/Plate{plate}/{well}_s{site}_w{channel}.png,images
U2OS-02_1_C23,U2OS-02,1,C23,sirna_765,U2OS,1,images/U2OS-02/Plate1,{experiment}/Plate{plate}/{well}_s{site}_w{channel}.png,images
U2OS-02_1_D02,U2OS-02,1,D02,sirna_180,U2OS,1,images/U2OS-02/Plate1,{experiment}/Plate{plate}/{well}_s{site}_w{channel}.png,images
U2OS-02_1_D03,U2OS-02,1,D03,sirna_919,U2OS,1,images/U2OS-02/Plate1,{experiment}/Plate{plate}/{well}_s{site}_w{channel}.png,images
U2OS-02_1_D04,U2OS-02,1,D04,sirna_861,U2OS,1,images/U2OS-02/Plate1,{experiment}/Plate{plate}/{well}_s{site}_w{channel}.png,images
U2OS-02_1_D05,U2OS-02,1,D05,sirna_402,U2OS,1,images/U2OS-02/Plate1,{experiment}/Plate{plate}/{well}_s{site}_w{channel}.png,images
U2OS-02_1_D06,U2OS-02,1,D06,sirna_403,U2OS,1,images/U2OS-02/Plate1,{experiment}/Plate{plate}/{well}_s{site}_w{channel}.png,images
U2OS-02_1_D07,U2OS-02,1,D07,sirna_327,U2OS,1,images/U2OS-02/Plate1,{experiment}/Plate{plate}/{well}_s{site}_w{channel}.png,images
U2OS-02_1_D08,U2OS-02,1,D08,sirna_536,U2OS,1,images/U2OS-02/Plate1,{experiment}/Plate{plate}/{well}_s{site}_w{channel}.png,images
U2OS-02_1_D09,U2OS-02,1,D09,sirna_757,U2OS,1,images/U2OS-02/Plate1,{experiment}/Plate{plate}/{well}_s{site}_w{channel}.png,images
U2OS-02_1_D10,U2OS-02,1,D10,sirna_751,U2OS,1,images/U2OS-02/Plate1,{experiment}/Plate{plate}/{well}_s{site}_w{channel}.png,images
U2OS-02_1_D11,U2OS-02,1,D11,sirna_932,U2OS,1,images/U2OS-02/Plate1,{experiment}/Plate{plate}/{well}_s{site}_w{channel}.png,images
U2OS-02_1_D12,U2OS-02,1,D12,sirna_854,U2OS,1,images/U2OS-02/Plate1,{experiment}/Plate{plate}/{well}_s{site}_w{channel}.png,images
U2OS-02_1_D13,U2OS-02,1,D13,sirna_693,U2OS,1,images/U2OS-02/Plate1,{experiment}/Plate{plate}/{well}_s{site}_w{channel}.png,images
U2OS-02_1_D14,U2OS-02,1,D14,sirna_482,U2OS,1,images/U2OS-02/Plate1,{experiment}/Plate{plate}/{well}_s{site}_w{channel}.png,images
U2OS-02_1_D15,U2OS-02,1,D15,sirna_749,U2OS,1,images/U2OS-02/Plate1,{experiment}/Plate{plate}/{well}_s{site}_w{channel}.png,images
U2OS-02_1_D16,U2OS-02,1,D16,sirna_1044,U2OS,1,images/U2OS-02/Plate1,{experiment}/Plate{plate}/{well}_s{site}_w{channel}.png,images
U2OS-02_1_D17,U2OS-02,1,D17,sirna_607,U2OS,1,images/U2OS-02/Plate1,{experiment}/Plate{plate}/{well}_s{site}_w{channel}.png,images
U2OS-02_1_D18,U2OS-02,1,D18,sirna_1066,U2OS,1,images/U2OS-02/Plate1,{experiment}/Plate{plate}/{well}_s{site}_w{channel}.png,images
U2OS-02_1_D19,U2OS-02,1,D19,sirna_744,U2OS,1,images/U2OS-02/Plate1,{experiment}/Plate{plate}/{well}_s{site}_w{channel}.png,images
U2OS-02_1_D20,U2OS-02,1,D20,sirna_859,U2OS,1,images/U2OS-02/Plate1,{experiment}/Plate{plate}/{well}_s{site}_w{channel}.png,images
U2OS-02_1_D21,U2OS-02,1,D21,sirna_723,U2OS,1,images/U2OS-02/Plate1,{experiment}/Plate{plate}/{well}_s{site}_w{channel}.png,images
U2OS-02_1_D22,U2OS-02,1,D22,sirna_464,U2OS,1,images/U2OS-02/Plate1,{experiment}/Plate{plate}/{well}_s{site}_w{channel}.png,images
U2OS-02_1_D23,U2OS-02,1,D23,sirna_155,U2OS,1,images/U2OS-02/Plate1,{experiment}/Plate{plate}/{well}_s{site}_w{channel}.png,images
U2OS-02_1_E02,U2OS-02,1,E02,sirna_222,U2OS,1,images/U2OS-02/Plate1,{experiment}/Plate{plate}/{well}_s{site}_w{channel}.png,images
U2OS-02_1_E03,U2OS-02,1,E03,sirna_498,U2OS,1,images/U2OS-02/Plate1,{experiment}/Plate{plate}/{well}_s{site}_w{channel}.png,images
U2OS-02_1_E04,U2OS-02,1,E04,sirna_990,U2OS,1,images/U2OS-02/Plate1,{experiment}/Plate{plate}/{well}_s{site}_w{channel}.png,images
U2OS-02_1_E05,U2OS-02,1,E05,sirna_688,U2OS,1,images/U2OS-02/Plate1,{experiment}/Plate{plate}/{well}_s{site}_w{channel}.png,images
U2OS-02_1_E06,U2OS-02,1,E06,sirna_418,U2OS,1,images/U2OS-02/Plate1,{experiment}/Plate{plate}/{well}_s{site}_w{channel}.png,images
U2OS-02_1_E07,U2OS-02,1,E07,sirna_1085,U2OS,1,images/U2OS-02/Plate1,{experiment}/Plate{plate}/{well}_s{site}_w{channel}.png,images
U2OS-02_1_E08,U2OS-02,1,E08,sirna_602,U2OS,1,images/U2OS-02/Plate1,{experiment}/Plate{plate}/{well}_s{site}_w{channel}.png,images
U2OS-02_1_E09,U2OS-02,1,E09,sirna_978,U2OS,1,images/U2OS-02/Plate1,{experiment}/Plate{plate}/{well}_s{site}_w{channel}.png,images
U2OS-02_1_E10,U2OS-02,1,E10,sirna_488,U2OS,1,images/U2OS-02/Plate1,{experiment}/Plate{plate}/{well}_s{site}_w{channel}.png,images
U2OS-02_1_E11,U2OS-02,1,E11,sirna_427,U2OS,1,images/U2OS-02/Plate1,{experiment}/Plate{plate}/{well}_s{site}_w{channel}.png,images
U2OS-02_1_E12,U2OS-02,1,E12,sirna_136,U2OS,1,images/U2OS-02/Plate1,{experiment}/Plate{plate}/{well}_s{site}_w{channel}.png,images
U2OS-02_1_E13,U2OS-02,1,E13,sirna_887,U2OS,1,images/U2OS-02/Plate1,{experiment}/Plate{plate}/{well}_s{site}_w{channel}.png,images
U2OS-02_1_E14,U2OS-02,1,E14,sirna_839,U2OS,1,images/U2OS-02/Plate1,{experiment}/Plate{plate}/{well}_s{site}_w{channel}.png,images
U2OS-02_1_E15,U2OS-02,1,E15,sirna_893,U2OS,1,images/U2OS-02/Plate1,{experiment}/Plate{plate}/{well}_s{site}_w{channel}.png,images
U2OS-02_1_E16,U2OS-02,1,E16,sirna_865,U2OS,1,images/U2OS-02/Plate1,{experiment}/Plate{plate}/{well}_s{site}_w{channel}.png,images
U2OS-02_1_E17,U2OS-02,1,E17,sirna_767,U2OS,1,images/U2OS-02/Plate1,{experiment}/Plate{plate}/{well}_s{site}_w{channel}.png,images
U2OS-02_1_E18,U2OS-02,1,E18,sirna_529,U2OS,1,images/U2OS-02/Plate1,{experiment}/Plate{plate}/{well}_s{site}_w{channel}.png,images
U2OS-02_1_E19,U2OS-02,1,E19,sirna_985,U2OS,1,images/U2OS-02/Plate1,{experiment}/Plate{plate}/{well}_s{site}_w{channel}.png,images
U2OS-02_1_E20,U2OS-02,1,E20,sirna_924,U2OS,1,images/U2OS-02/Plate1,{experiment}/Plate{plate}/{well}_s{site}_w{channel}.png,images
U2OS-02_1_E21,U2OS-02,1,E21,sirna_548,U2OS,1,images/U2OS-02/Plate1,{experiment}/Plate{plate}/{well}_s{site}_w{channel}.png,images
U2OS-02_1_E22,U2OS-02,1,E22,sirna_104,U2OS,1,images/U2OS-02/Plate1,{experiment}/Plate{plate}/{well}_s{site}_w{channel}.png,images
U2OS-02_1_E23,U2OS-02,1,E23,sirna_234,U2OS,1,images/U2OS-02/Plate1,{experiment}/Plate{plate}/{well}_s{site}_w{channel}.png,images
U2OS-02_1_F02,U2OS-02,1,F02,sirna_1129,U2OS,1,images/U2OS-02/Plate1,{experiment}/Plate{plate}/{well}_s{site}_w{channel}.png,images
U2OS-02_1_F04,U2OS-02,1,F04,sirna_348,U2OS,1,images/U2OS-02/Plate1,{experiment}/Plate{plate}/{well}_s{site}_w{channel}.png,images
U2OS-02_1_F05,U2OS-02,1,F05,sirna_502,U2OS,1,images/U2OS-02/Plate1,{experiment}/Plate{plate}/{well}_s{site}_w{channel}.png,images
U2OS-02_1_F06,U2OS-02,1,F06,sirna_814,U2OS,1,images/U2OS-02/Plate1,{experiment}/Plate{plate}/{well}_s{site}_w{channel}.png,images
U2OS-02_1_F08,U2OS-02,1,F08,sirna_667,U2OS,1,images/U2OS-02/Plate1,{experiment}/Plate{plate}/{well}_s{site}_w{channel}.png,images
U2OS-02_1_F09,U2OS-02,1,F09,sirna_86,U2OS,1,images/U2OS-02/Plate1,{experiment}/Plate{plate}/{well}_s{site}_w{channel}.png,images
U2OS-02_1_F10,U2OS-02,1,F10,sirna_1078,U2OS,1,images/U2OS-02/Plate1,{experiment}/Plate{plate}/{well}_s{site}_w{channel}.png,images
U2OS-02_1_F12,U2OS-02,1,F12,sirna_445,U2OS,1,images/U2OS-02/Plate1,{experiment}/Plate{plate}/{well}_s{site}_w{channel}.png,images
U2OS-02_1_F13,U2OS-02,1,F13,sirna_661,U2OS,1,images/U2OS-02/Plate1,{experiment}/Plate{plate}/{well}_s{site}_w{channel}.png,images
U2OS-02_1_F14,U2OS-02,1,F14,sirna_789,U2OS,1,images/U2OS-02/Plate1,{experiment}/Plate{plate}/{well}_s{site}_w{channel}.png,images
U2OS-02_1_F16,U2OS-02,1,F16,sirna_653,U2OS,1,images/U2OS-02/Plate1,{experiment}/Plate{plate}/{well}_s{site}_w{channel}.png,images
U2OS-02_1_F17,U2OS-02,1,F17,sirna_851,U2OS,1,images/U2OS-02/Plate1,{experiment}/Plate{plate}/{well}_s{site}_w{channel}.png,images
U2OS-02_1_F18,U2OS-02,1,F18,sirna_728,U2OS,1,images/U2OS-02/Plate1,{experiment}/Plate{plate}/{well}_s{site}_w{channel}.png,images
U2OS-02_1_F20,U2OS-02,1,F20,sirna_33,U2OS,1,images/U2OS-02/Plate1,{experiment}/Plate{plate}/{well}_s{site}_w{channel}.png,images
U2OS-02_1_F21,U2OS-02,1,F21,sirna_15,U2OS,1,images/U2OS-02/Plate1,{experiment}/Plate{plate}/{well}_s{site}_w{channel}.png,images
U2OS-02_1_F23,U2OS-02,1,F23,sirna_250,U2OS,1,images/U2OS-02/Plate1,{experiment}/Plate{plate}/{well}_s{site}_w{channel}.png,images
U2OS-02_1_G02,U2OS-02,1,G02,sirna_189,U2OS,1,images/U2OS-02/Plate1,{experiment}/Plate{plate}/{well}_s{site}_w{channel}.png,images
U2OS-02_1_G03,U2OS-02,1,G03,sirna_527,U2OS,1,images/U2OS-02/Plate1,{experiment}/Plate{plate}/{well}_s{site}_w{channel}.png,images
U2OS-02_1_G04,U2OS-02,1,G04,sirna_574,U2OS,1,images/U2OS-02/Plate1,{experiment}/Plate{plate}/{well}_s{site}_w{channel}.png,images
U2OS-02_1_G05,U2OS-02,1,G05,sirna_930,U2OS,1,images/U2OS-02/Plate1,{experiment}/Plate{plate}/{well}_s{site}_w{channel}.png,images
U2OS-02_1_G06,U2OS-02,1,G06,sirna_575,U2OS,1,images/U2OS-02/Plate1,{experiment}/Plate{plate}/{well}_s{site}_w{channel}.png,images
U2OS-02_1_G07,U2OS-02,1,G07,sirna_1035,U2OS,1,images/U2OS-02/Plate1,{experiment}/Plate{plate}/{well}_s{site}_w{channel}.png,images
U2OS-02_1_G08,U2OS-02,1,G08,sirna_964,U2OS,1,images/U2OS-02/Plate1,{experiment}/Plate{plate}/{well}_s{site}_w{channel}.png,images
U2OS-02_1_G09,U2OS-02,1,G09,sirna_845,U2OS,1,images/U2OS-02/Plate1,{experiment}/Plate{plate}/{well}_s{site}_w{channel}.png,images
U2OS-02_1_G10,U2OS-02,1,G10,sirna_282,U2OS,1,images/U2OS-02/Plate1,{experiment}/Plate{plate}/{well}_s{site}_w{channel}.png,images
U2OS-02_1_G11,U2OS-02,1,G11,sirna_720,U2OS,1,images/U2OS-02/Plate1,{experiment}/Plate{plate}/{well}_s{site}_w{channel}.png,images
U2OS-02_1_G12,U2OS-02,1,G12,sirna_986,U2OS,1,images/U2OS-02/Plate1,{experiment}/Plate{plate}/{well}_s{site}_w{channel}.png,images
U2OS-02_1_G13,U2OS-02,1,G13,sirna_544,U2OS,1,images/U2OS-02/Plate1,{experiment}/Plate{plate}/{well}_s{site}_w{channel}.png,images
U2OS-02_1_G14,U2OS-02,1,G14,sirna_581,U2OS,1,images/U2OS-02/Plate1,{experiment}/Plate{plate}/{well}_s{site}_w{channel}.png,images
U2OS-02_1_G15,U2OS-02,1,G15,sirna_850,U2OS,1,images/U2OS-02/Plate1,{experiment}/Plate{plate}/{well}_s{site}_w{channel}.png,images
U2OS-02_1_G16,U2OS-02,1,G16,sirna_1109,U2OS,1,images/U2OS-02/Plate1,{experiment}/Plate{plate}/{well}_s{site}_w{channel}.png,images
U2OS-02_1_G17,U2OS-02,1,G17,sirna_312,U2OS,1,images/U2OS-02/Plate1,{experiment}/Plate{plate}/{well}_s{site}_w{channel}.png,images
U2OS-02_1_G18,U2OS-02,1,G18,sirna_1013,U2OS,1,images/U2OS-02/Plate1,{experiment}/Plate{plate}/{well}_s{site}_w{channel}.png,images
U2OS-02_1_G19,U2OS-02,1,G19,sirna_62,U2OS,1,images/U2OS-02/Plate1,{experiment}/Plate{plate}/{well}_s{site}_w{channel}.png,images
U2OS-02_1_G20,U2OS-02,1,G20,sirna_625,U2OS,1,images/U2OS-02/Plate1,{experiment}/Plate{plate}/{well}_s{site}_w{channel}.png,images
U2OS-02_1_G21,U2OS-02,1,G21,sirna_364,U2OS,1,images/U2OS-02/Plate1,{experiment}/Plate{plate}/{well}_s{site}_w{channel}.png,images
U2OS-02_1_G22,U2OS-02,1,G22,sirna_174,U2OS,1,images/U2OS-02/Plate1,{experiment}/Plate{plate}/{well}_s{site}_w{channel}.png,images
U2OS-02_1_G23,U2OS-02,1,G23,sirna_819,U2OS,1,images/U2OS-02/Plate1,{experiment}/Plate{plate}/{well}_s{site}_w{channel}.png,images
U2OS-02_1_H02,U2OS-02,1,H02,sirna_1030,U2OS,1,images/U2OS-02/Plate1,{experiment}/Plate{plate}/{well}_s{site}_w{channel}.png,images
U2OS-02_1_H04,U2OS-02,1,H04,sirna_647,U2OS,1,images/U2OS-02/Plate1,{experiment}/Plate{plate}/{well}_s{site}_w{channel}.png,images
U2OS-02_1_H05,U2OS-02,1,H05,sirna_385,U2OS,1,images/U2OS-02/Plate1,{experiment}/Plate{plate}/{well}_s{site}_w{channel}.png,images
U2OS-02_1_H06,U2OS-02,1,H06,sirna_448,U2OS,1,images/U2OS-02/Plate1,{experiment}/Plate{plate}/{well}_s{site}_w{channel}.png,images
U2OS-02_1_H08,U2OS-02,1,H08,sirna_139,U2OS,1,images/U2OS-02/Plate1,{experiment}/Plate{plate}/{well}_s{site}_w{channel}.png,images
U2OS-02_1_H09,U2OS-02,1,H09,sirna_880,U2OS,1,images/U2OS-02/Plate1,{experiment}/Plate{plate}/{well}_s{site}_w{channel}.png,images
U2OS-02_1_H10,U2OS-02,1,H10,sirna_624,U2OS,1,images/U2OS-02/Plate1,{experiment}/Plate{plate}/{well}_s{site}_w{channel}.png,images
U2OS-02_1_H12,U2OS-02,1,H12,sirna_959,U2OS,1,images/U2OS-02/Plate1,{experiment}/Plate{plate}/{well}_s{site}_w{channel}.png,images
U2OS-02_1_H13,U2OS-02,1,H13,sirna_1092,U2OS,1,images/U2OS-02/Plate1,{experiment}/Plate{plate}/{well}_s{site}_w{channel}.png,images
U2OS-02_1_H14,U2OS-02,1,H14,sirna_416,U2OS,1,images/U2OS-02/Plate1,{experiment}/Plate{plate}/{well}_s{site}_w{channel}.png,images
U2OS-02_1_H16,U2OS-02,1,H16,sirna_309,U2OS,1,images/U2OS-02/Plate1,{experiment}/Plate{plate}/{well}_s{site}_w{channel}.png,images
U2OS-02_1_H17,U2OS-02,1,H17,sirna_1123,U2OS,1,images/U2OS-02/Plate1,{experiment}/Plate{plate}/{well}_s{site}_w{channel}.png,images
U2OS-02_1_H18,U2OS-02,1,H18,sirna_863,U2OS,1,images/U2OS-02/Plate1,{experiment}/Plate{plate}/{well}_s{site}_w{channel}.png,images
U2OS-02_1_H20,U2OS-02,1,H20,sirna_1104,U2OS,1,images/U2OS-02/Plate1,{experiment}/Plate{plate}/{well}_s{site}_w{channel}.png,images
U2OS-02_1_H21,U2OS-02,1,H21,sirna_803,U2OS,1,images/U2OS-02/Plate1,{experiment}/Plate{plate}/{well}_s{site}_w{channel}.png,images
U2OS-02_1_H23,U2OS-02,1,H23,sirna_788,U2OS,1,images/U2OS-02/Plate1,{experiment}/Plate{plate}/{well}_s{site}_w{channel}.png,images
U2OS-02_1_I02,U2OS-02,1,I02,sirna_462,U2OS,1,images/U2OS-02/Plate1,{experiment}/Plate{plate}/{well}_s{site}_w{channel}.png,images
U2OS-02_1_I03,U2OS-02,1,I03,sirna_334,U2OS,1,images/U2OS-02/Plate1,{experiment}/Plate{plate}/{well}_s{site}_w{channel}.png,images
U2OS-02_1_I04,U2OS-02,1,I04,sirna_66,U2OS,1,images/U2OS-02/Plate1,{experiment}/Plate{plate}/{well}_s{site}_w{channel}.png,images
U2OS-02_1_I05,U2OS-02,1,I05,sirna_23,U2OS,1,images/U2OS-02/Plate1,{experiment}/Plate{plate}/{well}_s{site}_w{channel}.png,images
U2OS-02_1_I06,U2OS-02,1,I06,sirna_539,U2OS,1,images/U2OS-02/Plate1,{experiment}/Plate{plate}/{well}_s{site}_w{channel}.png,images
U2OS-02_1_I07,U2OS-02,1,I07,sirna_846,U2OS,1,images/U2OS-02/Plate1,{experiment}/Plate{plate}/{well}_s{site}_w{channel}.png,images
U2OS-02_1_I08,U2OS-02,1,I08,sirna_1127,U2OS,1,images/U2OS-02/Plate1,{experiment}/Plate{plate}/{well}_s{site}_w{channel}.png,images
U2OS-02_1_I09,U2OS-02,1,I09,sirna_1016,U2OS,1,images/U2OS-02/Plate1,{experiment}/Plate{plate}/{well}_s{site}_w{channel}.png,images
U2OS-02_1_I10,U2OS-02,1,I10,sirna_906,U2OS,1,images/U2OS-02/Plate1,{experiment}/Plate{plate}/{well}_s{site}_w{channel}.png,images
U2OS-02_1_I11,U2OS-02,1,I11,sirna_716,U2OS,1,images/U2OS-02/Plate1,{experiment}/Plate{plate}/{well}_s{site}_w{channel}.png,images
U2OS-02_1_I12,U2OS-02,1,I12,sirna_39,U2OS,1,images/U2OS-02/Plate1,{experiment}/Plate{plate}/{well}_s{site}_w{channel}.png,images
U2OS-02_1_I13,U2OS-02,1,I13,sirna_1046,U2OS,1,images/U2OS-02/Plate1,{experiment}/Plate{plate}/{well}_s{site}_w{channel}.png,images
U2OS-02_1_I14,U2OS-02,1,I14,sirna_238,U2OS,1,images/U2OS-02/Plate1,{experiment}/Plate{plate}/{well}_s{site}_w{channel}.png,images
U2OS-02_1_I15,U2OS-02,1,I15,sirna_51,U2OS,1,images/U2OS-02/Plate1,{experiment}/Plate{plate}/{well}_s{site}_w{channel}.png,images
U2OS-02_1_I16,U2OS-02,1,I16,sirna_279,U2OS,1,images/U2OS-02/Plate1,{experiment}/Plate{plate}/{well}_s{site}_w{channel}.png,images
U2OS-02_1_I17,U2OS-02,1,I17,sirna_1137,U2OS,1,images/U2OS-02/Plate1,{experiment}/Plate{plate}/{well}_s{site}_w{channel}.png,images
U2OS-02_1_I18,U2OS-02,1,I18,sirna_102,U2OS,1,images/U2OS-02/Plate1,{experiment}/Plate{plate}/{well}_s{site}_w{channel}.png,images
U2OS-02_1_I19,U2OS-02,1,I19,sirna_915,U2OS,1,images/U2OS-02/Plate1,{experiment}/Plate{plate}/{well}_s{site}_w{channel}.png,images
U2OS-02_1_I20,U2OS-02,1,I20,sirna_1102,U2OS,1,images/U2OS-02/Plate1,{experiment}/Plate{plate}/{well}_s{site}_w{channel}.png,images
U2OS-02_1_I21,U2OS-02,1,I21,sirna_934,U2OS,1,images/U2OS-02/Plate1,{experiment}/Plate{plate}/{well}_s{site}_w{channel}.png,images
U2OS-02_1_I22,U2OS-02,1,I22,sirna_90,U2OS,1,images/U2OS-02/Plate1,{experiment}/Plate{plate}/{well}_s{site}_w{channel}.png,images
U2OS-02_1_I23,U2OS-02,1,I23,sirna_521,U2OS,1,images/U2OS-02/Plate1,{experiment}/Plate{plate}/{well}_s{site}_w{channel}.png,images
U2OS-02_1_J02,U2OS-02,1,J02,sirna_202,U2OS,1,images/U2OS-02/Plate1,{experiment}/Plate{plate}/{well}_s{site}_w{channel}.png,images
U2OS-02_1_J04,U2OS-02,1,J04,sirna_715,U2OS,1,images/U2OS-02/Plate1,{experiment}/Plate{plate}/{well}_s{site}_w{channel}.png,images
U2OS-02_1_J05,U2OS-02,1,J05,sirna_298,U2OS,1,images/U2OS-02/Plate1,{experiment}/Plate{plate}/{well}_s{site}_w{channel}.png,images
U2OS-02_1_J06,U2OS-02,1,J06,sirna_501,U2OS,1,images/U2OS-02/Plate1,{experiment}/Plate{plate}/{well}_s{site}_w{channel}.png,images
U2OS-02_1_J08,U2OS-02,1,J08,sirna_475,U2OS,1,images/U2OS-02/Plate1,{experiment}/Plate{plate}/{well}_s{site}_w{channel}.png,images
U2OS-02_1_J09,U2OS-02,1,J09,sirna_837,U2OS,1,images/U2OS-02/Plate1,{experiment}/Plate{plate}/{well}_s{site}_w{channel}.png,images
U2OS-02_1_J10,U2OS-02,1,J10,sirna_321,U2OS,1,images/U2OS-02/Plate1,{experiment}/Plate{plate}/{well}_s{site}_w{channel}.png,images
U2OS-02_1_J12,U2OS-02,1,J12,sirna_1115,U2OS,1,images/U2OS-02/Plate1,{experiment}/Plate{plate}/{well}_s{site}_w{channel}.png,images
U2OS-02_1_J13,U2OS-02,1,J13,sirna_659,U2OS,1,images/U2OS-02/Plate1,{experiment}/Plate{plate}/{well}_s{site}_w{channel}.png,images
U2OS-02_1_J14,U2OS-02,1,J14,sirna_78,U2OS,1,images/U2OS-02/Plate1,{experiment}/Plate{plate}/{well}_s{site}_w{channel}.png,images
U2OS-02_1_J16,U2OS-02,1,J16,sirna_917,U2OS,1,images/U2OS-02/Plate1,{experiment}/Plate{plate}/{well}_s{site}_w{channel}.png,images
U2OS-02_1_J17,U2OS-02,1,J17,sirna_253,U2OS,1,images/U2OS-02/Plate1,{experiment}/Plate{plate}/{well}_s{site}_w{channel}.png,images
U2OS-02_1_J18,U2OS-02,1,J18,sirna_831,U2OS,1,images/U2OS-02/Plate1,{experiment}/Plate{plate}/{well}_s{site}_w{channel}.png,images
U2OS-02_1_J20,U2OS-02,1,J20,sirna_251,U2OS,1,images/U2OS-02/Plate1,{experiment}/Plate{plate}/{well}_s{site}_w{channel}.png,images
U2OS-02_1_J21,U2OS-02,1,J21,sirna_426,U2OS,1,images/U2OS-02/Plate1,{experiment}/Plate{plate}/{well}_s{site}_w{channel}.png,images
U2OS-02_1_J23,U2OS-02,1,J23,sirna_550,U2OS,1,images/U2OS-02/Plate1,{experiment}/Plate{plate}/{well}_s{site}_w{channel}.png,images
U2OS-02_1_K02,U2OS-02,1,K02,sirna_907,U2OS,1,images/U2OS-02/Plate1,{experiment}/Plate{plate}/{well}_s{site}_w{channel}.png,images
U2OS-02_1_K03,U2OS-02,1,K03,sirna_504,U2OS,1,images/U2OS-02/Plate1,{experiment}/Plate{plate}/{well}_s{site}_w{channel}.png,images
U2OS-02_1_K04,U2OS-02,1,K04,sirna_1021,U2OS,1,images/U2OS-02/Plate1,{experiment}/Plate{plate}/{well}_s{site}_w{channel}.png,images
U2OS-02_1_K05,U2OS-02,1,K05,sirna_224,U2OS,1,images/U2OS-02/Plate1,{experiment}/Plate{plate}/{well}_s{site}_w{channel}.png,images
U2OS-02_1_K06,U2OS-02,1,K06,sirna_997,U2OS,1,images/U2OS-02/Plate1,{experiment}/Plate{plate}/{well}_s{site}_w{channel}.png,images
U2OS-02_1_K07,U2OS-02,1,K07,sirna_46,U2OS,1,images/U2OS-02/Plate1,{experiment}/Plate{plate}/{well}_s{site}_w{channel}.png,images
U2OS-02_1_K08,U2OS-02,1,K08,sirna_811,U2OS,1,images/U2OS-02/Plate1,{experiment}/Plate{plate}/{well}_s{site}_w{channel}.png,images
U2OS-02_1_K09,U2OS-02,1,K09,sirna_232,U2OS,1,images/U2OS-02/Plate1,{experiment}/Plate{plate}/{well}_s{site}_w{channel}.png,images
U2OS-02_1_K10,U2OS-02,1,K10,sirna_183,U2OS,1,images/U2OS-02/Plate1,{experiment}/Plate{plate}/{well}_s{site}_w{channel}.png,images
U2OS-02_1_K11,U2OS-02,1,K11,sirna_709,U2OS,1,images/U2OS-02/Plate1,{experiment}/Plate{plate}/{well}_s{site}_w{channel}.png,images
U2OS-02_1_K12,U2OS-02,1,K12,sirna_998,U2OS,1,images/U2OS-02/Plate1,{experiment}/Plate{plate}/{well}_s{site}_w{channel}.png,images
U2OS-02_1_K13,U2OS-02,1,K13,sirna_615,U2OS,1,images/U2OS-02/Plate1,{experiment}/Plate{plate}/{well}_s{site}_w{channel}.png,images
U2OS-02_1_K14,U2OS-02,1,K14,sirna_664,U2OS,1,images/U2OS-02/Plate1,{experiment}/Plate{plate}/{well}_s{site}_w{channel}.png,images
U2OS-02_1_K15,U2OS-02,1,K15,sirna_428,U2OS,1,images/U2OS-02/Plate1,{experiment}/Plate{plate}/{well}_s{site}_w{channel}.png,images
U2OS-02_1_K16,U2OS-02,1,K16,sirna_733,U2OS,1,images/U2OS-02/Plate1,{experiment}/Plate{plate}/{well}_s{site}_w{channel}.png,images
U2OS-02_1_K17,U2OS-02,1,K17,sirna_631,U2OS,1,images/U2OS-02/Plate1,{experiment}/Plate{plate}/{well}_s{site}_w{channel}.png,images
U2OS-02_1_K18,U2OS-02,1,K18,sirna_953,U2OS,1,images/U2OS-02/Plate1,{experiment}/Plate{plate}/{well}_s{site}_w{channel}.png,images
U2OS-02_1_K19,U2OS-02,1,K19,sirna_437,U2OS,1,images/U2OS-02/Plate1,{experiment}/Plate{plate}/{well}_s{site}_w{channel}.png,images
U2OS-02_1_K20,U2OS-02,1,K20,sirna_191,U2OS,1,images/U2OS-02/Plate1,{experiment}/Plate{plate}/{well}_s{site}_w{channel}.png,images
U2OS-02_1_K21,U2OS-02,1,K21,sirna_496,U2OS,1,images/U2OS-02/Plate1,{experiment}/Plate{plate}/{well}_s{site}_w{channel}.png,images
U2OS-02_1_K22,U2OS-02,1,K22,sirna_367,U2OS,1,images/U2OS-02/Plate1,{experiment}/Plate{plate}/{well}_s{site}_w{channel}.png,images
U2OS-02_1_K23,U2OS-02,1,K23,sirna_754,U2OS,1,images/U2OS-02/Plate1,{experiment}/Plate{plate}/{well}_s{site}_w{channel}.png,images
U2OS-02_1_L02,U2OS-02,1,L02,sirna_735,U2OS,1,images/U2OS-02/Plate1,{experiment}/Plate{plate}/{well}_s{site}_w{channel}.png,images
U2OS-02_1_L03,U2OS-02,1,L03,sirna_254,U2OS,1,images/U2OS-02/Plate1,{experiment}/Plate{plate}/{well}_s{site}_w{channel}.png,images
U2OS-02_1_L04,U2OS-02,1,L04,sirna_895,U2OS,1,images/U2OS-02/Plate1,{experiment}/Plate{plate}/{well}_s{site}_w{channel}.png,images
U2OS-02_1_L05,U2OS-02,1,L05,sirna_197,U2OS,1,images/U2OS-02/Plate1,{experiment}/Plate{plate}/{well}_s{site}_w{channel}.png,images
U2OS-02_1_L06,U2OS-02,1,L06,sirna_112,U2OS,1,images/U2OS-02/Plate1,{experiment}/Plate{plate}/{well}_s{site}_w{channel}.png,images
U2OS-02_1_L07,U2OS-02,1,L07,sirna_419,U2OS,1,images/U2OS-02/Plate1,{experiment}/Plate{plate}/{well}_s{site}_w{channel}.png,images
U2OS-02_1_L08,U2OS-02,1,L08,sirna_668,U2OS,1,images/U2OS-02/Plate1,{experiment}/Plate{plate}/{well}_s{site}_w{channel}.png,images
U2OS-02_1_L09,U2OS-02,1,L09,sirna_799,U2OS,1,images/U2OS-02/Plate1,{experiment}/Plate{plate}/{well}_s{site}_w{channel}.png,images
U2OS-02_1_L10,U2OS-02,1,L10,sirna_843,U2OS,1,images/U2OS-02/Plate1,{experiment}/Plate{plate}/{well}_s{site}_w{channel}.png,images
U2OS-02_1_L11,U2OS-02,1,L11,sirna_928,U2OS,1,images/U2OS-02/Plate1,{experiment}/Plate{plate}/{well}_s{site}_w{channel}.png,images
U2OS-02_1_L12,U2OS-02,1,L12,sirna_218,U2OS,1,images/U2OS-02/Plate1,{experiment}/Plate{plate}/{well}_s{site}_w{channel}.png,images
U2OS-02_1_L13,U2OS-02,1,L13,sirna_325,U2OS,1,images/U2OS-02/Plate1,{experiment}/Plate{plate}/{well}_s{site}_w{channel}.png,images
U2OS-02_1_L14,U2OS-02,1,L14,sirna_948,U2OS,1,images/U2OS-02/Plate1,{experiment}/Plate{plate}/{well}_s{site}_w{channel}.png,images
U2OS-02_1_L15,U2OS-02,1,L15,sirna_217,U2OS,1,images/U2OS-02/Plate1,{experiment}/Plate{plate}/{well}_s{site}_w{channel}.png,images
U2OS-02_1_L16,U2OS-02,1,L16,sirna_870,U2OS,1,images/U2OS-02/Plate1,{experiment}/Plate{plate}/{well}_s{site}_w{channel}.png,images
U2OS-02_1_L17,U2OS-02,1,L17,sirna_185,U2OS,1,images/U2OS-02/Plate1,{experiment}/Plate{plate}/{well}_s{site}_w{channel}.png,images
U2OS-02_1_L18,U2OS-02,1,L18,sirna_494,U2OS,1,images/U2OS-02/Plate1,{experiment}/Plate{plate}/{well}_s{site}_w{channel}.png,images
U2OS-02_1_L19,U2OS-02,1,L19,sirna_186,U2OS,1,images/U2OS-02/Plate1,{experiment}/Plate{plate}/{well}_s{site}_w{channel}.png,images
U2OS-02_1_L20,U2OS-02,1,L20,sirna_649,U2OS,1,images/U2OS-02/Plate1,{experiment}/Plate{plate}/{well}_s{site}_w{channel}.png,images
U2OS-02_1_L21,U2OS-02,1,L21,sirna_43,U2OS,1,images/U2OS-02/Plate1,{experiment}/Plate{plate}/{well}_s{site}_w{channel}.png,images
U2OS-02_1_L22,U2OS-02,1,L22,sirna_263,U2OS,1,images/U2OS-02/Plate1,{experiment}/Plate{plate}/{well}_s{site}_w{channel}.png,images
U2OS-02_1_L23,U2OS-02,1,L23,sirna_1112,U2OS,1,images/U2OS-02/Plate1,{experiment}/Plate{plate}/{well}_s{site}_w{channel}.png,images
U2OS-02_1_M02,U2OS-02,1,M02,sirna_134,U2OS,1,images/U2OS-02/Plate1,{experiment}/Plate{plate}/{well}_s{site}_w{channel}.png,images
U2OS-02_1_M04,U2OS-02,1,M04,sirna_215,U2OS,1,images/U2OS-02/Plate1,{experiment}/Plate{plate}/{well}_s{site}_w{channel}.png,images
U2OS-02_1_M05,U2OS-02,1,M05,sirna_606,U2OS,1,images/U2OS-02/Plate1,{experiment}/Plate{plate}/{well}_s{site}_w{channel}.png,images
U2OS-02_1_M06,U2OS-02,1,M06,sirna_225,U2OS,1,images/U2OS-02/Plate1,{experiment}/Plate{plate}/{well}_s{site}_w{channel}.png,images
U2OS-02_1_M08,U2OS-02,1,M08,sirna_113,U2OS,1,images/U2OS-02/Plate1,{experiment}/Plate{plate}/{well}_s{site}_w{channel}.png,images
U2OS-02_1_M09,U2OS-02,1,M09,sirna_553,U2OS,1,images/U2OS-02/Plate1,{experiment}/Plate{plate}/{well}_s{site}_w{channel}.png,images
U2OS-02_1_M10,U2OS-02,1,M10,sirna_343,U2OS,1,images/U2OS-02/Plate1,{experiment}/Plate{plate}/{well}_s{site}_w{channel}.png,images
U2OS-02_1_M12,U2OS-02,1,M12,sirna_955,U2OS,1,images/U2OS-02/Plate1,{experiment}/Plate{plate}/{well}_s{site}_w{channel}.png,images
U2OS-02_1_M13,U2OS-02,1,M13,sirna_678,U2OS,1,images/U2OS-02/Plate1,{experiment}/Plate{plate}/{well}_s{site}_w{channel}.png,images
U2OS-02_1_M14,U2OS-02,1,M14,sirna_355,U2OS,1,images/U2OS-02/Plate1,{experiment}/Plate{plate}/{well}_s{site}_w{channel}.png,images
U2OS-02_1_M16,U2OS-02,1,M16,sirna_1062,U2OS,1,images/U2OS-02/Plate1,{experiment}/Plate{plate}/{well}_s{site}_w{channel}.png,images
U2OS-02_1_M17,U2OS-02,1,M17,sirna_561,U2OS,1,images/U2OS-02/Plate1,{experiment}/Plate{plate}/{well}_s{site}_w{channel}.png,images
U2OS-02_1_M18,U2OS-02,1,M18,sirna_439,U2OS,1,images/U2OS-02/Plate1,{experiment}/Plate{plate}/{well}_s{site}_w{channel}.png,images
U2OS-02_1_M20,U2OS-02,1,M20,sirna_264,U2OS,1,images/U2OS-02/Plate1,{experiment}/Plate{plate}/{well}_s{site}_w{channel}.png,images
U2OS-02_1_M21,U2OS-02,1,M21,sirna_181,U2OS,1,images/U2OS-02/Plate1,{experiment}/Plate{plate}/{well}_s{site}_w{channel}.png,images
U2OS-02_1_M23,U2OS-02,1,M23,sirna_585,U2OS,1,images/U2OS-02/Plate1,{experiment}/Plate{plate}/{well}_s{site}_w{channel}.png,images
U2OS-02_1_N02,U2OS-02,1,N02,sirna_292,U2OS,1,images/U2OS-02/Plate1,{experiment}/Plate{plate}/{well}_s{site}_w{channel}.png,images
U2OS-02_1_N03,U2OS-02,1,N03,sirna_622,U2OS,1,images/U2OS-02/Plate1,{experiment}/Plate{plate}/{well}_s{site}_w{channel}.png,images
U2OS-02_1_N04,U2OS-02,1,N04,sirna_1111,U2OS,1,images/U2OS-02/Plate1,{experiment}/Plate{plate}/{well}_s{site}_w{channel}.png,images
U2OS-02_1_N05,U2OS-02,1,N05,sirna_1081,U2OS,1,images/U2OS-02/Plate1,{experiment}/Plate{plate}/{well}_s{site}_w{channel}.png,images
U2OS-02_1_N06,U2OS-02,1,N06,sirna_289,U2OS,1,images/U2OS-02/Plate1,{experiment}/Plate{plate}/{well}_s{site}_w{channel}.png,images
U2OS-02_1_N07,U2OS-02,1,N07,sirna_60,U2OS,1,images/U2OS-02/Plate1,{experiment}/Plate{plate}/{well}_s{site}_w{channel}.png,images
U2OS-02_1_N08,U2OS-02,1,N08,sirna_727,U2OS,1,images/U2OS-02/Plate1,{experiment}/Plate{plate}/{well}_s{site}_w{channel}.png,images
U2OS-02_1_N09,U2OS-02,1,N09,sirna_593,U2OS,1,images/U2OS-02/Plate1,{experiment}/Plate{plate}/{well}_s{site}_w{channel}.png,images
U2OS-02_1_N10,U2OS-02,1,N10,sirna_872,U2OS,1,images/U2OS-02/Plate1,{experiment}/Plate{plate}/{well}_s{site}_w{channel}.png,images
U2OS-02_1_N11,U2OS-02,1,N11,sirna_425,U2OS,1,images/U2OS-02/Plate1,{experiment}/Plate{plate}/{well}_s{site}_w{channel}.png,images
U2OS-02_1_N12,U2OS-02,1,N12,sirna_701,U2OS,1,images/U2OS-02/Plate1,{experiment}/Plate{plate}/{well}_s{site}_w{channel}.png,images
U2OS-02_1_N13,U2OS-02,1,N13,sirna_1004,U2OS,1,images/U2OS-02/Plate1,{experiment}/Plate{plate}/{well}_s{site}_w{channel}.png,images
U2OS-02_1_N14,U2OS-02,1,N14,sirna_129,U2OS,1,images/U2OS-02/Plate1,{experiment}/Plate{plate}/{well}_s{site}_w{channel}.png,images
U2OS-02_1_N15,U2OS-02,1,N15,sirna_711,U2OS,1,images/U2OS-02/Plate1,{experiment}/Plate{plate}/{well}_s{site}_w{channel}.png,images
U2OS-02_1_N16,U2OS-02,1,N16,sirna_555,U2OS,1,images/U2OS-02/Plate1,{experiment}/Plate{plate}/{well}_s{site}_w{channel}.png,images
U2OS-02_1_N17,U2OS-02,1,N17,sirna_239,U2OS,1,images/U2OS-02/Plate1,{experiment}/Plate{plate}/{well}_s{site}_w{channel}.png,images
U2OS-02_1_N18,U2OS-02,1,N18,sirna_908,U2OS,1,images/U2OS-02/Plate1,{experiment}/Plate{plate}/{well}_s{site}_w{channel}.png,images
U2OS-02_1_N19,U2OS-02,1,N19,sirna_241,U2OS,1,images/U2OS-02/Plate1,{experiment}/Plate{plate}/{well}_s{site}_w{channel}.png,images
U2OS-02_1_N20,U2OS-02,1,N20,sirna_275,U2OS,1,images/U2OS-02/Plate1,{experiment}/Plate{plate}/{well}_s{site}_w{channel}.png,images
U2OS-02_1_N21,U2OS-02,1,N21,sirna_465,U2OS,1,images/U2OS-02/Plate1,{experiment}/Plate{plate}/{well}_s{site}_w{channel}.png,images
U2OS-02_1_N22,U2OS-02,1,N22,sirna_193,U2OS,1,images/U2OS-02/Plate1,{experiment}/Plate{plate}/{well}_s{site}_w{channel}.png,images
U2OS-02_1_N23,U2OS-02,1,N23,sirna_99,U2OS,1,images/U2OS-02/Plate1,{experiment}/Plate{plate}/{well}_s{site}_w{channel}.png,images
U2OS-02_1_O02,U2OS-02,1,O02,sirna_610,U2OS,1,images/U2OS-02/Plate1,{experiment}/Plate{plate}/{well}_s{site}_w{channel}.png,images
U2OS-02_1_O03,U2OS-02,1,O03,sirna_670,U2OS,1,images/U2OS-02/Plate1,{experiment}/Plate{plate}/{well}_s{site}_w{channel}.png,images
U2OS-02_1_O04,U2OS-02,1,O04,sirna_229,U2OS,1,images/U2OS-02/Plate1,{experiment}/Plate{plate}/{well}_s{site}_w{channel}.png,images
U2OS-02_1_O05,U2OS-02,1,O05,sirna_58,U2OS,1,images/U2OS-02/Plate1,{experiment}/Plate{plate}/{well}_s{site}_w{channel}.png,images
U2OS-02_1_O06,U2OS-02,1,O06,sirna_942,U2OS,1,images/U2OS-02/Plate1,{experiment}/Plate{plate}/{well}_s{site}_w{channel}.png,images
U2OS-02_1_O07,U2OS-02,1,O07,sirna_226,U2OS,1,images/U2OS-02/Plate1,{experiment}/Plate{plate}/{well}_s{site}_w{channel}.png,images
U2OS-02_1_O08,U2OS-02,1,O08,sirna_18,U2OS,1,images/U2OS-02/Plate1,{experiment}/Plate{plate}/{well}_s{site}_w{channel}.png,images
U2OS-02_1_O09,U2OS-02,1,O09,sirna_695,U2OS,1,images/U2OS-02/Plate1,{experiment}/Plate{plate}/{well}_s{site}_w{channel}.png,images
U2OS-02_1_O10,U2OS-02,1,O10,sirna_45,U2OS,1,images/U2OS-02/Plate1,{experiment}/Plate{plate}/{well}_s{site}_w{channel}.png,images
U2OS-02_1_O11,U2OS-02,1,O11,sirna_344,U2OS,1,images/U2OS-02/Plate1,{experiment}/Plate{plate}/{well}_s{site}_w{channel}.png,images
U2OS-02_1_O12,U2OS-02,1,O12,sirna_372,U2OS,1,images/U2OS-02/Plate1,{experiment}/Plate{plate}/{well}_s{site}_w{channel}.png,images
U2OS-02_1_O13,U2OS-02,1,O13,sirna_93,U2OS,1,images/U2OS-02/Plate1,{experiment}/Plate{plate}/{well}_s{site}_w{channel}.png,images
U2OS-02_1_O14,U2OS-02,1,O14,sirna_375,U2OS,1,images/U2OS-02/Plate1,{experiment}/Plate{plate}/{well}_s{site}_w{channel}.png,images
U2OS-02_1_O15,U2OS-02,1,O15,sirna_910,U2OS,1,images/U2OS-02/Plate1,{experiment}/Plate{plate}/{well}_s{site}_w{channel}.png,images
U2OS-02_1_O16,U2OS-02,1,O16,sirna_611,U2OS,1,images/U2OS-02/Plate1,{experiment}/Plate{plate}/{well}_s{site}_w{channel}.png,images
U2OS-02_1_O17,U2OS-02,1,O17,sirna_163,U2OS,1,images/U2OS-02/Plate1,{experiment}/Plate{plate}/{well}_s{site}_w{channel}.png,images
U2OS-02_1_O18,U2OS-02,1,O18,sirna_1116,U2OS,1,images/U2OS-02/Plate1,{experiment}/Plate{plate}/{well}_s{site}_w{channel}.png,images
U2OS-02_1_O19,U2OS-02,1,O19,sirna_118,U2OS,1,images/U2OS-02/Plate1,{experiment}/Plate{plate}/{well}_s{site}_w{channel}.png,images
U2OS-02_1_O20,U2OS-02,1,O20,sirna_483,U2OS,1,images/U2OS-02/Plate1,{experiment}/Plate{plate}/{well}_s{site}_w{channel}.png,images
U2OS-02_1_O21,U2OS-02,1,O21,sirna_209,U2OS,1,images/U2OS-02/Plate1,{experiment}/Plate{plate}/{well}_s{site}_w{channel}.png,images
U2OS-02_1_O22,U2OS-02,1,O22,sirna_213,U2OS,1,images/U2OS-02/Plate1,{experiment}/Plate{plate}/{well}_s{site}_w{channel}.png,images
U2OS-02_1_O23,U2OS-02,1,O23,sirna_1098,U2OS,1,images/U2OS-02/Plate1,{experiment}/Plate{plate}/{well}_s{site}_w{channel}.png,images
U2OS-02_2_B03,U2OS-02,2,B03,sirna_669,U2OS,1,images/U2OS-02/Plate2,{experiment}/Plate{plate}/{well}_s{site}_w{channel}.png,images
U2OS-02_2_B04,U2OS-02,2,B04,sirna_721,U2OS,1,images/U2OS-02/Plate2,{experiment}/Plate{plate}/{well}_s{site}_w{channel}.png,images
U2OS-02_2_B05,U2OS-02,2,B05,sirna_479,U2OS,1,images/U2OS-02/Plate2,{experiment}/Plate{plate}/{well}_s{site}_w{channel}.png,images
U2OS-02_2_B06,U2OS-02,2,B06,sirna_67,U2OS,1,images/U2OS-02/Plate2,{experiment}/Plate{plate}/{well}_s{site}_w{channel}.png,images
U2OS-02_2_B07,U2OS-02,2,B07,sirna_946,U2OS,1,images/U2OS-02/Plate2,{experiment}/Plate{plate}/{well}_s{site}_w{channel}.png,images
U2OS-02_2_B08,U2OS-02,2,B08,sirna_556,U2OS,1,images/U2OS-02/Plate2,{experiment}/Plate{plate}/{well}_s{site}_w{channel}.png,images
U2OS-02_2_B09,U2OS-02,2,B09,sirna_862,U2OS,1,images/U2OS-02/Plate2,{experiment}/Plate{plate}/{well}_s{site}_w{channel}.png,images
U2OS-02_2_B10,U2OS-02,2,B10,sirna_41,U2OS,1,images/U2OS-02/Plate2,{experiment}/Plate{plate}/{well}_s{site}_w{channel}.png,images
U2OS-02_2_B11,U2OS-02,2,B11,sirna_697,U2OS,1,images/U2OS-02/Plate2,{experiment}/Plate{plate}/{well}_s{site}_w{channel}.png,images
U2OS-02_2_B12,U2OS-02,2,B12,sirna_77,U2OS,1,images/U2OS-02/Plate2,{experiment}/Plate{plate}/{well}_s{site}_w{channel}.png,images
U2OS-02_2_B13,U2OS-02,2,B13,sirna_1100,U2OS,1,images/U2OS-02/Plate2,{experiment}/Plate{plate}/{well}_s{site}_w{channel}.png,images
U2OS-02_2_B14,U2OS-02,2,B14,sirna_409,U2OS,1,images/U2OS-02/Plate2,{experiment}/Plate{plate}/{well}_s{site}_w{channel}.png,images
U2OS-02_2_B15,U2OS-02,2,B15,sirna_281,U2OS,1,images/U2OS-02/Plate2,{experiment}/Plate{plate}/{well}_s{site}_w{channel}.png,images
U2OS-02_2_B16,U2OS-02,2,B16,sirna_7,U2OS,1,images/U2OS-02/Plate2,{experiment}/Plate{plate}/{well}_s{site}_w{channel}.png,images
U2OS-02_2_B17,U2OS-02,2,B17,sirna_974,U2OS,1,images/U2OS-02/Plate2,{experiment}/Plate{plate}/{well}_s{site}_w{channel}.png,images
U2OS-02_2_B18,U2OS-02,2,B18,sirna_328,U2OS,1,images/U2OS-02/Plate2,{experiment}/Plate{plate}/{well}_s{site}_w{channel}.png,images
U2OS-02_2_B19,U2OS-02,2,B19,sirna_485,U2OS,1,images/U2OS-02/Plate2,{experiment}/Plate{plate}/{well}_s{site}_w{channel}.png,images
U2OS-02_2_B20,U2OS-02,2,B20,sirna_208,U2OS,1,images/U2OS-02/Plate2,{experiment}/Plate{plate}/{well}_s{site}_w{channel}.png,images
U2OS-02_2_B21,U2OS-02,2,B21,sirna_705,U2OS,1,images/U2OS-02/Plate2,{experiment}/Plate{plate}/{well}_s{site}_w{channel}.png,images
U2OS-02_2_B22,U2OS-02,2,B22,sirna_106,U2OS,1,images/U2OS-02/Plate2,{experiment}/Plate{plate}/{well}_s{site}_w{channel}.png,images
U2OS-02_2_B23,U2OS-02,2,B23,sirna_440,U2OS,1,images/U2OS-02/Plate2,{experiment}/Plate{plate}/{well}_s{site}_w{channel}.png,images
U2OS-02_2_C02,U2OS-02,2,C02,sirna_1067,U2OS,1,images/U2OS-02/Plate2,{experiment}/Plate{plate}/{well}_s{site}_w{channel}.png,images
U2OS-02_2_C04,U2OS-02,2,C04,sirna_92,U2OS,1,images/U2OS-02/Plate2,{experiment}/Plate{plate}/{well}_s{site}_w{channel}.png,images
U2OS-02_2_C05,U2OS-02,2,C05,sirna_297,U2OS,1,images/U2OS-02/Plate2,{experiment}/Plate{plate}/{well}_s{site}_w{channel}.png,images
U2OS-02_2_C06,U2OS-02,2,C06,sirna_623,U2OS,1,images/U2OS-02/Plate2,{experiment}/Plate{plate}/{well}_s{site}_w{channel}.png,images
U2OS-02_2_C08,U2OS-02,2,C08,sirna_578,U2OS,1,images/U2OS-02/Plate2,{experiment}/Plate{plate}/{well}_s{site}_w{channel}.png,images
U2OS-02_2_C09,U2OS-02,2,C09,sirna_1094,U2OS,1,images/U2OS-02/Plate2,{experiment}/Plate{plate}/{well}_s{site}_w{channel}.png,images
U2OS-02_2_C10,U2OS-02,2,C10,sirna_97,U2OS,1,images/U2OS-02/Plate2,{experiment}/Plate{plate}/{well}_s{site}_w{channel}.png,images
U2OS-02_2_C12,U2OS-02,2,C12,sirna_1028,U2OS,1,images/U2OS-02/Plate2,{experiment}/Plate{plate}/{well}_s{site}_w{channel}.png,images
U2OS-02_2_C13,U2OS-02,2,C13,sirna_914,U2OS,1,images/U2OS-02/Plate2,{experiment}/Plate{plate}/{well}_s{site}_w{channel}.png,images
U2OS-02_2_C14,U2OS-02,2,C14,sirna_547,U2OS,1,images/U2OS-02/Plate2,{experiment}/Plate{plate}/{well}_s{site}_w{channel}.png,images
U2OS-02_2_C16,U2OS-02,2,C16,sirna_490,U2OS,1,images/U2OS-02/Plate2,{experiment}/Plate{plate}/{well}_s{site}_w{channel}.png,images
U2OS-02_2_C17,U2OS-02,2,C17,sirna_939,U2OS,1,images/U2OS-02/Plate2,{experiment}/Plate{plate}/{well}_s{site}_w{channel}.png,images
U2OS-02_2_C18,U2OS-02,2,C18,sirna_966,U2OS,1,images/U2OS-02/Plate2,{experiment}/Plate{plate}/{well}_s{site}_w{channel}.png,images
U2OS-02_2_C20,U2OS-02,2,C20,sirna_855,U2OS,1,images/U2OS-02/Plate2,{experiment}/Plate{plate}/{well}_s{site}_w{channel}.png,images
U2OS-02_2_C21,U2OS-02,2,C21,sirna_579,U2OS,1,images/U2OS-02/Plate2,{experiment}/Plate{plate}/{well}_s{site}_w{channel}.png,images
U2OS-02_2_C23,U2OS-02,2,C23,sirna_154,U2OS,1,images/U2OS-02/Plate2,{experiment}/Plate{plate}/{well}_s{site}_w{channel}.png,images
U2OS-02_2_D02,U2OS-02,2,D02,sirna_642,U2OS,1,images/U2OS-02/Plate2,{experiment}/Plate{plate}/{well}_s{site}_w{channel}.png,images
U2OS-02_2_D03,U2OS-02,2,D03,sirna_937,U2OS,1,images/U2OS-02/Plate2,{experiment}/Plate{plate}/{well}_s{site}_w{channel}.png,images
U2OS-02_2_D04,U2OS-02,2,D04,sirna_1043,U2OS,1,images/U2OS-02/Plate2,{experiment}/Plate{plate}/{well}_s{site}_w{channel}.png,images
U2OS-02_2_D05,U2OS-02,2,D05,sirna_230,U2OS,1,images/U2OS-02/Plate2,{experiment}/Plate{plate}/{well}_s{site}_w{channel}.png,images
U2OS-02_2_D06,U2OS-02,2,D06,sirna_725,U2OS,1,images/U2OS-02/Plate2,{experiment}/Plate{plate}/{well}_s{site}_w{channel}.png,images
U2OS-02_2_D07,U2OS-02,2,D07,sirna_619,U2OS,1,images/U2OS-02/Plate2,{experiment}/Plate{plate}/{well}_s{site}_w{channel}.png,images
U2OS-02_2_D08,U2OS-02,2,D08,sirna_784,U2OS,1,images/U2OS-02/Plate2,{experiment}/Plate{plate}/{well}_s{site}_w{channel}.png,images
U2OS-02_2_D09,U2OS-02,2,D09,sirna_204,U2OS,1,images/U2OS-02/Plate2,{experiment}/Plate{plate}/{well}_s{site}_w{channel}.png,images
U2OS-02_2_D10,U2OS-02,2,D10,sirna_600,U2OS,1,images/U2OS-02/Plate2,{experiment}/Plate{plate}/{well}_s{site}_w{channel}.png,images
U2OS-02_2_D11,U2OS-02,2,D11,sirna_643,U2OS,1,images/U2OS-02/Plate2,{experiment}/Plate{plate}/{well}_s{site}_w{channel}.png,images
U2OS-02_2_D12,U2OS-02,2,D12,sirna_1082,U2OS,1,images/U2OS-02/Plate2,{experiment}/Plate{plate}/{well}_s{site}_w{channel}.png,images
U2OS-02_2_D13,U2OS-02,2,D13,sirna_179,U2OS,1,images/U2OS-02/Plate2,{experiment}/Plate{plate}/{well}_s{site}_w{channel}.png,images
U2OS-02_2_D14,U2OS-02,2,D14,sirna_1083,U2OS,1,images/U2OS-02/Plate2,{experiment}/Plate{plate}/{well}_s{site}_w{channel}.png,images
U2OS-02_2_D15,U2OS-02,2,D15,sirna_300,U2OS,1,images/U2OS-02/Plate2,{experiment}/Plate{plate}/{well}_s{site}_w{channel}.png,images
U2OS-02_2_D16,U2OS-02,2,D16,sirna_1125,U2OS,1,images/U2OS-02/Plate2,{experiment}/Plate{plate}/{well}_s{site}_w{channel}.png,images
U2OS-02_2_D17,U2OS-02,2,D17,sirna_918,U2OS,1,images/U2OS-02/Plate2,{experiment}/Plate{plate}/{well}_s{site}_w{channel}.png,images
U2OS-02_2_D18,U2OS-02,2,D18,sirna_359,U2OS,1,images/U2OS-02/Plate2,{experiment}/Plate{plate}/{well}_s{site}_w{channel}.png,images
U2OS-02_2_D19,U2OS-02,2,D19,sirna_399,U2OS,1,images/U2OS-02/Plate2,{experiment}/Plate{plate}/{well}_s{site}_w{channel}.png,images
U2OS-02_2_D20,U2OS-02,2,D20,sirna_242,U2OS,1,images/U2OS-02/Plate2,{experiment}/Plate{plate}/{well}_s{site}_w{channel}.png,images
U2OS-02_2_D21,U2OS-02,2,D21,sirna_468,U2OS,1,images/U2OS-02/Plate2,{experiment}/Plate{plate}/{well}_s{site}_w{channel}.png,images
U2OS-02_2_D22,U2OS-02,2,D22,sirna_164,U2OS,1,images/U2OS-02/Plate2,{experiment}/Plate{plate}/{well}_s{site}_w{channel}.png,images
U2OS-02_2_D23,U2OS-02,2,D23,sirna_573,U2OS,1,images/U2OS-02/Plate2,{experiment}/Plate{plate}/{well}_s{site}_w{channel}.png,images
U2OS-02_2_E02,U2OS-02,2,E02,sirna_30,U2OS,1,images/U2OS-02/Plate2,{experiment}/Plate{plate}/{well}_s{site}_w{channel}.png,images
U2OS-02_2_E03,U2OS-02,2,E03,sirna_886,U2OS,1,images/U2OS-02/Plate2,{experiment}/Plate{plate}/{well}_s{site}_w{channel}.png,images
U2OS-02_2_E04,U2OS-02,2,E04,sirna_38,U2OS,1,images/U2OS-02/Plate2,{experiment}/Plate{plate}/{well}_s{site}_w{channel}.png,images
U2OS-02_2_E05,U2OS-02,2,E05,sirna_875,U2OS,1,images/U2OS-02/Plate2,{experiment}/Plate{plate}/{well}_s{site}_w{channel}.png,images
U2OS-02_2_E06,U2OS-02,2,E06,sirna_700,U2OS,1,images/U2OS-02/Plate2,{experiment}/Plate{plate}/{well}_s{site}_w{channel}.png,images
U2OS-02_2_E07,U2OS-02,2,E07,sirna_628,U2OS,1,images/U2OS-02/Plate2,{experiment}/Plate{plate}/{well}_s{site}_w{channel}.png,images
U2OS-02_2_E08,U2OS-02,2,E08,sirna_184,U2OS,1,images/U2OS-02/Plate2,{experiment}/Plate{plate}/{well}_s{site}_w{channel}.png,images
U2OS-02_2_E09,U2OS-02,2,E09,sirna_776,U2OS,1,images/U2OS-02/Plate2,{experiment}/Plate{plate}/{well}_s{site}_w{channel}.png,images
U2OS-02_2_E10,U2OS-02,2,E10,sirna_362,U2OS,1,images/U2OS-02/Plate2,{experiment}/Plate{plate}/{well}_s{site}_w{channel}.png,images
U2OS-02_2_E11,U2OS-02,2,E11,sirna_860,U2OS,1,images/U2OS-02/Plate2,{experiment}/Plate{plate}/{well}_s{site}_w{channel}.png,images
U2OS-02_2_E12,U2OS-02,2,E12,sirna_763,U2OS,1,images/U2OS-02/Plate2,{experiment}/Plate{plate}/{well}_s{site}_w{channel}.png,images
U2OS-02_2_E13,U2OS-02,2,E13,sirna_406,U2OS,1,images/U2OS-02/Plate2,{experiment}/Plate{plate}/{well}_s{site}_w{channel}.png,images
U2OS-02_2_E14,U2OS-02,2,E14,sirna_676,U2OS,1,images/U2OS-02/Plate2,{experiment}/Plate{plate}/{well}_s{site}_w{channel}.png,images
U2OS-02_2_E15,U2OS-02,2,E15,sirna_976,U2OS,1,images/U2OS-02/Plate2,{experiment}/Plate{plate}/{well}_s{site}_w{channel}.png,images
U2OS-02_2_E16,U2OS-02,2,E16,sirna_276,U2OS,1,images/U2OS-02/Plate2,{experiment}/Plate{plate}/{well}_s{site}_w{channel}.png,images
U2OS-02_2_E17,U2OS-02,2,E17,sirna_357,U2OS,1,images/U2OS-02/Plate2,{experiment}/Plate{plate}/{well}_s{site}_w{channel}.png,images
U2OS-02_2_E18,U2OS-02,2,E18,sirna_47,U2OS,1,images/U2OS-02/Plate2,{experiment}/Plate{plate}/{well}_s{site}_w{channel}.png,images
U2OS-02_2_E19,U2OS-02,2,E19,sirna_471,U2OS,1,images/U2OS-02/Plate2,{experiment}/Plate{plate}/{well}_s{site}_w{channel}.png,images
U2OS-02_2_E20,U2OS-02,2,E20,sirna_894,U2OS,1,images/U2OS-02/Plate2,{experiment}/Plate{plate}/{well}_s{site}_w{channel}.png,images
U2OS-02_2_E21,U2OS-02,2,E21,sirna_107,U2OS,1,images/U2OS-02/Plate2,{experiment}/Plate{plate}/{well}_s{site}_w{channel}.png,images
U2OS-02_2_E22,U2OS-02,2,E22,sirna_100,U2OS,1,images/U2OS-02/Plate2,{experiment}/Plate{plate}/{well}_s{site}_w{channel}.png,images
U2OS-02_2_E23,U2OS-02,2,E23,sirna_400,U2OS,1,images/U2OS-02/Plate2,{experiment}/Plate{plate}/{well}_s{site}_w{channel}.png,images
U2OS-02_2_F02,U2OS-02,2,F02,sirna_780,U2OS,1,images/U2OS-02/Plate2,{experiment}/Plate{plate}/{well}_s{site}_w{channel}.png,images
U2OS-02_2_F04,U2OS-02,2,F04,sirna_192,U2OS,1,images/U2OS-02/Plate2,{experiment}/Plate{plate}/{well}_s{site}_w{channel}.png,images
U2OS-02_2_F05,U2OS-02,2,F05,sirna_746,U2OS,1,images/U2OS-02/Plate2,{experiment}/Plate{plate}/{well}_s{site}_w{channel}.png,images
U2OS-02_2_F06,U2OS-02,2,F06,sirna_900,U2OS,1,images/U2OS-02/Plate2,{experiment}/Plate{plate}/{well}_s{site}_w{channel}.png,images
U2OS-02_2_F08,U2OS-02,2,F08,sirna_773,U2OS,1,images/U2OS-02/Plate2,{experiment}/Plate{plate}/{well}_s{site}_w{channel}.png,images
U2OS-02_2_F09,U2OS-02,2,F09,sirna_96,U2OS,1,images/U2OS-02/Plate2,{experiment}/Plate{plate}/{well}_s{site}_w{channel}.png,images
U2OS-02_2_F10,U2OS-02,2,F10,sirna_1041,U2OS,1,images/U2OS-02/Plate2,{experiment}/Plate{plate}/{well}_s{site}_w{channel}.png,images
U2OS-02_2_F12,U2OS-02,2,F12,sirna_147,U2OS,1,images/U2OS-02/Plate2,{experiment}/Plate{plate}/{well}_s{site}_w{channel}.png,images
U2OS-02_2_F13,U2OS-02,2,F13,sirna_730,U2OS,1,images/U2OS-02/Plate2,{experiment}/Plate{plate}/{well}_s{site}_w{channel}.png,images
U2OS-02_2_F14,U2OS-02,2,F14,sirna_1045,U2OS,1,images/U2OS-02/Plate2,{experiment}/Plate{plate}/{well}_s{site}_w{channel}.png,images
U2OS-02_2_F16,U2OS-02,2,F16,sirna_233,U2OS,1,images/U2OS-02/Plate2,{experiment}/Plate{plate}/{well}_s{site}_w{channel}.png,images
U2OS-02_2_F17,U2OS-02,2,F17,sirna_1089,U2OS,1,images/U2OS-02/Plate2,{experiment}/Plate{plate}/{well}_s{site}_w{channel}.png,images
U2OS-02_2_F18,U2OS-02,2,F18,sirna_335,U2OS,1,images/U2OS-02/Plate2,{experiment}/Plate{plate}/{well}_s{site}_w{channel}.png,images
U2OS-02_2_F20,U2OS-02,2,F20,sirna_1097,U2OS,1,images/U2OS-02/Plate2,{experiment}/Plate{plate}/{well}_s{site}_w{channel}.png,images
U2OS-02_2_F21,U2OS-02,2,F21,sirna_665,U2OS,1,images/U2OS-02/Plate2,{experiment}/Plate{plate}/{well}_s{site}_w{channel}.png,images
U2OS-02_2_F23,U2OS-02,2,F23,sirna_324,U2OS,1,images/U2OS-02/Plate2,{experiment}/Plate{plate}/{well}_s{site}_w{channel}.png,images
U2OS-02_2_G02,U2OS-02,2,G02,sirna_161,U2OS,1,images/U2OS-02/Plate2,{experiment}/Plate{plate}/{well}_s{site}_w{channel}.png,images
U2OS-02_2_G03,U2OS-02,2,G03,sirna_657,U2OS,1,images/U2OS-02/Plate2,{experiment}/Plate{plate}/{well}_s{site}_w{channel}.png,images
U2OS-02_2_G04,U2OS-02,2,G04,sirna_492,U2OS,1,images/U2OS-02/Plate2,{experiment}/Plate{plate}/{well}_s{site}_w{channel}.png,images
U2OS-02_2_G05,U2OS-02,2,G05,sirna_4,U2OS,1,images/U2OS-02/Plate2,{experiment}/Plate{plate}/{well}_s{site}_w{channel}.png,images
U2OS-02_2_G06,U2OS-02,2,G06,sirna_1124,U2OS,1,images/U2OS-02/Plate2,{experiment}/Plate{plate}/{well}_s{site}_w{channel}.png,images
U2OS-02_2_G07,U2OS-02,2,G07,sirna_259,U2OS,1,images/U2OS-02/Plate2,{experiment}/Plate{plate}/{well}_s{site}_w{channel}.png,images
U2OS-02_2_G08,U2OS-02,2,G08,sirna_512,U2OS,1,images/U2OS-02/Plate2,{experiment}/Plate{plate}/{well}_s{site}_w{channel}.png,images
U2OS-02_2_G09,U2OS-02,2,G09,sirna_195,U2OS,1,images/U2OS-02/Plate2,{experiment}/Plate{plate}/{well}_s{site}_w{channel}.png,images
U2OS-02_2_G10,U2OS-02,2,G10,sirna_972,U2OS,1,images/U2OS-02/Plate2,{experiment}/Plate{plate}/{well}_s{site}_w{channel}.png,images
U2OS-02_2_G11,U2OS-02,2,G11,sirna_435,U2OS,1,images/U2OS-02/Plate2,{experiment}/Plate{plate}/{well}_s{site}_w{channel}.png,images
U2OS-02_2_G12,U2OS-02,2,G12,sirna_552,U2OS,1,images/U2OS-02/Plate2,{experiment}/Plate{plate}/{well}_s{site}_w{channel}.png,images
U2OS-02_2_G13,U2OS-02,2,G13,sirna_149,U2OS,1,images/U2OS-02/Plate2,{experiment}/Plate{plate}/{well}_s{site}_w{channel}.png,images
U2OS-02_2_G14,U2OS-02,2,G14,sirna_813,U2OS,1,images/U2OS-02/Plate2,{experiment}/Plate{plate}/{well}_s{site}_w{channel}.png,images
U2OS-02_2_G15,U2OS-02,2,G15,sirna_429,U2OS,1,images/U2OS-02/Plate2,{experiment}/Plate{plate}/{well}_s{site}_w{channel}.png,images
U2OS-02_2_G16,U2OS-02,2,G16,sirna_1133,U2OS,1,images/U2OS-02/Plate2,{experiment}/Plate{plate}/{well}_s{site}_w{channel}.png,images
U2OS-02_2_G17,U2OS-02,2,G17,sirna_326,U2OS,1,images/U2OS-02/Plate2,{experiment}/Plate{plate}/{well}_s{site}_w{channel}.png,images
U2OS-02_2_G18,U2OS-02,2,G18,sirna_157,U2OS,1,images/U2OS-02/Plate2,{experiment}/Plate{plate}/{well}_s{site}_w{channel}.png,images
U2OS-02_2_G19,U2OS-02,2,G19,sirna_55,U2OS,1,images/U2OS-02/Plate2,{experiment}/Plate{plate}/{well}_s{site}_w{channel}.png,images
U2OS-02_2_G20,U2OS-02,2,G20,sirna_645,U2OS,1,images/U2OS-02/Plate2,{experiment}/Plate{plate}/{well}_s{site}_w{channel}.png,images
U2OS-02_2_G21,U2OS-02,2,G21,sirna_519,U2OS,1,images/U2OS-02/Plate2,{experiment}/Plate{plate}/{well}_s{site}_w{channel}.png,images
U2OS-02_2_G22,U2OS-02,2,G22,sirna_992,U2OS,1,images/U2OS-02/Plate2,{experiment}/Plate{plate}/{well}_s{site}_w{channel}.png,images
U2OS-02_2_G23,U2OS-02,2,G23,sirna_216,U2OS,1,images/U2OS-02/Plate2,{experiment}/Plate{plate}/{well}_s{site}_w{channel}.png,images
U2OS-02_2_H02,U2OS-02,2,H02,sirna_8,U2OS,1,images/U2OS-02/Plate2,{experiment}/Plate{plate}/{well}_s{site}_w{channel}.png,images
U2OS-02_2_H04,U2OS-02,2,H04,sirna_103,U2OS,1,images/U2OS-02/Plate2,{experiment}/Plate{plate}/{well}_s{site}_w{channel}.png,images
U2OS-02_2_H05,U2OS-02,2,H05,sirna_866,U2OS,1,images/U2OS-02/Plate2,{experiment}/Plate{plate}/{well}_s{site}_w{channel}.png,images
U2OS-02_2_H06,U2OS-02,2,H06,sirna_28,U2OS,1,images/U2OS-02/Plate2,{experiment}/Plate{plate}/{well}_s{site}_w{channel}.png,images
U2OS-02_2_H08,U2OS-02,2,H08,sirna_968,U2OS,1,images/U2OS-02/Plate2,{experiment}/Plate{plate}/{well}_s{site}_w{channel}.png,images
U2OS-02_2_H09,U2OS-02,2,H09,sirna_510,U2OS,1,images/U2OS-02/Plate2,{experiment}/Plate{plate}/{well}_s{site}_w{channel}.png,images
U2OS-02_2_H10,U2OS-02,2,H10,sirna_26,U2OS,1,images/U2OS-02/Plate2,{experiment}/Plate{plate}/{well}_s{site}_w{channel}.png,images
U2OS-02_2_H12,U2OS-02,2,H12,sirna_319,U2OS,1,images/U2OS-02/Plate2,{experiment}/Plate{plate}/{well}_s{site}_w{channel}.png,images
U2OS-02_2_H13,U2OS-02,2,H13,sirna_34,U2OS,1,images/U2OS-02/Plate2,{experiment}/Plate{plate}/{well}_s{site}_w{channel}.png,images
U2OS-02_2_H14,U2OS-02,2,H14,sirna_979,U2OS,1,images/U2OS-02/Plate2,{experiment}/Plate{plate}/{well}_s{site}_w{channel}.png,images
U2OS-02_2_H16,U2OS-02,2,H16,sirna_569,U2OS,1,images/U2OS-02/Plate2,{experiment}/Plate{plate}/{well}_s{site}_w{channel}.png,images
U2OS-02_2_H17,U2OS-02,2,H17,sirna_876,U2OS,1,images/U2OS-02/Plate2,{experiment}/Plate{plate}/{well}_s{site}_w{channel}.png,images
U2OS-02_2_H18,U2OS-02,2,H18,sirna_627,U2OS,1,images/U2OS-02/Plate2,{experiment}/Plate{plate}/{well}_s{site}_w{channel}.png,images
U2OS-02_2_H20,U2OS-02,2,H20,sirna_1065,U2OS,1,images/U2OS-02/Plate2,{experiment}/Plate{plate}/{well}_s{site}_w{channel}.png,images
U2OS-02_2_H21,U2OS-02,2,H21,sirna_760,U2OS,1,images/U2OS-02/Plate2,{experiment}/Plate{plate}/{well}_s{site}_w{channel}.png,images
U2OS-02_2_H23,U2OS-02,2,H23,sirna_381,U2OS,1,images/U2OS-02/Plate2,{experiment}/Plate{plate}/{well}_s{site}_w{channel}.png,images
U2OS-02_2_I02,U2OS-02,2,I02,sirna_128,U2OS,1,images/U2OS-02/Plate2,{experiment}/Plate{plate}/{well}_s{site}_w{channel}.png,images
U2OS-02_2_I03,U2OS-02,2,I03,sirna_1073,U2OS,1,images/U2OS-02/Plate2,{experiment}/Plate{plate}/{well}_s{site}_w{channel}.png,images
U2OS-02_2_I04,U2OS-02,2,I04,sirna_655,U2OS,1,images/U2OS-02/Plate2,{experiment}/Plate{plate}/{well}_s{site}_w{channel}.png,images
U2OS-02_2_I05,U2OS-02,2,I05,sirna_56,U2OS,1,images/U2OS-02/Plate2,{experiment}/Plate{plate}/{well}_s{site}_w{channel}.png,images
U2OS-02_2_I06,U2OS-02,2,I06,sirna_835,U2OS,1,images/U2OS-02/Plate2,{experiment}/Plate{plate}/{well}_s{site}_w{channel}.png,images
U2OS-02_2_I07,U2OS-02,2,I07,sirna_70,U2OS,1,images/U2OS-02/Plate2,{experiment}/Plate{plate}/{well}_s{site}_w{channel}.png,images
U2OS-02_2_I08,U2OS-02,2,I08,sirna_54,U2OS,1,images/U2OS-02/Plate2,{experiment}/Plate{plate}/{well}_s{site}_w{channel}.png,images
U2OS-02_2_I09,U2OS-02,2,I09,sirna_436,U2OS,1,images/U2OS-02/Plate2,{experiment}/Plate{plate}/{well}_s{site}_w{channel}.png,images
U2OS-02_2_I10,U2OS-02,2,I10,sirna_296,U2OS,1,images/U2OS-02/Plate2,{experiment}/Plate{plate}/{well}_s{site}_w{channel}.png,images
U2OS-02_2_I11,U2OS-02,2,I11,sirna_286,U2OS,1,images/U2OS-02/Plate2,{experiment}/Plate{plate}/{well}_s{site}_w{channel}.png,images
U2OS-02_2_I12,U2OS-02,2,I12,sirna_641,U2OS,1,images/U2OS-02/Plate2,{experiment}/Plate{plate}/{well}_s{site}_w{channel}.png,images
U2OS-02_2_I13,U2OS-02,2,I13,sirna_783,U2OS,1,images/U2OS-02/Plate2,{experiment}/Plate{plate}/{well}_s{site}_w{channel}.png,images
U2OS-02_2_I14,U2OS-02,2,I14,sirna_356,U2OS,1,images/U2OS-02/Plate2,{experiment}/Plate{plate}/{well}_s{site}_w{channel}.png,images
U2OS-02_2_I15,U2OS-02,2,I15,sirna_867,U2OS,1,images/U2OS-02/Plate2,{experiment}/Plate{plate}/{well}_s{site}_w{channel}.png,images
U2OS-02_2_I16,U2OS-02,2,I16,sirna_249,U2OS,1,images/U2OS-02/Plate2,{experiment}/Plate{plate}/{well}_s{site}_w{channel}.png,images
U2OS-02_2_I17,U2OS-02,2,I17,sirna_187,U2OS,1,images/U2OS-02/Plate2,{experiment}/Plate{plate}/{well}_s{site}_w{channel}.png,images
U2OS-02_2_I18,U2OS-02,2,I18,sirna_278,U2OS,1,images/U2OS-02/Plate2,{experiment}/Plate{plate}/{well}_s{site}_w{channel}.png,images
U2OS-02_2_I19,U2OS-02,2,I19,sirna_809,U2OS,1,images/U2OS-02/Plate2,{experiment}/Plate{plate}/{well}_s{site}_w{channel}.png,images
U2OS-02_2_I20,U2OS-02,2,I20,sirna_969,U2OS,1,images/U2OS-02/Plate2,{experiment}/Plate{plate}/{well}_s{site}_w{channel}.png,images
U2OS-02_2_I21,U2OS-02,2,I21,sirna_25,U2OS,1,images/U2OS-02/Plate2,{experiment}/Plate{plate}/{well}_s{site}_w{channel}.png,images
U2OS-02_2_I22,U2OS-02,2,I22,sirna_515,U2OS,1,images/U2OS-02/Plate2,{experiment}/Plate{plate}/{well}_s{site}_w{channel}.png,images
U2OS-02_2_I23,U2OS-02,2,I23,sirna_828,U2OS,1,images/U2OS-02/Plate2,{experiment}/Plate{plate}/{well}_s{site}_w{channel}.png,images
U2OS-02_2_J02,U2OS-02,2,J02,sirna_621,U2OS,1,images/U2OS-02/Plate2,{experiment}/Plate{plate}/{well}_s{site}_w{channel}.png,images
U2OS-02_2_J04,U2OS-02,2,J04,sirna_291,U2OS,1,images/U2OS-02/Plate2,{experiment}/Plate{plate}/{well}_s{site}_w{channel}.png,images
U2OS-02_2_J05,U2OS-02,2,J05,sirna_1126,U2OS,1,images/U2OS-02/Plate2,{experiment}/Plate{plate}/{well}_s{site}_w{channel}.png,images
U2OS-02_2_J06,U2OS-02,2,J06,sirna_970,U2OS,1,images/U2OS-02/Plate2,{experiment}/Plate{plate}/{well}_s{site}_w{channel}.png,images
U2OS-02_2_J08,U2OS-02,2,J08,sirna_491,U2OS,1,images/U2OS-02/Plate2,{experiment}/Plate{plate}/{well}_s{site}_w{channel}.png,images
U2OS-02_2_J09,U2OS-02,2,J09,sirna_124,U2OS,1,images/U2OS-02/Plate2,{experiment}/Plate{plate}/{well}_s{site}_w{channel}.png,images
U2OS-02_2_J10,U2OS-02,2,J10,sirna_792,U2OS,1,images/U2OS-02/Plate2,{experiment}/Plate{plate}/{well}_s{site}_w{channel}.png,images
U2OS-02_2_J12,U2OS-02,2,J12,sirna_605,U2OS,1,images/U2OS-02/Plate2,{experiment}/Plate{plate}/{well}_s{site}_w{channel}.png,images
U2OS-02_2_J13,U2OS-02,2,J13,sirna_899,U2OS,1,images/U2OS-02/Plate2,{experiment}/Plate{plate}/{well}_s{site}_w{channel}.png,images
U2OS-02_2_J14,U2OS-02,2,J14,sirna_905,U2OS,1,images/U2OS-02/Plate2,{experiment}/Plate{plate}/{well}_s{site}_w{channel}.png,images
U2OS-02_2_J16,U2OS-02,2,J16,sirna_679,U2OS,1,images/U2OS-02/Plate2,{experiment}/Plate{plate}/{well}_s{site}_w{channel}.png,images
U2OS-02_2_J17,U2OS-02,2,J17,sirna_68,U2OS,1,images/U2OS-02/Plate2,{experiment}/Plate{plate}/{well}_s{site}_w{channel}.png,images
U2OS-02_2_J18,U2OS-02,2,J18,sirna_1117,U2OS,1,images/U2OS-02/Plate2,{experiment}/Plate{plate}/{well}_s{site}_w{channel}.png,images
U2OS-02_2_J20,U2OS-02,2,J20,sirna_393,U2OS,1,images/U2OS-02/Plate2,{experiment}/Plate{plate}/{well}_s{site}_w{channel}.png,images
U2OS-02_2_J21,U2OS-02,2,J21,sirna_37,U2OS,1,images/U2OS-02/Plate2,{experiment}/Plate{plate}/{well}_s{site}_w{channel}.png,images
U2OS-02_2_J23,U2OS-02,2,J23,sirna_196,U2OS,1,images/U2OS-02/Plate2,{experiment}/Plate{plate}/{well}_s{site}_w{channel}.png,images
U2OS-02_2_K02,U2OS-02,2,K02,sirna_340,U2OS,1,images/U2OS-02/Plate2,{experiment}/Plate{plate}/{well}_s{site}_w{channel}.png,images
U2OS-02_2_K03,U2OS-02,2,K03,sirna_413,U2OS,1,images/U2OS-02/Plate2,{experiment}/Plate{plate}/{well}_s{site}_w{channel}.png,images
U2OS-02_2_K04,U2OS-02,2,K04,sirna_778,U2OS,1,images/U2OS-02/Plate2,{experiment}/Plate{plate}/{well}_s{site}_w{channel}.png,images
U2OS-02_2_K05,U2OS-02,2,K05,sirna_148,U2OS,1,images/U2OS-02/Plate2,{experiment}/Plate{plate}/{well}_s{site}_w{channel}.png,images
U2OS-02_2_K06,U2OS-02,2,K06,sirna_554,U2OS,1,images/U2OS-02/Plate2,{experiment}/Plate{plate}/{well}_s{site}_w{channel}.png,images
U2OS-02_2_K07,U2OS-02,2,K07,sirna_476,U2OS,1,images/U2OS-02/Plate2,{experiment}/Plate{plate}/{well}_s{site}_w{channel}.png,images
U2OS-02_2_K08,U2OS-02,2,K08,sirna_156,U2OS,1,images/U2OS-02/Plate2,{experiment}/Plate{plate}/{well}_s{site}_w{channel}.png,images
U2OS-02_2_K09,U2OS-02,2,K09,sirna_973,U2OS,1,images/U2OS-02/Plate2,{experiment}/Plate{plate}/{well}_s{site}_w{channel}.png,images
U2OS-02_2_K10,U2OS-02,2,K10,sirna_72,U2OS,1,images/U2OS-02/Plate2,{experiment}/Plate{plate}/{well}_s{site}_w{channel}.png,images
U2OS-02_2_K11,U2OS-02,2,K11,sirna_820,U2OS,1,images/U2OS-02/Plate2,{experiment}/Plate{plate}/{well}_s{site}_w{channel}.png,images
U2OS-02_2_K12,U2OS-02,2,K12,sirna_457,U2OS,1,images/U2OS-02/Plate2,{experiment}/Plate{plate}/{well}_s{site}_w{channel}.png,images
U2OS-02_2_K13,U2OS-02,2,K13,sirna_1039,U2OS,1,images/U2OS-02/Plate2,{experiment}/Plate{plate}/{well}_s{site}_w{channel}.png,images
U2OS-02_2_K14,U2OS-02,2,K14,sirna_48,U2OS,1,images/U2OS-02/Plate2,{experiment}/Plate{plate}/{well}_s{site}_w{channel}.png,images
U2OS-02_2_K15,U2OS-02,2,K15,sirna_758,U2OS,1,images/U2OS-02/Plate2,{experiment}/Plate{plate}/{well}_s{site}_w{channel}.png,images
U2OS-02_2_K16,U2OS-02,2,K16,sirna_634,U2OS,1,images/U2OS-02/Plate2,{experiment}/Plate{plate}/{well}_s{site}_w{channel}.png,images
U2OS-02_2_K17,U2OS-02,2,K17,sirna_1008,U2OS,1,images/U2OS-02/Plate2,{experiment}/Plate{plate}/{well}_s{site}_w{channel}.png,images
U2OS-02_2_K18,U2OS-02,2,K18,sirna_883,U2OS,1,images/U2OS-02/Plate2,{experiment}/Plate{plate}/{well}_s{site}_w{channel}.png,images
U2OS-02_2_K19,U2OS-02,2,K19,sirna_666,U2OS,1,images/U2OS-02/Plate2,{experiment}/Plate{plate}/{well}_s{site}_w{channel}.png,images
U2OS-02_2_K20,U2OS-02,2,K20,sirna_109,U2OS,1,images/U2OS-02/Plate2,{experiment}/Plate{plate}/{well}_s{site}_w{channel}.png,images
U2OS-02_2_K21,U2OS-02,2,K21,sirna_884,U2OS,1,images/U2OS-02/Plate2,{experiment}/Plate{plate}/{well}_s{site}_w{channel}.png,images
U2OS-02_2_K22,U2OS-02,2,K22,sirna_320,U2OS,1,images/U2OS-02/Plate2,{experiment}/Plate{plate}/{well}_s{site}_w{channel}.png,images
U2OS-02_2_K23,U2OS-02,2,K23,sirna_123,U2OS,1,images/U2OS-02/Plate2,{experiment}/Plate{plate}/{well}_s{site}_w{channel}.png,images
U2OS-02_2_L02,U2OS-02,2,L02,sirna_626,U2OS,1,images/U2OS-02/Plate2,{experiment}/Plate{plate}/{well}_s{site}_w{channel}.png,images
U2OS-02_2_L03,U2OS-02,2,L03,sirna_739,U2OS,1,images/U2OS-02/Plate2,{experiment}/Plate{plate}/{well}_s{site}_w{channel}.png,images
U2OS-02_2_L04,U2OS-02,2,L04,sirna_1101,U2OS,1,images/U2OS-02/Plate2,{experiment}/Plate{plate}/{well}_s{site}_w{channel}.png,images
U2OS-02_2_L05,U2OS-02,2,L05,sirna_1053,U2OS,1,images/U2OS-02/Plate2,{experiment}/Plate{plate}/{well}_s{site}_w{channel}.png,images
U2OS-02_2_L06,U2OS-02,2,L06,sirna_122,U2OS,1,images/U2OS-02/Plate2,{experiment}/Plate{plate}/{well}_s{site}_w{channel}.png,images
U2OS-02_2_L07,U2OS-02,2,L07,sirna_774,U2OS,1,images/U2OS-02/Plate2,{experiment}/Plate{plate}/{well}_s{site}_w{channel}.png,images
U2OS-02_2_L08,U2OS-02,2,L08,sirna_1005,U2OS,1,images/U2OS-02/Plate2,{experiment}/Plate{plate}/{well}_s{site}_w{channel}.png,images
U2OS-02_2_L09,U2OS-02,2,L09,sirna_770,U2OS,1,images/U2OS-02/Plate2,{experiment}/Plate{plate}/{well}_s{site}_w{channel}.png,images
U2OS-02_2_L10,U2OS-02,2,L10,sirna_1032,U2OS,1,images/U2OS-02/Plate2,{experiment}/Plate{plate}/{well}_s{site}_w{channel}.png,images
U2OS-02_2_L11,U2OS-02,2,L11,sirna_198,U2OS,1,images/U2OS-02/Plate2,{experiment}/Plate{plate}/{well}_s{site}_w{channel}.png,images
U2OS-02_2_L12,U2OS-02,2,L12,sirna_317,U2OS,1,images/U2OS-02/Plate2,{experiment}/Plate{plate}/{well}_s{site}_w{channel}.png,images
U2OS-02_2_L13,U2OS-02,2,L13,sirna_703,U2OS,1,images/U2OS-02/Plate2,{experiment}/Plate{plate}/{well}_s{site}_w{channel}.png,images
U2OS-02_2_L14,U2OS-02,2,L14,sirna_662,U2OS,1,images/U2OS-02/Plate2,{experiment}/Plate{plate}/{well}_s{site}_w{channel}.png,images
U2OS-02_2_L15,U2OS-02,2,L15,sirna_601,U2OS,1,images/U2OS-02/Plate2,{experiment}/Plate{plate}/{well}_s{site}_w{channel}.png,images
U2OS-02_2_L16,U2OS-02,2,L16,sirna_79,U2OS,1,images/U2OS-02/Plate2,{experiment}/Plate{plate}/{well}_s{site}_w{channel}.png,images
U2OS-02_2_L17,U2OS-02,2,L17,sirna_450,U2OS,1,images/U2OS-02/Plate2,{experiment}/Plate{plate}/{well}_s{site}_w{channel}.png,images
U2OS-02_2_L18,U2OS-02,2,L18,sirna_1014,U2OS,1,images/U2OS-02/Plate2,{experiment}/Plate{plate}/{well}_s{site}_w{channel}.png,images
U2OS-02_2_L19,U2OS-02,2,L19,sirna_341,U2OS,1,images/U2OS-02/Plate2,{experiment}/Plate{plate}/{well}_s{site}_w{channel}.png,images
U2OS-02_2_L20,U2OS-02,2,L20,sirna_306,U2OS,1,images/U2OS-02/Plate2,{experiment}/Plate{plate}/{well}_s{site}_w{channel}.png,images
U2OS-02_2_L21,U2OS-02,2,L21,sirna_858,U2OS,1,images/U2OS-02/Plate2,{experiment}/Plate{plate}/{well}_s{site}_w{channel}.png,images
U2OS-02_2_L22,U2OS-02,2,L22,sirna_912,U2OS,1,images/U2OS-02/Plate2,{experiment}/Plate{plate}/{well}_s{site}_w{channel}.png,images
U2OS-02_2_L23,U2OS-02,2,L23,sirna_169,U2OS,1,images/U2OS-02/Plate2,{experiment}/Plate{plate}/{well}_s{site}_w{channel}.png,images
U2OS-02_2_M02,U2OS-02,2,M02,sirna_823,U2OS,1,images/U2OS-02/Plate2,{experiment}/Plate{plate}/{well}_s{site}_w{channel}.png,images
U2OS-02_2_M04,U2OS-02,2,M04,sirna_138,U2OS,1,images/U2OS-02/Plate2,{experiment}/Plate{plate}/{well}_s{site}_w{channel}.png,images
U2OS-02_2_M05,U2OS-02,2,M05,sirna_753,U2OS,1,images/U2OS-02/Plate2,{experiment}/Plate{plate}/{well}_s{site}_w{channel}.png,images
U2OS-02_2_M06,U2OS-02,2,M06,sirna_130,U2OS,1,images/U2OS-02/Plate2,{experiment}/Plate{plate}/{well}_s{site}_w{channel}.png,images
U2OS-02_2_M08,U2OS-02,2,M08,sirna_537,U2OS,1,images/U2OS-02/Plate2,{experiment}/Plate{plate}/{well}_s{site}_w{channel}.png,images
U2OS-02_2_M09,U2OS-02,2,M09,sirna_1105,U2OS,1,images/U2OS-02/Plate2,{experiment}/Plate{plate}/{well}_s{site}_w{channel}.png,images
U2OS-02_2_M10,U2OS-02,2,M10,sirna_480,U2OS,1,images/U2OS-02/Plate2,{experiment}/Plate{plate}/{well}_s{site}_w{channel}.png,images
U2OS-02_2_M12,U2OS-02,2,M12,sirna_305,U2OS,1,images/U2OS-02/Plate2,{experiment}/Plate{plate}/{well}_s{site}_w{channel}.png,images
U2OS-02_2_M13,U2OS-02,2,M13,sirna_199,U2OS,1,images/U2OS-02/Plate2,{experiment}/Plate{plate}/{well}_s{site}_w{channel}.png,images
U2OS-02_2_M14,U2OS-02,2,M14,sirna_484,U2OS,1,images/U2OS-02/Plate2,{experiment}/Plate{plate}/{well}_s{site}_w{channel}.png,images
U2OS-02_2_M16,U2OS-02,2,M16,sirna_931,U2OS,1,images/U2OS-02/Plate2,{experiment}/Plate{plate}/{well}_s{site}_w{channel}.png,images
U2OS-02_2_M17,U2OS-02,2,M17,sirna_65,U2OS,1,images/U2OS-02/Plate2,{experiment}/Plate{plate}/{well}_s{site}_w{channel}.png,images
U2OS-02_2_M18,U2OS-02,2,M18,sirna_469,U2OS,1,images/U2OS-02/Plate2,{experiment}/Plate{plate}/{well}_s{site}_w{channel}.png,images
U2OS-02_2_M20,U2OS-02,2,M20,sirna_73,U2OS,1,images/U2OS-02/Plate2,{experiment}/Plate{plate}/{well}_s{site}_w{channel}.png,images
U2OS-02_2_M21,U2OS-02,2,M21,sirna_318,U2OS,1,images/U2OS-02/Plate2,{experiment}/Plate{plate}/{well}_s{site}_w{channel}.png,images
U2OS-02_2_M23,U2OS-02,2,M23,sirna_559,U2OS,1,images/U2OS-02/Plate2,{experiment}/Plate{plate}/{well}_s{site}_w{channel}.png,images
U2OS-02_2_N02,U2OS-02,2,N02,sirna_59,U2OS,1,images/U2OS-02/Plate2,{experiment}/Plate{plate}/{well}_s{site}_w{channel}.png,images
U2OS-02_2_N03,U2OS-02,2,N03,sirna_42,U2OS,1,images/U2OS-02/Plate2,{experiment}/Plate{plate}/{well}_s{site}_w{channel}.png,images
U2OS-02_2_N04,U2OS-02,2,N04,sirna_255,U2OS,1,images/U2OS-02/Plate2,{experiment}/Plate{plate}/{well}_s{site}_w{channel}.png,images
U2OS-02_2_N05,U2OS-02,2,N05,sirna_49,U2OS,1,images/U2OS-02/Plate2,{experiment}/Plate{plate}/{well}_s{site}_w{channel}.png,images
U2OS-02_2_N06,U2OS-02,2,N06,sirna_308,U2OS,1,images/U2OS-02/Plate2,{experiment}/Plate{plate}/{well}_s{site}_w{channel}.png,images
U2OS-02_2_N07,U2OS-02,2,N07,sirna_350,U2OS,1,images/U2OS-02/Plate2,{experiment}/Plate{plate}/{well}_s{site}_w{channel}.png,images
U2OS-02_2_N08,U2OS-02,2,N08,sirna_119,U2OS,1,images/U2OS-02/Plate2,{experiment}/Plate{plate}/{well}_s{site}_w{channel}.png,images
U2OS-02_2_N09,U2OS-02,2,N09,sirna_1020,U2OS,1,images/U2OS-02/Plate2,{experiment}/Plate{plate}/{well}_s{site}_w{channel}.png,images
U2OS-02_2_N10,U2OS-02,2,N10,sirna_543,U2OS,1,images/U2OS-02/Plate2,{experiment}/Plate{plate}/{well}_s{site}_w{channel}.png,images
U2OS-02_2_N11,U2OS-02,2,N11,sirna_750,U2OS,1,images/U2OS-02/Plate2,{experiment}/Plate{plate}/{well}_s{site}_w{channel}.png,images
U2OS-02_2_N12,U2OS-02,2,N12,sirna_231,U2OS,1,images/U2OS-02/Plate2,{experiment}/Plate{plate}/{well}_s{site}_w{channel}.png,images
U2OS-02_2_N13,U2OS-02,2,N13,sirna_404,U2OS,1,images/U2OS-02/Plate2,{experiment}/Plate{plate}/{well}_s{site}_w{channel}.png,images
U2OS-02_2_N14,U2OS-02,2,N14,sirna_878,U2OS,1,images/U2OS-02/Plate2,{experiment}/Plate{plate}/{well}_s{site}_w{channel}.png,images
U2OS-02_2_N15,U2OS-02,2,N15,sirna_830,U2OS,1,images/U2OS-02/Plate2,{experiment}/Plate{plate}/{well}_s{site}_w{channel}.png,images
U2OS-02_2_N16,U2OS-02,2,N16,sirna_748,U2OS,1,images/U2OS-02/Plate2,{experiment}/Plate{plate}/{well}_s{site}_w{channel}.png,images
U2OS-02_2_N17,U2OS-02,2,N17,sirna_342,U2OS,1,images/U2OS-02/Plate2,{experiment}/Plate{plate}/{well}_s{site}_w{channel}.png,images
U2OS-02_2_N18,U2OS-02,2,N18,sirna_857,U2OS,1,images/U2OS-02/Plate2,{experiment}/Plate{plate}/{well}_s{site}_w{channel}.png,images
U2OS-02_2_N19,U2OS-02,2,N19,sirna_9,U2OS,1,images/U2OS-02/Plate2,{experiment}/Plate{plate}/{well}_s{site}_w{channel}.png,images
U2OS-02_2_N20,U2OS-02,2,N20,sirna_170,U2OS,1,images/U2OS-02/Plate2,{experiment}/Plate{plate}/{well}_s{site}_w{channel}.png,images
U2OS-02_2_N21,U2OS-02,2,N21,sirna_922,U2OS,1,images/U2OS-02/Plate2,{experiment}/Plate{plate}/{well}_s{site}_w{channel}.png,images
U2OS-02_2_N22,U2OS-02,2,N22,sirna_200,U2OS,1,images/U2OS-02/Plate2,{experiment}/Plate{plate}/{well}_s{site}_w{channel}.png,images
U2OS-02_2_N23,U2OS-02,2,N23,sirna_412,U2OS,1,images/U2OS-02/Plate2,{experiment}/Plate{plate}/{well}_s{site}_w{channel}.png,images
U2OS-02_2_O02,U2OS-02,2,O02,sirna_302,U2OS,1,images/U2OS-02/Plate2,{experiment}/Plate{plate}/{well}_s{site}_w{channel}.png,images
U2OS-02_2_O03,U2OS-02,2,O03,sirna_3,U2OS,1,images/U2OS-02/Plate2,{experiment}/Plate{plate}/{well}_s{site}_w{channel}.png,images
U2OS-02_2_O04,U2OS-02,2,O04,sirna_304,U2OS,1,images/U2OS-02/Plate2,{experiment}/Plate{plate}/{well}_s{site}_w{channel}.png,images
U2OS-02_2_O05,U2OS-02,2,O05,sirna_246,U2OS,1,images/U2OS-02/Plate2,{experiment}/Plate{plate}/{well}_s{site}_w{channel}.png,images
U2OS-02_2_O06,U2OS-02,2,O06,sirna_560,U2OS,1,images/U2OS-02/Plate2,{experiment}/Plate{plate}/{well}_s{site}_w{channel}.png,images
U2OS-02_2_O07,U2OS-02,2,O07,sirna_57,U2OS,1,images/U2OS-02/Plate2,{experiment}/Plate{plate}/{well}_s{site}_w{channel}.png,images
U2OS-02_2_O08,U2OS-02,2,O08,sirna_14,U2OS,1,images/U2OS-02/Plate2,{experiment}/Plate{plate}/{well}_s{site}_w{channel}.png,images
U2OS-02_2_O09,U2OS-02,2,O09,sirna_508,U2OS,1,images/U2OS-02/Plate2,{experiment}/Plate{plate}/{well}_s{site}_w{channel}.png,images
U2OS-02_2_O10,U2OS-02,2,O10,sirna_71,U2OS,1,images/U2OS-02/Plate2,{experiment}/Plate{plate}/{well}_s{site}_w{channel}.png,images
U2OS-02_2_O11,U2OS-02,2,O11,sirna_977,U2OS,1,images/U2OS-02/Plate2,{experiment}/Plate{plate}/{well}_s{site}_w{channel}.png,images
U2OS-02_2_O12,U2OS-02,2,O12,sirna_376,U2OS,1,images/U2OS-02/Plate2,{experiment}/Plate{plate}/{well}_s{site}_w{channel}.png,images
U2OS-02_2_O13,U2OS-02,2,O13,sirna_951,U2OS,1,images/U2OS-02/Plate2,{experiment}/Plate{plate}/{well}_s{site}_w{channel}.png,images
U2OS-02_2_O14,U2OS-02,2,O14,sirna_1064,U2OS,1,images/U2OS-02/Plate2,{experiment}/Plate{plate}/{well}_s{site}_w{channel}.png,images
U2OS-02_2_O15,U2OS-02,2,O15,sirna_64,U2OS,1,images/U2OS-02/Plate2,{experiment}/Plate{plate}/{well}_s{site}_w{channel}.png,images
U2OS-02_2_O16,U2OS-02,2,O16,sirna_680,U2OS,1,images/U2OS-02/Plate2,{experiment}/Plate{plate}/{well}_s{site}_w{channel}.png,images
U2OS-02_2_O17,U2OS-02,2,O17,sirna_712,U2OS,1,images/U2OS-02/Plate2,{experiment}/Plate{plate}/{well}_s{site}_w{channel}.png,images
U2OS-02_2_O18,U2OS-02,2,O18,sirna_466,U2OS,1,images/U2OS-02/Plate2,{experiment}/Plate{plate}/{well}_s{site}_w{channel}.png,images
U2OS-02_2_O19,U2OS-02,2,O19,sirna_752,U2OS,1,images/U2OS-02/Plate2,{experiment}/Plate{plate}/{well}_s{site}_w{channel}.png,images
U2OS-02_2_O20,U2OS-02,2,O20,sirna_717,U2OS,1,images/U2OS-02/Plate2,{experiment}/Plate{plate}/{well}_s{site}_w{channel}.png,images
U2OS-02_2_O21,U2OS-02,2,O21,sirna_558,U2OS,1,images/U2OS-02/Plate2,{experiment}/Plate{plate}/{well}_s{site}_w{channel}.png,images
U2OS-02_2_O22,U2OS-02,2,O22,sirna_1076,U2OS,1,images/U2OS-02/Plate2,{experiment}/Plate{plate}/{well}_s{site}_w{channel}.png,images
U2OS-02_2_O23,U2OS-02,2,O23,sirna_528,U2OS,1,images/U2OS-02/Plate2,{experiment}/Plate{plate}/{well}_s{site}_w{channel}.png,images
U2OS-02_3_B03,U2OS-02,3,B03,sirna_690,U2OS,1,images/U2OS-02/Plate3,{experiment}/Plate{plate}/{well}_s{site}_w{channel}.png,images
U2OS-02_3_B04,U2OS-02,3,B04,sirna_394,U2OS,1,images/U2OS-02/Plate3,{experiment}/Plate{plate}/{well}_s{site}_w{channel}.png,images
U2OS-02_3_B05,U2OS-02,3,B05,sirna_261,U2OS,1,images/U2OS-02/Plate3,{experiment}/Plate{plate}/{well}_s{site}_w{channel}.png,images
U2OS-02_3_B06,U2OS-02,3,B06,sirna_493,U2OS,1,images/U2OS-02/Plate3,{experiment}/Plate{plate}/{well}_s{site}_w{channel}.png,images
U2OS-02_3_B07,U2OS-02,3,B07,sirna_87,U2OS,1,images/U2OS-02/Plate3,{experiment}/Plate{plate}/{well}_s{site}_w{channel}.png,images
U2OS-02_3_B08,U2OS-02,3,B08,sirna_17,U2OS,1,images/U2OS-02/Plate3,{experiment}/Plate{plate}/{well}_s{site}_w{channel}.png,images
U2OS-02_3_B09,U2OS-02,3,B09,sirna_177,U2OS,1,images/U2OS-02/Plate3,{experiment}/Plate{plate}/{well}_s{site}_w{channel}.png,images
U2OS-02_3_B10,U2OS-02,3,B10,sirna_301,U2OS,1,images/U2OS-02/Plate3,{experiment}/Plate{plate}/{well}_s{site}_w{channel}.png,images
U2OS-02_3_B11,U2OS-02,3,B11,sirna_314,U2OS,1,images/U2OS-02/Plate3,{experiment}/Plate{plate}/{well}_s{site}_w{channel}.png,images
U2OS-02_3_B12,U2OS-02,3,B12,sirna_377,U2OS,1,images/U2OS-02/Plate3,{experiment}/Plate{plate}/{well}_s{site}_w{channel}.png,images
U2OS-02_3_B13,U2OS-02,3,B13,sirna_944,U2OS,1,images/U2OS-02/Plate3,{experiment}/Plate{plate}/{well}_s{site}_w{channel}.png,images
U2OS-02_3_B14,U2OS-02,3,B14,sirna_673,U2OS,1,images/U2OS-02/Plate3,{experiment}/Plate{plate}/{well}_s{site}_w{channel}.png,images
U2OS-02_3_B15,U2OS-02,3,B15,sirna_795,U2OS,1,images/U2OS-02/Plate3,{experiment}/Plate{plate}/{well}_s{site}_w{channel}.png,images
U2OS-02_3_B16,U2OS-02,3,B16,sirna_432,U2OS,1,images/U2OS-02/Plate3,{experiment}/Plate{plate}/{well}_s{site}_w{channel}.png,images
U2OS-02_3_B17,U2OS-02,3,B17,sirna_685,U2OS,1,images/U2OS-02/Plate3,{experiment}/Plate{plate}/{well}_s{site}_w{channel}.png,images
U2OS-02_3_B18,U2OS-02,3,B18,sirna_315,U2OS,1,images/U2OS-02/Plate3,{experiment}/Plate{plate}/{well}_s{site}_w{channel}.png,images
U2OS-02_3_B19,U2OS-02,3,B19,sirna_85,U2OS,1,images/U2OS-02/Plate3,{experiment}/Plate{plate}/{well}_s{site}_w{channel}.png,images
U2OS-02_3_B20,U2OS-02,3,B20,sirna_0,U2OS,1,images/U2OS-02/Plate3,{experiment}/Plate{plate}/{well}_s{site}_w{channel}.png,images
U2OS-02_3_B21,U2OS-02,3,B21,sirna_565,U2OS,1,images/U2OS-02/Plate3,{experiment}/Plate{plate}/{well}_s{site}_w{channel}.png,images
U2OS-02_3_B22,U2OS-02,3,B22,sirna_1119,U2OS,1,images/U2OS-02/Plate3,{experiment}/Plate{plate}/{well}_s{site}_w{channel}.png,images
U2OS-02_3_B23,U2OS-02,3,B23,sirna_1095,U2OS,1,images/U2OS-02/Plate3,{experiment}/Plate{plate}/{well}_s{site}_w{channel}.png,images
U2OS-02_3_C02,U2OS-02,3,C02,sirna_461,U2OS,1,images/U2OS-02/Plate3,{experiment}/Plate{plate}/{well}_s{site}_w{channel}.png,images
U2OS-02_3_C04,U2OS-02,3,C04,sirna_1090,U2OS,1,images/U2OS-02/Plate3,{experiment}/Plate{plate}/{well}_s{site}_w{channel}.png,images
U2OS-02_3_C05,U2OS-02,3,C05,sirna_22,U2OS,1,images/U2OS-02/Plate3,{experiment}/Plate{plate}/{well}_s{site}_w{channel}.png,images
U2OS-02_3_C06,U2OS-02,3,C06,sirna_126,U2OS,1,images/U2OS-02/Plate3,{experiment}/Plate{plate}/{well}_s{site}_w{channel}.png,images
U2OS-02_3_C08,U2OS-02,3,C08,sirna_1070,U2OS,1,images/U2OS-02/Plate3,{experiment}/Plate{plate}/{well}_s{site}_w{channel}.png,images
U2OS-02_3_C09,U2OS-02,3,C09,sirna_499,U2OS,1,images/U2OS-02/Plate3,{experiment}/Plate{plate}/{well}_s{site}_w{channel}.png,images
U2OS-02_3_C10,U2OS-02,3,C10,sirna_736,U2OS,1,images/U2OS-02/Plate3,{experiment}/Plate{plate}/{well}_s{site}_w{channel}.png,images
U2OS-02_3_C12,U2OS-02,3,C12,sirna_285,U2OS,1,images/U2OS-02/Plate3,{experiment}/Plate{plate}/{well}_s{site}_w{channel}.png,images
U2OS-02_3_C13,U2OS-02,3,C13,sirna_596,U2OS,1,images/U2OS-02/Plate3,{experiment}/Plate{plate}/{well}_s{site}_w{channel}.png,images
U2OS-02_3_C14,U2OS-02,3,C14,sirna_849,U2OS,1,images/U2OS-02/Plate3,{experiment}/Plate{plate}/{well}_s{site}_w{channel}.png,images
U2OS-02_3_C16,U2OS-02,3,C16,sirna_1038,U2OS,1,images/U2OS-02/Plate3,{experiment}/Plate{plate}/{well}_s{site}_w{channel}.png,images
U2OS-02_3_C17,U2OS-02,3,C17,sirna_495,U2OS,1,images/U2OS-02/Plate3,{experiment}/Plate{plate}/{well}_s{site}_w{channel}.png,images
U2OS-02_3_C18,U2OS-02,3,C18,sirna_1055,U2OS,1,images/U2OS-02/Plate3,{experiment}/Plate{plate}/{well}_s{site}_w{channel}.png,images
U2OS-02_3_C20,U2OS-02,3,C20,sirna_293,U2OS,1,images/U2OS-02/Plate3,{experiment}/Plate{plate}/{well}_s{site}_w{channel}.png,images
U2OS-02_3_C21,U2OS-02,3,C21,sirna_616,U2OS,1,images/U2OS-02/Plate3,{experiment}/Plate{plate}/{well}_s{site}_w{channel}.png,images
U2OS-02_3_C23,U2OS-02,3,C23,sirna_16,U2OS,1,images/U2OS-02/Plate3,{experiment}/Plate{plate}/{well}_s{site}_w{channel}.png,images
U2OS-02_3_D02,U2OS-02,3,D02,sirna_1118,U2OS,1,images/U2OS-02/Plate3,{experiment}/Plate{plate}/{well}_s{site}_w{channel}.png,images
U2OS-02_3_D03,U2OS-02,3,D03,sirna_11,U2OS,1,images/U2OS-02/Plate3,{experiment}/Plate{plate}/{well}_s{site}_w{channel}.png,images
U2OS-02_3_D04,U2OS-02,3,D04,sirna_724,U2OS,1,images/U2OS-02/Plate3,{experiment}/Plate{plate}/{well}_s{site}_w{channel}.png,images
U2OS-02_3_D05,U2OS-02,3,D05,sirna_284,U2OS,1,images/U2OS-02/Plate3,{experiment}/Plate{plate}/{well}_s{site}_w{channel}.png,images
U2OS-02_3_D06,U2OS-02,3,D06,sirna_1029,U2OS,1,images/U2OS-02/Plate3,{experiment}/Plate{plate}/{well}_s{site}_w{channel}.png,images
U2OS-02_3_D07,U2OS-02,3,D07,sirna_921,U2OS,1,images/U2OS-02/Plate3,{experiment}/Plate{plate}/{well}_s{site}_w{channel}.png,images
U2OS-02_3_D08,U2OS-02,3,D08,sirna_1009,U2OS,1,images/U2OS-02/Plate3,{experiment}/Plate{plate}/{well}_s{site}_w{channel}.png,images
U2OS-02_3_D09,U2OS-02,3,D09,sirna_84,U2OS,1,images/U2OS-02/Plate3,{experiment}/Plate{plate}/{well}_s{site}_w{channel}.png,images
U2OS-02_3_D10,U2OS-02,3,D10,sirna_785,U2OS,1,images/U2OS-02/Plate3,{experiment}/Plate{plate}/{well}_s{site}_w{channel}.png,images
U2OS-02_3_D11,U2OS-02,3,D11,sirna_32,U2OS,1,images/U2OS-02/Plate3,{experiment}/Plate{plate}/{well}_s{site}_w{channel}.png,images
U2OS-02_3_D12,U2OS-02,3,D12,sirna_89,U2OS,1,images/U2OS-02/Plate3,{experiment}/Plate{plate}/{well}_s{site}_w{channel}.png,images
U2OS-02_3_D13,U2OS-02,3,D13,sirna_517,U2OS,1,images/U2OS-02/Plate3,{experiment}/Plate{plate}/{well}_s{site}_w{channel}.png,images
U2OS-02_3_D14,U2OS-02,3,D14,sirna_947,U2OS,1,images/U2OS-02/Plate3,{experiment}/Plate{plate}/{well}_s{site}_w{channel}.png,images
U2OS-02_3_D15,U2OS-02,3,D15,sirna_2,U2OS,1,images/U2OS-02/Plate3,{experiment}/Plate{plate}/{well}_s{site}_w{channel}.png,images
U2OS-02_3_D16,U2OS-02,3,D16,sirna_840,U2OS,1,images/U2OS-02/Plate3,{experiment}/Plate{plate}/{well}_s{site}_w{channel}.png,images
U2OS-02_3_D17,U2OS-02,3,D17,sirna_361,U2OS,1,images/U2OS-02/Plate3,{experiment}/Plate{plate}/{well}_s{site}_w{channel}.png,images
U2OS-02_3_D18,U2OS-02,3,D18,sirna_821,U2OS,1,images/U2OS-02/Plate3,{experiment}/Plate{plate}/{well}_s{site}_w{channel}.png,images
U2OS-02_3_D19,U2OS-02,3,D19,sirna_1068,U2OS,1,images/U2OS-02/Plate3,{experiment}/Plate{plate}/{well}_s{site}_w{channel}.png,images
U2OS-02_3_D20,U2OS-02,3,D20,sirna_834,U2OS,1,images/U2OS-02/Plate3,{experiment}/Plate{plate}/{well}_s{site}_w{channel}.png,images
U2OS-02_3_D21,U2OS-02,3,D21,sirna_603,U2OS,1,images/U2OS-02/Plate3,{experiment}/Plate{plate}/{well}_s{site}_w{channel}.png,images
U2OS-02_3_D22,U2OS-02,3,D22,sirna_635,U2OS,1,images/U2OS-02/Plate3,{experiment}/Plate{plate}/{well}_s{site}_w{channel}.png,images
U2OS-02_3_D23,U2OS-02,3,D23,sirna_516,U2OS,1,images/U2OS-02/Plate3,{experiment}/Plate{plate}/{well}_s{site}_w{channel}.png,images
U2OS-02_3_E02,U2OS-02,3,E02,sirna_689,U2OS,1,images/U2OS-02/Plate3,{experiment}/Plate{plate}/{well}_s{site}_w{channel}.png,images
U2OS-02_3_E03,U2OS-02,3,E03,sirna_1059,U2OS,1,images/U2OS-02/Plate3,{experiment}/Plate{plate}/{well}_s{site}_w{channel}.png,images
U2OS-02_3_E04,U2OS-02,3,E04,sirna_740,U2OS,1,images/U2OS-02/Plate3,{experiment}/Plate{plate}/{well}_s{site}_w{channel}.png,images
U2OS-02_3_E05,U2OS-02,3,E05,sirna_240,U2OS,1,images/U2OS-02/Plate3,{experiment}/Plate{plate}/{well}_s{site}_w{channel}.png,images
U2OS-02_3_E06,U2OS-02,3,E06,sirna_75,U2OS,1,images/U2OS-02/Plate3,{experiment}/Plate{plate}/{well}_s{site}_w{channel}.png,images
U2OS-02_3_E07,U2OS-02,3,E07,sirna_572,U2OS,1,images/U2OS-02/Plate3,{experiment}/Plate{plate}/{well}_s{site}_w{channel}.png,images
U2OS-02_3_E08,U2OS-02,3,E08,sirna_76,U2OS,1,images/U2OS-02/Plate3,{experiment}/Plate{plate}/{well}_s{site}_w{channel}.png,images
U2OS-02_3_E09,U2OS-02,3,E09,sirna_707,U2OS,1,images/U2OS-02/Plate3,{experiment}/Plate{plate}/{well}_s{site}_w{channel}.png,images
U2OS-02_3_E10,U2OS-02,3,E10,sirna_526,U2OS,1,images/U2OS-02/Plate3,{experiment}/Plate{plate}/{well}_s{site}_w{channel}.png,images
U2OS-02_3_E11,U2OS-02,3,E11,sirna_411,U2OS,1,images/U2OS-02/Plate3,{experiment}/Plate{plate}/{well}_s{site}_w{channel}.png,images
U2OS-02_3_E12,U2OS-02,3,E12,sirna_570,U2OS,1,images/U2OS-02/Plate3,{experiment}/Plate{plate}/{well}_s{site}_w{channel}.png,images
U2OS-02_3_E13,U2OS-02,3,E13,sirna_378,U2OS,1,images/U2OS-02/Plate3,{experiment}/Plate{plate}/{well}_s{site}_w{channel}.png,images
U2OS-02_3_E14,U2OS-02,3,E14,sirna_360,U2OS,1,images/U2OS-02/Plate3,{experiment}/Plate{plate}/{well}_s{site}_w{channel}.png,images
U2OS-02_3_E15,U2OS-02,3,E15,sirna_354,U2OS,1,images/U2OS-02/Plate3,{experiment}/Plate{plate}/{well}_s{site}_w{channel}.png,images
U2OS-02_3_E16,U2OS-02,3,E16,sirna_1017,U2OS,1,images/U2OS-02/Plate3,{experiment}/Plate{plate}/{well}_s{site}_w{channel}.png,images
U2OS-02_3_E17,U2OS-02,3,E17,sirna_786,U2OS,1,images/U2OS-02/Plate3,{experiment}/Plate{plate}/{well}_s{site}_w{channel}.png,images
U2OS-02_3_E18,U2OS-02,3,E18,sirna_734,U2OS,1,images/U2OS-02/Plate3,{experiment}/Plate{plate}/{well}_s{site}_w{channel}.png,images
U2OS-02_3_E19,U2OS-02,3,E19,sirna_346,U2OS,1,images/U2OS-02/Plate3,{experiment}/Plate{plate}/{well}_s{site}_w{channel}.png,images
U2OS-02_3_E20,U2OS-02,3,E20,sirna_868,U2OS,1,images/U2OS-02/Plate3,{experiment}/Plate{plate}/{well}_s{site}_w{channel}.png,images
U2OS-02_3_E21,U2OS-02,3,E21,sirna_613,U2OS,1,images/U2OS-02/Plate3,{experiment}/Plate{plate}/{well}_s{site}_w{channel}.png,images
U2OS-02_3_E22,U2OS-02,3,E22,sirna_1069,U2OS,1,images/U2OS-02/Plate3,{experiment}/Plate{plate}/{well}_s{site}_w{channel}.png,images
U2OS-02_3_E23,U2OS-02,3,E23,sirna_848,U2OS,1,images/U2OS-02/Plate3,{experiment}/Plate{plate}/{well}_s{site}_w{channel}.png,images
U2OS-02_3_F02,U2OS-02,3,F02,sirna_268,U2OS,1,images/U2OS-02/Plate3,{experiment}/Plate{plate}/{well}_s{site}_w{channel}.png,images
U2OS-02_3_F04,U2OS-02,3,F04,sirna_580,U2OS,1,images/U2OS-02/Plate3,{experiment}/Plate{plate}/{well}_s{site}_w{channel}.png,images
U2OS-02_3_F05,U2OS-02,3,F05,sirna_392,U2OS,1,images/U2OS-02/Plate3,{experiment}/Plate{plate}/{well}_s{site}_w{channel}.png,images
U2OS-02_3_F06,U2OS-02,3,F06,sirna_1114,U2OS,1,images/U2OS-02/Plate3,{experiment}/Plate{plate}/{well}_s{site}_w{channel}.png,images
U2OS-02_3_F08,U2OS-02,3,F08,sirna_853,U2OS,1,images/U2OS-02/Plate3,{experiment}/Plate{plate}/{well}_s{site}_w{channel}.png,images
U2OS-02_3_F09,U2OS-02,3,F09,sirna_365,U2OS,1,images/U2OS-02/Plate3,{experiment}/Plate{plate}/{well}_s{site}_w{channel}.png,images
U2OS-02_3_F10,U2OS-02,3,F10,sirna_954,U2OS,1,images/U2OS-02/Plate3,{experiment}/Plate{plate}/{well}_s{site}_w{channel}.png,images
U2OS-02_3_F12,U2OS-02,3,F12,sirna_818,U2OS,1,images/U2OS-02/Plate3,{experiment}/Plate{plate}/{well}_s{site}_w{channel}.png,images
U2OS-02_3_F13,U2OS-02,3,F13,sirna_80,U2OS,1,images/U2OS-02/Plate3,{experiment}/Plate{plate}/{well}_s{site}_w{channel}.png,images
U2OS-02_3_F14,U2OS-02,3,F14,sirna_999,U2OS,1,images/U2OS-02/Plate3,{experiment}/Plate{plate}/{well}_s{site}_w{channel}.png,images
U2OS-02_3_F16,U2OS-02,3,F16,sirna_523,U2OS,1,images/U2OS-02/Plate3,{experiment}/Plate{plate}/{well}_s{site}_w{channel}.png,images
U2OS-02_3_F17,U2OS-02,3,F17,sirna_270,U2OS,1,images/U2OS-02/Plate3,{experiment}/Plate{plate}/{well}_s{site}_w{channel}.png,images
U2OS-02_3_F18,U2OS-02,3,F18,sirna_599,U2OS,1,images/U2OS-02/Plate3,{experiment}/Plate{plate}/{well}_s{site}_w{channel}.png,images
U2OS-02_3_F20,U2OS-02,3,F20,sirna_188,U2OS,1,images/U2OS-02/Plate3,{experiment}/Plate{plate}/{well}_s{site}_w{channel}.png,images
U2OS-02_3_F21,U2OS-02,3,F21,sirna_397,U2OS,1,images/U2OS-02/Plate3,{experiment}/Plate{plate}/{well}_s{site}_w{channel}.png,images
U2OS-02_3_F23,U2OS-02,3,F23,sirna_576,U2OS,1,images/U2OS-02/Plate3,{experiment}/Plate{plate}/{well}_s{site}_w{channel}.png,images
U2OS-02_3_G02,U2OS-02,3,G02,sirna_771,U2OS,1,images/U2OS-02/Plate3,{experiment}/Plate{plate}/{well}_s{site}_w{channel}.png,images
U2OS-02_3_G03,U2OS-02,3,G03,sirna_10,U2OS,1,images/U2OS-02/Plate3,{experiment}/Plate{plate}/{well}_s{site}_w{channel}.png,images
U2OS-02_3_G04,U2OS-02,3,G04,sirna_405,U2OS,1,images/U2OS-02/Plate3,{experiment}/Plate{plate}/{well}_s{site}_w{channel}.png,images
U2OS-02_3_G05,U2OS-02,3,G05,sirna_656,U2OS,1,images/U2OS-02/Plate3,{experiment}/Plate{plate}/{well}_s{site}_w{channel}.png,images
U2OS-02_3_G06,U2OS-02,3,G06,sirna_987,U2OS,1,images/U2OS-02/Plate3,{experiment}/Plate{plate}/{well}_s{site}_w{channel}.png,images
U2OS-02_3_G07,U2OS-02,3,G07,sirna_165,U2OS,1,images/U2OS-02/Plate3,{experiment}/Plate{plate}/{well}_s{site}_w{channel}.png,images
U2OS-02_3_G08,U2OS-02,3,G08,sirna_190,U2OS,1,images/U2OS-02/Plate3,{experiment}/Plate{plate}/{well}_s{site}_w{channel}.png,images
U2OS-02_3_G09,U2OS-02,3,G09,sirna_391,U2OS,1,images/U2OS-02/Plate3,{experiment}/Plate{plate}/{well}_s{site}_w{channel}.png,images
U2OS-02_3_G10,U2OS-02,3,G10,sirna_877,U2OS,1,images/U2OS-02/Plate3,{experiment}/Plate{plate}/{well}_s{site}_w{channel}.png,images
U2OS-02_3_G11,U2OS-02,3,G11,sirna_640,U2OS,1,images/U2OS-02/Plate3,{experiment}/Plate{plate}/{well}_s{site}_w{channel}.png,images
U2OS-02_3_G12,U2OS-02,3,G12,sirna_1131,U2OS,1,images/U2OS-02/Plate3,{experiment}/Plate{plate}/{well}_s{site}_w{channel}.png,images
U2OS-02_3_G13,U2OS-02,3,G13,sirna_389,U2OS,1,images/U2OS-02/Plate3,{experiment}/Plate{plate}/{well}_s{site}_w{channel}.png,images
U2OS-02_3_G14,U2OS-02,3,G14,sirna_1130,U2OS,1,images/U2OS-02/Plate3,{experiment}/Plate{plate}/{well}_s{site}_w{channel}.png,images
U2OS-02_3_G15,U2OS-02,3,G15,sirna_331,U2OS,1,images/U2OS-02/Plate3,{experiment}/Plate{plate}/{well}_s{site}_w{channel}.png,images
U2OS-02_3_G16,U2OS-02,3,G16,sirna_21,U2OS,1,images/U2OS-02/Plate3,{experiment}/Plate{plate}/{well}_s{site}_w{channel}.png,images
U2OS-02_3_G17,U2OS-02,3,G17,sirna_741,U2OS,1,images/U2OS-02/Plate3,{experiment}/Plate{plate}/{well}_s{site}_w{channel}.png,images
U2OS-02_3_G18,U2OS-02,3,G18,sirna_636,U2OS,1,images/U2OS-02/Plate3,{experiment}/Plate{plate}/{well}_s{site}_w{channel}.png,images
U2OS-02_3_G19,U2OS-02,3,G19,sirna_395,U2OS,1,images/U2OS-02/Plate3,{experiment}/Plate{plate}/{well}_s{site}_w{channel}.png,images
U2OS-02_3_G20,U2OS-02,3,G20,sirna_24,U2OS,1,images/U2OS-02/Plate3,{experiment}/Plate{plate}/{well}_s{site}_w{channel}.png,images
U2OS-02_3_G21,U2OS-02,3,G21,sirna_995,U2OS,1,images/U2OS-02/Plate3,{experiment}/Plate{plate}/{well}_s{site}_w{channel}.png,images
U2OS-02_3_G22,U2OS-02,3,G22,sirna_322,U2OS,1,images/U2OS-02/Plate3,{experiment}/Plate{plate}/{well}_s{site}_w{channel}.png,images
U2OS-02_3_G23,U2OS-02,3,G23,sirna_423,U2OS,1,images/U2OS-02/Plate3,{experiment}/Plate{plate}/{well}_s{site}_w{channel}.png,images
U2OS-02_3_H02,U2OS-02,3,H02,sirna_524,U2OS,1,images/U2OS-02/Plate3,{experiment}/Plate{plate}/{well}_s{site}_w{channel}.png,images
U2OS-02_3_H04,U2OS-02,3,H04,sirna_790,U2OS,1,images/U2OS-02/Plate3,{experiment}/Plate{plate}/{well}_s{site}_w{channel}.png,images
U2OS-02_3_H05,U2OS-02,3,H05,sirna_829,U2OS,1,images/U2OS-02/Plate3,{experiment}/Plate{plate}/{well}_s{site}_w{channel}.png,images
U2OS-02_3_H06,U2OS-02,3,H06,sirna_20,U2OS,1,images/U2OS-02/Plate3,{experiment}/Plate{plate}/{well}_s{site}_w{channel}.png,images
U2OS-02_3_H08,U2OS-02,3,H08,sirna_584,U2OS,1,images/U2OS-02/Plate3,{experiment}/Plate{plate}/{well}_s{site}_w{channel}.png,images
U2OS-02_3_H09,U2OS-02,3,H09,sirna_105,U2OS,1,images/U2OS-02/Plate3,{experiment}/Plate{plate}/{well}_s{site}_w{channel}.png,images
U2OS-02_3_H10,U2OS-02,3,H10,sirna_455,U2OS,1,images/U2OS-02/Plate3,{experiment}/Plate{plate}/{well}_s{site}_w{channel}.png,images
U2OS-02_3_H12,U2OS-02,3,H12,sirna_681,U2OS,1,images/U2OS-02/Plate3,{experiment}/Plate{plate}/{well}_s{site}_w{channel}.png,images
U2OS-02_3_H13,U2OS-02,3,H13,sirna_708,U2OS,1,images/U2OS-02/Plate3,{experiment}/Plate{plate}/{well}_s{site}_w{channel}.png,images
U2OS-02_3_H14,U2OS-02,3,H14,sirna_146,U2OS,1,images/U2OS-02/Plate3,{experiment}/Plate{plate}/{well}_s{site}_w{channel}.png,images
U2OS-02_3_H16,U2OS-02,3,H16,sirna_1134,U2OS,1,images/U2OS-02/Plate3,{experiment}/Plate{plate}/{well}_s{site}_w{channel}.png,images
U2OS-02_3_H17,U2OS-02,3,H17,sirna_459,U2OS,1,images/U2OS-02/Plate3,{experiment}/Plate{plate}/{well}_s{site}_w{channel}.png,images
U2OS-02_3_H18,U2OS-02,3,H18,sirna_890,U2OS,1,images/U2OS-02/Plate3,{experiment}/Plate{plate}/{well}_s{site}_w{channel}.png,images
U2OS-02_3_H20,U2OS-02,3,H20,sirna_50,U2OS,1,images/U2OS-02/Plate3,{experiment}/Plate{plate}/{well}_s{site}_w{channel}.png,images
U2OS-02_3_H21,U2OS-02,3,H21,sirna_273,U2OS,1,images/U2OS-02/Plate3,{experiment}/Plate{plate}/{well}_s{site}_w{channel}.png,images
U2OS-02_3_H23,U2OS-02,3,H23,sirna_551,U2OS,1,images/U2OS-02/Plate3,{experiment}/Plate{plate}/{well}_s{site}_w{channel}.png,images
U2OS-02_3_I02,U2OS-02,3,I02,sirna_1027,U2OS,1,images/U2OS-02/Plate3,{experiment}/Plate{plate}/{well}_s{site}_w{channel}.png,images
U2OS-02_3_I03,U2OS-02,3,I03,sirna_534,U2OS,1,images/U2OS-02/Plate3,{experiment}/Plate{plate}/{well}_s{site}_w{channel}.png,images
U2OS-02_3_I04,U2OS-02,3,I04,sirna_252,U2OS,1,images/U2OS-02/Plate3,{experiment}/Plate{plate}/{well}_s{site}_w{channel}.png,images
U2OS-02_3_I05,U2OS-02,3,I05,sirna_612,U2OS,1,images/U2OS-02/Plate3,{experiment}/Plate{plate}/{well}_s{site}_w{channel}.png,images
U2OS-02_3_I06,U2OS-02,3,I06,sirna_1075,U2OS,1,images/U2OS-02/Plate3,{experiment}/Plate{plate}/{well}_s{site}_w{channel}.png,images
U2OS-02_3_I07,U2OS-02,3,I07,sirna_941,U2OS,1,images/U2OS-02/Plate3,{experiment}/Plate{plate}/{well}_s{site}_w{channel}.png,images
U2OS-02_3_I08,U2OS-02,3,I08,sirna_452,U2OS,1,images/U2OS-02/Plate3,{experiment}/Plate{plate}/{well}_s{site}_w{channel}.png,images
U2OS-02_3_I09,U2OS-02,3,I09,sirna_737,U2OS,1,images/U2OS-02/Plate3,{experiment}/Plate{plate}/{well}_s{site}_w{channel}.png,images
U2OS-02_3_I10,U2OS-02,3,I10,sirna_802,U2OS,1,images/U2OS-02/Plate3,{experiment}/Plate{plate}/{well}_s{site}_w{channel}.png,images
U2OS-02_3_I11,U2OS-02,3,I11,sirna_454,U2OS,1,images/U2OS-02/Plate3,{experiment}/Plate{plate}/{well}_s{site}_w{channel}.png,images
U2OS-02_3_I12,U2OS-02,3,I12,sirna_838,U2OS,1,images/U2OS-02/Plate3,{experiment}/Plate{plate}/{well}_s{site}_w{channel}.png,images
U2OS-02_3_I13,U2OS-02,3,I13,sirna_742,U2OS,1,images/U2OS-02/Plate3,{experiment}/Plate{plate}/{well}_s{site}_w{channel}.png,images
U2OS-02_3_I14,U2OS-02,3,I14,sirna_336,U2OS,1,images/U2OS-02/Plate3,{experiment}/Plate{plate}/{well}_s{site}_w{channel}.png,images
U2OS-02_3_I15,U2OS-02,3,I15,sirna_923,U2OS,1,images/U2OS-02/Plate3,{experiment}/Plate{plate}/{well}_s{site}_w{channel}.png,images
U2OS-02_3_I16,U2OS-02,3,I16,sirna_1,U2OS,1,images/U2OS-02/Plate3,{experiment}/Plate{plate}/{well}_s{site}_w{channel}.png,images
U2OS-02_3_I17,U2OS-02,3,I17,sirna_929,U2OS,1,images/U2OS-02/Plate3,{experiment}/Plate{plate}/{well}_s{site}_w{channel}.png,images
U2OS-02_3_I18,U2OS-02,3,I18,sirna_408,U2OS,1,images/U2OS-02/Plate3,{experiment}/Plate{plate}/{well}_s{site}_w{channel}.png,images
U2OS-02_3_I19,U2OS-02,3,I19,sirna_458,U2OS,1,images/U2OS-02/Plate3,{experiment}/Plate{plate}/{well}_s{site}_w{channel}.png,images
U2OS-02_3_I20,U2OS-02,3,I20,sirna_1096,U2OS,1,images/U2OS-02/Plate3,{experiment}/Plate{plate}/{well}_s{site}_w{channel}.png,images
U2OS-02_3_I21,U2OS-02,3,I21,sirna_1033,U2OS,1,images/U2OS-02/Plate3,{experiment}/Plate{plate}/{well}_s{site}_w{channel}.png,images
U2OS-02_3_I22,U2OS-02,3,I22,sirna_1031,U2OS,1,images/U2OS-02/Plate3,{experiment}/Plate{plate}/{well}_s{site}_w{channel}.png,images
U2OS-02_3_I23,U2OS-02,3,I23,sirna_307,U2OS,1,images/U2OS-02/Plate3,{experiment}/Plate{plate}/{well}_s{site}_w{channel}.png,images
U2OS-02_3_J02,U2OS-02,3,J02,sirna_1050,U2OS,1,images/U2OS-02/Plate3,{experiment}/Plate{plate}/{well}_s{site}_w{channel}.png,images
U2OS-02_3_J04,U2OS-02,3,J04,sirna_280,U2OS,1,images/U2OS-02/Plate3,{experiment}/Plate{plate}/{well}_s{site}_w{channel}.png,images
U2OS-02_3_J05,U2OS-02,3,J05,sirna_245,U2OS,1,images/U2OS-02/Plate3,{experiment}/Plate{plate}/{well}_s{site}_w{channel}.png,images
U2OS-02_3_J06,U2OS-02,3,J06,sirna_927,U2OS,1,images/U2OS-02/Plate3,{experiment}/Plate{plate}/{well}_s{site}_w{channel}.png,images
U2OS-02_3_J08,U2OS-02,3,J08,sirna_812,U2OS,1,images/U2OS-02/Plate3,{experiment}/Plate{plate}/{well}_s{site}_w{channel}.png,images
U2OS-02_3_J09,U2OS-02,3,J09,sirna_638,U2OS,1,images/U2OS-02/Plate3,{experiment}/Plate{plate}/{well}_s{site}_w{channel}.png,images
U2OS-02_3_J10,U2OS-02,3,J10,sirna_567,U2OS,1,images/U2OS-02/Plate3,{experiment}/Plate{plate}/{well}_s{site}_w{channel}.png,images
U2OS-02_3_J12,U2OS-02,3,J12,sirna_817,U2OS,1,images/U2OS-02/Plate3,{experiment}/Plate{plate}/{well}_s{site}_w{channel}.png,images
U2OS-02_3_J13,U2OS-02,3,J13,sirna_745,U2OS,1,images/U2OS-02/Plate3,{experiment}/Plate{plate}/{well}_s{site}_w{channel}.png,images
U2OS-02_3_J14,U2OS-02,3,J14,sirna_898,U2OS,1,images/U2OS-02/Plate3,{experiment}/Plate{plate}/{well}_s{site}_w{channel}.png,images
U2OS-02_3_J16,U2OS-02,3,J16,sirna_589,U2OS,1,images/U2OS-02/Plate3,{experiment}/Plate{plate}/{well}_s{site}_w{channel}.png,images
U2OS-02_3_J17,U2OS-02,3,J17,sirna_414,U2OS,1,images/U2OS-02/Plate3,{experiment}/Plate{plate}/{well}_s{site}_w{channel}.png,images
U2OS-02_3_J18,U2OS-02,3,J18,sirna_881,U2OS,1,images/U2OS-02/Plate3,{experiment}/Plate{plate}/{well}_s{site}_w{channel}.png,images
U2OS-02_3_J20,U2OS-02,3,J20,sirna_1010,U2OS,1,images/U2OS-02/Plate3,{experiment}/Plate{plate}/{well}_s{site}_w{channel}.png,images
U2OS-02_3_J21,U2OS-02,3,J21,sirna_805,U2OS,1,images/U2OS-02/Plate3,{experiment}/Plate{plate}/{well}_s{site}_w{channel}.png,images
U2OS-02_3_J23,U2OS-02,3,J23,sirna_481,U2OS,1,images/U2OS-02/Plate3,{experiment}/Plate{plate}/{well}_s{site}_w{channel}.png,images
U2OS-02_3_K02,U2OS-02,3,K02,sirna_782,U2OS,1,images/U2OS-02/Plate3,{experiment}/Plate{plate}/{well}_s{site}_w{channel}.png,images
U2OS-02_3_K03,U2OS-02,3,K03,sirna_694,U2OS,1,images/U2OS-02/Plate3,{experiment}/Plate{plate}/{well}_s{site}_w{channel}.png,images
U2OS-02_3_K04,U2OS-02,3,K04,sirna_759,U2OS,1,images/U2OS-02/Plate3,{experiment}/Plate{plate}/{well}_s{site}_w{channel}.png,images
U2OS-02_3_K05,U2OS-02,3,K05,sirna_586,U2OS,1,images/U2OS-02/Plate3,{experiment}/Plate{plate}/{well}_s{site}_w{channel}.png,images
U2OS-02_3_K06,U2OS-02,3,K06,sirna_620,U2OS,1,images/U2OS-02/Plate3,{experiment}/Plate{plate}/{well}_s{site}_w{channel}.png,images
U2OS-02_3_K07,U2OS-02,3,K07,sirna_617,U2OS,1,images/U2OS-02/Plate3,{experiment}/Plate{plate}/{well}_s{site}_w{channel}.png,images
U2OS-02_3_K08,U2OS-02,3,K08,sirna_369,U2OS,1,images/U2OS-02/Plate3,{experiment}/Plate{plate}/{well}_s{site}_w{channel}.png,images
U2OS-02_3_K09,U2OS-02,3,K09,sirna_503,U2OS,1,images/U2OS-02/Plate3,{experiment}/Plate{plate}/{well}_s{site}_w{channel}.png,images
U2OS-02_3_K10,U2OS-02,3,K10,sirna_595,U2OS,1,images/U2OS-02/Plate3,{experiment}/Plate{plate}/{well}_s{site}_w{channel}.png,images
U2OS-02_3_K11,U2OS-02,3,K11,sirna_497,U2OS,1,images/U2OS-02/Plate3,{experiment}/Plate{plate}/{well}_s{site}_w{channel}.png,images
U2OS-02_3_K12,U2OS-02,3,K12,sirna_958,U2OS,1,images/U2OS-02/Plate3,{experiment}/Plate{plate}/{well}_s{site}_w{channel}.png,images
U2OS-02_3_K13,U2OS-02,3,K13,sirna_401,U2OS,1,images/U2OS-02/Plate3,{experiment}/Plate{plate}/{well}_s{site}_w{channel}.png,images
U2OS-02_3_K14,U2OS-02,3,K14,sirna_874,U2OS,1,images/U2OS-02/Plate3,{experiment}/Plate{plate}/{well}_s{site}_w{channel}.png,images
U2OS-02_3_K15,U2OS-02,3,K15,sirna_726,U2OS,1,images/U2OS-02/Plate3,{experiment}/Plate{plate}/{well}_s{site}_w{channel}.png,images
U2OS-02_3_K16,U2OS-02,3,K16,sirna_223,U2OS,1,images/U2OS-02/Plate3,{experiment}/Plate{plate}/{well}_s{site}_w{channel}.png,images
U2OS-02_3_K17,U2OS-02,3,K17,sirna_140,U2OS,1,images/U2OS-02/Plate3,{experiment}/Plate{plate}/{well}_s{site}_w{channel}.png,images
U2OS-02_3_K18,U2OS-02,3,K18,sirna_518,U2OS,1,images/U2OS-02/Plate3,{experiment}/Plate{plate}/{well}_s{site}_w{channel}.png,images
U2OS-02_3_K19,U2OS-02,3,K19,sirna_267,U2OS,1,images/U2OS-02/Plate3,{experiment}/Plate{plate}/{well}_s{site}_w{channel}.png,images
U2OS-02_3_K20,U2OS-02,3,K20,sirna_652,U2OS,1,images/U2OS-02/Plate3,{experiment}/Plate{plate}/{well}_s{site}_w{channel}.png,images
U2OS-02_3_K21,U2OS-02,3,K21,sirna_182,U2OS,1,images/U2OS-02/Plate3,{experiment}/Plate{plate}/{well}_s{site}_w{channel}.png,images
U2OS-02_3_K22,U2OS-02,3,K22,sirna_446,U2OS,1,images/U2OS-02/Plate3,{experiment}/Plate{plate}/{well}_s{site}_w{channel}.png,images
U2OS-02_3_K23,U2OS-02,3,K23,sirna_422,U2OS,1,images/U2OS-02/Plate3,{experiment}/Plate{plate}/{well}_s{site}_w{channel}.png,images
U2OS-02_3_L02,U2OS-02,3,L02,sirna_382,U2OS,1,images/U2OS-02/Plate3,{experiment}/Plate{plate}/{well}_s{site}_w{channel}.png,images
U2OS-02_3_L03,U2OS-02,3,L03,sirna_1132,U2OS,1,images/U2OS-02/Plate3,{experiment}/Plate{plate}/{well}_s{site}_w{channel}.png,images
U2OS-02_3_L04,U2OS-02,3,L04,sirna_841,U2OS,1,images/U2OS-02/Plate3,{experiment}/Plate{plate}/{well}_s{site}_w{channel}.png,images
U2OS-02_3_L05,U2OS-02,3,L05,sirna_5,U2OS,1,images/U2OS-02/Plate3,{experiment}/Plate{plate}/{well}_s{site}_w{channel}.png,images
U2OS-02_3_L06,U2OS-02,3,L06,sirna_206,U2OS,1,images/U2OS-02/Plate3,{experiment}/Plate{plate}/{well}_s{site}_w{channel}.png,images
U2OS-02_3_L07,U2OS-02,3,L07,sirna_1088,U2OS,1,images/U2OS-02/Plate3,{experiment}/Plate{plate}/{well}_s{site}_w{channel}.png,images
U2OS-02_3_L08,U2OS-02,3,L08,sirna_303,U2OS,1,images/U2OS-02/Plate3,{experiment}/Plate{plate}/{well}_s{site}_w{channel}.png,images
U2OS-02_3_L09,U2OS-02,3,L09,sirna_108,U2OS,1,images/U2OS-02/Plate3,{experiment}/Plate{plate}/{well}_s{site}_w{channel}.png,images
U2OS-02_3_L10,U2OS-02,3,L10,sirna_952,U2OS,1,images/U2OS-02/Plate3,{experiment}/Plate{plate}/{well}_s{site}_w{channel}.png,images
U2OS-02_3_L11,U2OS-02,3,L11,sirna_6,U2OS,1,images/U2OS-02/Plate3,{experiment}/Plate{plate}/{well}_s{site}_w{channel}.png,images
U2OS-02_3_L12,U2OS-02,3,L12,sirna_61,U2OS,1,images/U2OS-02/Plate3,{experiment}/Plate{plate}/{well}_s{site}_w{channel}.png,images
U2OS-02_3_L13,U2OS-02,3,L13,sirna_935,U2OS,1,images/U2OS-02/Plate3,{experiment}/Plate{plate}/{well}_s{site}_w{channel}.png,images
U2OS-02_3_L14,U2OS-02,3,L14,sirna_994,U2OS,1,images/U2OS-02/Plate3,{experiment}/Plate{plate}/{well}_s{site}_w{channel}.png,images
U2OS-02_3_L15,U2OS-02,3,L15,sirna_781,U2OS,1,images/U2OS-02/Plate3,{experiment}/Plate{plate}/{well}_s{site}_w{channel}.png,images
U2OS-02_3_L16,U2OS-02,3,L16,sirna_597,U2OS,1,images/U2OS-02/Plate3,{experiment}/Plate{plate}/{well}_s{site}_w{channel}.png,images
U2OS-02_3_L17,U2OS-02,3,L17,sirna_836,U2OS,1,images/U2OS-02/Plate3,{experiment}/Plate{plate}/{well}_s{site}_w{channel}.png,images
U2OS-02_3_L18,U2OS-02,3,L18,sirna_644,U2OS,1,images/U2OS-02/Plate3,{experiment}/Plate{plate}/{well}_s{site}_w{channel}.png,images
U2OS-02_3_L19,U2OS-02,3,L19,sirna_145,U2OS,1,images/U2OS-02/Plate3,{experiment}/Plate{plate}/{well}_s{site}_w{channel}.png,images
U2OS-02_3_L20,U2OS-02,3,L20,sirna_117,U2OS,1,images/U2OS-02/Plate3,{experiment}/Plate{plate}/{well}_s{site}_w{channel}.png,images
U2OS-02_3_L21,U2OS-02,3,L21,sirna_827,U2OS,1,images/U2OS-02/Plate3,{experiment}/Plate{plate}/{well}_s{site}_w{channel}.png,images
U2OS-02_3_L22,U2OS-02,3,L22,sirna_347,U2OS,1,images/U2OS-02/Plate3,{experiment}/Plate{plate}/{well}_s{site}_w{channel}.png,images
U2OS-02_3_L23,U2OS-02,3,L23,sirna_338,U2OS,1,images/U2OS-02/Plate3,{experiment}/Plate{plate}/{well}_s{site}_w{channel}.png,images
U2OS-02_3_M02,U2OS-02,3,M02,sirna_1079,U2OS,1,images/U2OS-02/Plate3,{experiment}/Plate{plate}/{well}_s{site}_w{channel}.png,images
U2OS-02_3_M04,U2OS-02,3,M04,sirna_729,U2OS,1,images/U2OS-02/Plate3,{experiment}/Plate{plate}/{well}_s{site}_w{channel}.png,images
U2OS-02_3_M05,U2OS-02,3,M05,sirna_804,U2OS,1,images/U2OS-02/Plate3,{experiment}/Plate{plate}/{well}_s{site}_w{channel}.png,images
U2OS-02_3_M06,U2OS-02,3,M06,sirna_44,U2OS,1,images/U2OS-02/Plate3,{experiment}/Plate{plate}/{well}_s{site}_w{channel}.png,images
U2OS-02_3_M08,U2OS-02,3,M08,sirna_274,U2OS,1,images/U2OS-02/Plate3,{experiment}/Plate{plate}/{well}_s{site}_w{channel}.png,images
U2OS-02_3_M09,U2OS-02,3,M09,sirna_111,U2OS,1,images/U2OS-02/Plate3,{experiment}/Plate{plate}/{well}_s{site}_w{channel}.png,images
U2OS-02_3_M10,U2OS-02,3,M10,sirna_540,U2OS,1,images/U2OS-02/Plate3,{experiment}/Plate{plate}/{well}_s{site}_w{channel}.png,images
U2OS-02_3_M12,U2OS-02,3,M12,sirna_1052,U2OS,1,images/U2OS-02/Plate3,{experiment}/Plate{plate}/{well}_s{site}_w{channel}.png,images
U2OS-02_3_M13,U2OS-02,3,M13,sirna_110,U2OS,1,images/U2OS-02/Plate3,{experiment}/Plate{plate}/{well}_s{site}_w{channel}.png,images
U2OS-02_3_M14,U2OS-02,3,M14,sirna_337,U2OS,1,images/U2OS-02/Plate3,{experiment}/Plate{plate}/{well}_s{site}_w{channel}.png,images
U2OS-02_3_M16,U2OS-02,3,M16,sirna_699,U2OS,1,images/U2OS-02/Plate3,{experiment}/Plate{plate}/{well}_s{site}_w{channel}.png,images
U2OS-02_3_M17,U2OS-02,3,M17,sirna_962,U2OS,1,images/U2OS-02/Plate3,{experiment}/Plate{plate}/{well}_s{site}_w{channel}.png,images
U2OS-02_3_M18,U2OS-02,3,M18,sirna_646,U2OS,1,images/U2OS-02/Plate3,{experiment}/Plate{plate}/{well}_s{site}_w{channel}.png,images
U2OS-02_3_M20,U2OS-02,3,M20,sirna_506,U2OS,1,images/U2OS-02/Plate3,{experiment}/Plate{plate}/{well}_s{site}_w{channel}.png,images
U2OS-02_3_M21,U2OS-02,3,M21,sirna_235,U2OS,1,images/U2OS-02/Plate3,{experiment}/Plate{plate}/{well}_s{site}_w{channel}.png,images
U2OS-02_3_M23,U2OS-02,3,M23,sirna_654,U2OS,1,images/U2OS-02/Plate3,{experiment}/Plate{plate}/{well}_s{site}_w{channel}.png,images
U2OS-02_3_N02,U2OS-02,3,N02,sirna_916,U2OS,1,images/U2OS-02/Plate3,{experiment}/Plate{plate}/{well}_s{site}_w{channel}.png,images
U2OS-02_3_N03,U2OS-02,3,N03,sirna_514,U2OS,1,images/U2OS-02/Plate3,{experiment}/Plate{plate}/{well}_s{site}_w{channel}.png,images
U2OS-02_3_N04,U2OS-02,3,N04,sirna_609,U2OS,1,images/U2OS-02/Plate3,{experiment}/Plate{plate}/{well}_s{site}_w{channel}.png,images
U2OS-02_3_N05,U2OS-02,3,N05,sirna_467,U2OS,1,images/U2OS-02/Plate3,{experiment}/Plate{plate}/{well}_s{site}_w{channel}.png,images
U2OS-02_3_N06,U2OS-02,3,N06,sirna_1106,U2OS,1,images/U2OS-02/Plate3,{experiment}/Plate{plate}/{well}_s{site}_w{channel}.png,images
U2OS-02_3_N07,U2OS-02,3,N07,sirna_587,U2OS,1,images/U2OS-02/Plate3,{experiment}/Plate{plate}/{well}_s{site}_w{channel}.png,images
U2OS-02_3_N08,U2OS-02,3,N08,sirna_639,U2OS,1,images/U2OS-02/Plate3,{experiment}/Plate{plate}/{well}_s{site}_w{channel}.png,images
U2OS-02_3_N09,U2OS-02,3,N09,sirna_747,U2OS,1,images/U2OS-02/Plate3,{experiment}/Plate{plate}/{well}_s{site}_w{channel}.png,images
U2OS-02_3_N10,U2OS-02,3,N10,sirna_486,U2OS,1,images/U2OS-02/Plate3,{experiment}/Plate{plate}/{well}_s{site}_w{channel}.png,images
U2OS-02_3_N11,U2OS-02,3,N11,sirna_269,U2OS,1,images/U2OS-02/Plate3,{experiment}/Plate{plate}/{well}_s{site}_w{channel}.png,images
U2OS-02_3_N12,U2OS-02,3,N12,sirna_1034,U2OS,1,images/U2OS-02/Plate3,{experiment}/Plate{plate}/{well}_s{site}_w{channel}.png,images
U2OS-02_3_N13,U2OS-02,3,N13,sirna_806,U2OS,1,images/U2OS-02/Plate3,{experiment}/Plate{plate}/{well}_s{site}_w{channel}.png,images
U2OS-02_3_N14,U2OS-02,3,N14,sirna_40,U2OS,1,images/U2OS-02/Plate3,{experiment}/Plate{plate}/{well}_s{site}_w{channel}.png,images
U2OS-02_3_N15,U2OS-02,3,N15,sirna_390,U2OS,1,images/U2OS-02/Plate3,{experiment}/Plate{plate}/{well}_s{site}_w{channel}.png,images
U2OS-02_3_N16,U2OS-02,3,N16,sirna_1136,U2OS,1,images/U2OS-02/Plate3,{experiment}/Plate{plate}/{well}_s{site}_w{channel}.png,images
U2OS-02_3_N17,U2OS-02,3,N17,sirna_159,U2OS,1,images/U2OS-02/Plate3,{experiment}/Plate{plate}/{well}_s{site}_w{channel}.png,images
U2OS-02_3_N18,U2OS-02,3,N18,sirna_473,U2OS,1,images/U2OS-02/Plate3,{experiment}/Plate{plate}/{well}_s{site}_w{channel}.png,images
U2OS-02_3_N19,U2OS-02,3,N19,sirna_663,U2OS,1,images/U2OS-02/Plate3,{experiment}/Plate{plate}/{well}_s{site}_w{channel}.png,images
U2OS-02_3_N20,U2OS-02,3,N20,sirna_380,U2OS,1,images/U2OS-02/Plate3,{experiment}/Plate{plate}/{well}_s{site}_w{channel}.png,images
U2OS-02_3_N21,U2OS-02,3,N21,sirna_74,U2OS,1,images/U2OS-02/Plate3,{experiment}/Plate{plate}/{well}_s{site}_w{channel}.png,images
U2OS-02_3_N22,U2OS-02,3,N22,sirna_1042,U2OS,1,images/U2OS-02/Plate3,{experiment}/Plate{plate}/{well}_s{site}_w{channel}.png,images
U2OS-02_3_N23,U2OS-02,3,N23,sirna_1087,U2OS,1,images/U2OS-02/Plate3,{experiment}/Plate{plate}/{well}_s{site}_w{channel}.png,images
U2OS-02_3_O02,U2OS-02,3,O02,sirna_871,U2OS,1,images/U2OS-02/Plate3,{experiment}/Plate{plate}/{well}_s{site}_w{channel}.png,images
U2OS-02_3_O03,U2OS-02,3,O03,sirna_535,U2OS,1,images/U2OS-02/Plate3,{experiment}/Plate{plate}/{well}_s{site}_w{channel}.png,images
U2OS-02_3_O04,U2OS-02,3,O04,sirna_588,U2OS,1,images/U2OS-02/Plate3,{experiment}/Plate{plate}/{well}_s{site}_w{channel}.png,images
U2OS-02_3_O05,U2OS-02,3,O05,sirna_384,U2OS,1,images/U2OS-02/Plate3,{experiment}/Plate{plate}/{well}_s{site}_w{channel}.png,images
U2OS-02_3_O06,U2OS-02,3,O06,sirna_545,U2OS,1,images/U2OS-02/Plate3,{experiment}/Plate{plate}/{well}_s{site}_w{channel}.png,images
U2OS-02_3_O07,U2OS-02,3,O07,sirna_247,U2OS,1,images/U2OS-02/Plate3,{experiment}/Plate{plate}/{well}_s{site}_w{channel}.png,images
U2OS-02_3_O08,U2OS-02,3,O08,sirna_383,U2OS,1,images/U2OS-02/Plate3,{experiment}/Plate{plate}/{well}_s{site}_w{channel}.png,images
U2OS-02_3_O09,U2OS-02,3,O09,sirna_1054,U2OS,1,images/U2OS-02/Plate3,{experiment}/Plate{plate}/{well}_s{site}_w{channel}.png,images
U2OS-02_3_O10,U2OS-02,3,O10,sirna_358,U2OS,1,images/U2OS-02/Plate3,{experiment}/Plate{plate}/{well}_s{site}_w{channel}.png,images
U2OS-02_3_O11,U2OS-02,3,O11,sirna_630,U2OS,1,images/U2OS-02/Plate3,{experiment}/Plate{plate}/{well}_s{site}_w{channel}.png,images
U2OS-02_3_O12,U2OS-02,3,O12,sirna_801,U2OS,1,images/U2OS-02/Plate3,{experiment}/Plate{plate}/{well}_s{site}_w{channel}.png,images
U2OS-02_3_O13,U2OS-02,3,O13,sirna_447,U2OS,1,images/U2OS-02/Plate3,{experiment}/Plate{plate}/{well}_s{site}_w{channel}.png,images
U2OS-02_3_O14,U2OS-02,3,O14,sirna_683,U2OS,1,images/U2OS-02/Plate3,{experiment}/Plate{plate}/{well}_s{site}_w{channel}.png,images
U2OS-02_3_O15,U2OS-02,3,O15,sirna_69,U2OS,1,images/U2OS-02/Plate3,{experiment}/Plate{plate}/{well}_s{site}_w{channel}.png,images
U2OS-02_3_O16,U2OS-02,3,O16,sirna_1084,U2OS,1,images/U2OS-02/Plate3,{experiment}/Plate{plate}/{well}_s{site}_w{channel}.png,images
U2OS-02_3_O17,U2OS-02,3,O17,sirna_718,U2OS,1,images/U2OS-02/Plate3,{experiment}/Plate{plate}/{well}_s{site}_w{channel}.png,images
U2OS-02_3_O18,U2OS-02,3,O18,sirna_456,U2OS,1,images/U2OS-02/Plate3,{experiment}/Plate{plate}/{well}_s{site}_w{channel}.png,images
U2OS-02_3_O19,U2OS-02,3,O19,sirna_1012,U2OS,1,images/U2OS-02/Plate3,{experiment}/Plate{plate}/{well}_s{site}_w{channel}.png,images
U2OS-02_3_O20,U2OS-02,3,O20,sirna_651,U2OS,1,images/U2OS-02/Plate3,{experiment}/Plate{plate}/{well}_s{site}_w{channel}.png,images
U2OS-02_3_O21,U2OS-02,3,O21,sirna_660,U2OS,1,images/U2OS-02/Plate3,{experiment}/Plate{plate}/{well}_s{site}_w{channel}.png,images
U2OS-02_3_O22,U2OS-02,3,O22,sirna_1022,U2OS,1,images/U2OS-02/Plate3,{experiment}/Plate{plate}/{well}_s{site}_w{channel}.png,images
U2OS-02_3_O23,U2OS-02,3,O23,sirna_903,U2OS,1,images/U2OS-02/Plate3,{experiment}/Plate{plate}/{well}_s{site}_w{channel}.png,images
U2OS-02_4_B03,U2OS-02,4,B03,sirna_36,U2OS,1,images/U2OS-02/Plate4,{experiment}/Plate{plate}/{well}_s{site}_w{channel}.png,images
U2OS-02_4_B04,U2OS-02,4,B04,sirna_604,U2OS,1,images/U2OS-02/Plate4,{experiment}/Plate{plate}/{well}_s{site}_w{channel}.png,images
U2OS-02_4_B05,U2OS-02,4,B05,sirna_833,U2OS,1,images/U2OS-02/Plate4,{experiment}/Plate{plate}/{well}_s{site}_w{channel}.png,images
U2OS-02_4_B06,U2OS-02,4,B06,sirna_221,U2OS,1,images/U2OS-02/Plate4,{experiment}/Plate{plate}/{well}_s{site}_w{channel}.png,images
U2OS-02_4_B07,U2OS-02,4,B07,sirna_114,U2OS,1,images/U2OS-02/Plate4,{experiment}/Plate{plate}/{well}_s{site}_w{channel}.png,images
U2OS-02_4_B08,U2OS-02,4,B08,sirna_897,U2OS,1,images/U2OS-02/Plate4,{experiment}/Plate{plate}/{well}_s{site}_w{channel}.png,images
U2OS-02_4_B09,U2OS-02,4,B09,sirna_178,U2OS,1,images/U2OS-02/Plate4,{experiment}/Plate{plate}/{well}_s{site}_w{channel}.png,images
U2OS-02_4_B10,U2OS-02,4,B10,sirna_160,U2OS,1,images/U2OS-02/Plate4,{experiment}/Plate{plate}/{well}_s{site}_w{channel}.png,images
U2OS-02_4_B11,U2OS-02,4,B11,sirna_431,U2OS,1,images/U2OS-02/Plate4,{experiment}/Plate{plate}/{well}_s{site}_w{channel}.png,images
U2OS-02_4_B12,U2OS-02,4,B12,sirna_971,U2OS,1,images/U2OS-02/Plate4,{experiment}/Plate{plate}/{well}_s{site}_w{channel}.png,images
U2OS-02_4_B13,U2OS-02,4,B13,sirna_420,U2OS,1,images/U2OS-02/Plate4,{experiment}/Plate{plate}/{well}_s{site}_w{channel}.png,images
U2OS-02_4_B14,U2OS-02,4,B14,sirna_132,U2OS,1,images/U2OS-02/Plate4,{experiment}/Plate{plate}/{well}_s{site}_w{channel}.png,images
U2OS-02_4_B15,U2OS-02,4,B15,sirna_227,U2OS,1,images/U2OS-02/Plate4,{experiment}/Plate{plate}/{well}_s{site}_w{channel}.png,images
U2OS-02_4_B16,U2OS-02,4,B16,sirna_287,U2OS,1,images/U2OS-02/Plate4,{experiment}/Plate{plate}/{well}_s{site}_w{channel}.png,images
U2OS-02_4_B17,U2OS-02,4,B17,sirna_896,U2OS,1,images/U2OS-02/Plate4,{experiment}/Plate{plate}/{well}_s{site}_w{channel}.png,images
U2OS-02_4_B18,U2OS-02,4,B18,sirna_151,U2OS,1,images/U2OS-02/Plate4,{experiment}/Plate{plate}/{well}_s{site}_w{channel}.png,images
U2OS-02_4_B19,U2OS-02,4,B19,sirna_794,U2OS,1,images/U2OS-02/Plate4,{experiment}/Plate{plate}/{well}_s{site}_w{channel}.png,images
U2OS-02_4_B20,U2OS-02,4,B20,sirna_29,U2OS,1,images/U2OS-02/Plate4,{experiment}/Plate{plate}/{well}_s{site}_w{channel}.png,images
U2OS-02_4_B21,U2OS-02,4,B21,sirna_592,U2OS,1,images/U2OS-02/Plate4,{experiment}/Plate{plate}/{well}_s{site}_w{channel}.png,images
U2OS-02_4_B22,U2OS-02,4,B22,sirna_793,U2OS,1,images/U2OS-02/Plate4,{experiment}/Plate{plate}/{well}_s{site}_w{channel}.png,images
U2OS-02_4_B23,U2OS-02,4,B23,sirna_352,U2OS,1,images/U2OS-02/Plate4,{experiment}/Plate{plate}/{well}_s{site}_w{channel}.png,images
U2OS-02_4_C02,U2OS-02,4,C02,sirna_1001,U2OS,1,images/U2OS-02/Plate4,{experiment}/Plate{plate}/{well}_s{site}_w{channel}.png,images
U2OS-02_4_C04,U2OS-02,4,C04,sirna_945,U2OS,1,images/U2OS-02/Plate4,{experiment}/Plate{plate}/{well}_s{site}_w{channel}.png,images
U2OS-02_4_C05,U2OS-02,4,C05,sirna_807,U2OS,1,images/U2OS-02/Plate4,{experiment}/Plate{plate}/{well}_s{site}_w{channel}.png,images
U2OS-02_4_C06,U2OS-02,4,C06,sirna_379,U2OS,1,images/U2OS-02/Plate4,{experiment}/Plate{plate}/{well}_s{site}_w{channel}.png,images
U2OS-02_4_C08,U2OS-02,4,C08,sirna_856,U2OS,1,images/U2OS-02/Plate4,{experiment}/Plate{plate}/{well}_s{site}_w{channel}.png,images
U2OS-02_4_C09,U2OS-02,4,C09,sirna_228,U2OS,1,images/U2OS-02/Plate4,{experiment}/Plate{plate}/{well}_s{site}_w{channel}.png,images
U2OS-02_4_C10,U2OS-02,4,C10,sirna_525,U2OS,1,images/U2OS-02/Plate4,{experiment}/Plate{plate}/{well}_s{site}_w{channel}.png,images
U2OS-02_4_C12,U2OS-02,4,C12,sirna_363,U2OS,1,images/U2OS-02/Plate4,{experiment}/Plate{plate}/{well}_s{site}_w{channel}.png,images
U2OS-02_4_C13,U2OS-02,4,C13,sirna_949,U2OS,1,images/U2OS-02/Plate4,{experiment}/Plate{plate}/{well}_s{site}_w{channel}.png,images
U2OS-02_4_C14,U2OS-02,4,C14,sirna_590,U2OS,1,images/U2OS-02/Plate4,{experiment}/Plate{plate}/{well}_s{site}_w{channel}.png,images
U2OS-02_4_C16,U2OS-02,4,C16,sirna_824,U2OS,1,images/U2OS-02/Plate4,{experiment}/Plate{plate}/{well}_s{site}_w{channel}.png,images
U2OS-02_4_C17,U2OS-02,4,C17,sirna_980,U2OS,1,images/U2OS-02/Plate4,{experiment}/Plate{plate}/{well}_s{site}_w{channel}.png,images
U2OS-02_4_C18,U2OS-02,4,C18,sirna_950,U2OS,1,images/U2OS-02/Plate4,{experiment}/Plate{plate}/{well}_s{site}_w{channel}.png,images
U2OS-02_4_C20,U2OS-02,4,C20,sirna_166,U2OS,1,images/U2OS-02/Plate4,{experiment}/Plate{plate}/{well}_s{site}_w{channel}.png,images
U2OS-02_4_C21,U2OS-02,4,C21,sirna_1015,U2OS,1,images/U2OS-02/Plate4,{experiment}/Plate{plate}/{well}_s{site}_w{channel}.png,images
U2OS-02_4_C23,U2OS-02,4,C23,sirna_236,U2OS,1,images/U2OS-02/Plate4,{experiment}/Plate{plate}/{well}_s{site}_w{channel}.png,images
U2OS-02_4_D02,U2OS-02,4,D02,sirna_1077,U2OS,1,images/U2OS-02/Plate4,{experiment}/Plate{plate}/{well}_s{site}_w{channel}.png,images
U2OS-02_4_D03,U2OS-02,4,D03,sirna_366,U2OS,1,images/U2OS-02/Plate4,{experiment}/Plate{plate}/{well}_s{site}_w{channel}.png,images
U2OS-02_4_D04,U2OS-02,4,D04,sirna_722,U2OS,1,images/U2OS-02/Plate4,{experiment}/Plate{plate}/{well}_s{site}_w{channel}.png,images
U2OS-02_4_D05,U2OS-02,4,D05,sirna_557,U2OS,1,images/U2OS-02/Plate4,{experiment}/Plate{plate}/{well}_s{site}_w{channel}.png,images
U2OS-02_4_D06,U2OS-02,4,D06,sirna_549,U2OS,1,images/U2OS-02/Plate4,{experiment}/Plate{plate}/{well}_s{site}_w{channel}.png,images
U2OS-02_4_D07,U2OS-02,4,D07,sirna_582,U2OS,1,images/U2OS-02/Plate4,{experiment}/Plate{plate}/{well}_s{site}_w{channel}.png,images
U2OS-02_4_D08,U2OS-02,4,D08,sirna_150,U2OS,1,images/U2OS-02/Plate4,{experiment}/Plate{plate}/{well}_s{site}_w{channel}.png,images
U2OS-02_4_D09,U2OS-02,4,D09,sirna_211,U2OS,1,images/U2OS-02/Plate4,{experiment}/Plate{plate}/{well}_s{site}_w{channel}.png,images
U2OS-02_4_D10,U2OS-02,4,D10,sirna_960,U2OS,1,images/U2OS-02/Plate4,{experiment}/Plate{plate}/{well}_s{site}_w{channel}.png,images
U2OS-02_4_D11,U2OS-02,4,D11,sirna_441,U2OS,1,images/U2OS-02/Plate4,{experiment}/Plate{plate}/{well}_s{site}_w{channel}.png,images
U2OS-02_4_D12,U2OS-02,4,D12,sirna_330,U2OS,1,images/U2OS-02/Plate4,{experiment}/Plate{plate}/{well}_s{site}_w{channel}.png,images
U2OS-02_4_D13,U2OS-02,4,D13,sirna_370,U2OS,1,images/U2OS-02/Plate4,{experiment}/Plate{plate}/{well}_s{site}_w{channel}.png,images
U2OS-02_4_D14,U2OS-02,4,D14,sirna_460,U2OS,1,images/U2OS-02/Plate4,{experiment}/Plate{plate}/{well}_s{site}_w{channel}.png,images
U2OS-02_4_D15,U2OS-02,4,D15,sirna_531,U2OS,1,images/U2OS-02/Plate4,{experiment}/Plate{plate}/{well}_s{site}_w{channel}.png,images
U2OS-02_4_D16,U2OS-02,4,D16,sirna_522,U2OS,1,images/U2OS-02/Plate4,{experiment}/Plate{plate}/{well}_s{site}_w{channel}.png,images
U2OS-02_4_D17,U2OS-02,4,D17,sirna_513,U2OS,1,images/U2OS-02/Plate4,{experiment}/Plate{plate}/{well}_s{site}_w{channel}.png,images
U2OS-02_4_D18,U2OS-02,4,D18,sirna_115,U2OS,1,images/U2OS-02/Plate4,{experiment}/Plate{plate}/{well}_s{site}_w{channel}.png,images
U2OS-02_4_D19,U2OS-02,4,D19,sirna_438,U2OS,1,images/U2OS-02/Plate4,{experiment}/Plate{plate}/{well}_s{site}_w{channel}.png,images
U2OS-02_4_D20,U2OS-02,4,D20,sirna_329,U2OS,1,images/U2OS-02/Plate4,{experiment}/Plate{plate}/{well}_s{site}_w{channel}.png,images
U2OS-02_4_D21,U2OS-02,4,D21,sirna_563,U2OS,1,images/U2OS-02/Plate4,{experiment}/Plate{plate}/{well}_s{site}_w{channel}.png,images
U2OS-02_4_D22,U2OS-02,4,D22,sirna_755,U2OS,1,images/U2OS-02/Plate4,{experiment}/Plate{plate}/{well}_s{site}_w{channel}.png,images
U2OS-02_4_D23,U2OS-02,4,D23,sirna_453,U2OS,1,images/U2OS-02/Plate4,{experiment}/Plate{plate}/{well}_s{site}_w{channel}.png,images
U2OS-02_4_E02,U2OS-02,4,E02,sirna_386,U2OS,1,images/U2OS-02/Plate4,{experiment}/Plate{plate}/{well}_s{site}_w{channel}.png,images
U2OS-02_4_E03,U2OS-02,4,E03,sirna_313,U2OS,1,images/U2OS-02/Plate4,{experiment}/Plate{plate}/{well}_s{site}_w{channel}.png,images
U2OS-02_4_E04,U2OS-02,4,E04,sirna_127,U2OS,1,images/U2OS-02/Plate4,{experiment}/Plate{plate}/{well}_s{site}_w{channel}.png,images
U2OS-02_4_E05,U2OS-02,4,E05,sirna_277,U2OS,1,images/U2OS-02/Plate4,{experiment}/Plate{plate}/{well}_s{site}_w{channel}.png,images
U2OS-02_4_E06,U2OS-02,4,E06,sirna_415,U2OS,1,images/U2OS-02/Plate4,{experiment}/Plate{plate}/{well}_s{site}_w{channel}.png,images
U2OS-02_4_E07,U2OS-02,4,E07,sirna_143,U2OS,1,images/U2OS-02/Plate4,{experiment}/Plate{plate}/{well}_s{site}_w{channel}.png,images
U2OS-02_4_E08,U2OS-02,4,E08,sirna_433,U2OS,1,images/U2OS-02/Plate4,{experiment}/Plate{plate}/{well}_s{site}_w{channel}.png,images
U2OS-02_4_E09,U2OS-02,4,E09,sirna_743,U2OS,1,images/U2OS-02/Plate4,{experiment}/Plate{plate}/{well}_s{site}_w{channel}.png,images
U2OS-02_4_E10,U2OS-02,4,E10,sirna_564,U2OS,1,images/U2OS-02/Plate4,{experiment}/Plate{plate}/{well}_s{site}_w{channel}.png,images
U2OS-02_4_E11,U2OS-02,4,E11,sirna_27,U2OS,1,images/U2OS-02/Plate4,{experiment}/Plate{plate}/{well}_s{site}_w{channel}.png,images
U2OS-02_4_E12,U2OS-02,4,E12,sirna_956,U2OS,1,images/U2OS-02/Plate4,{experiment}/Plate{plate}/{well}_s{site}_w{channel}.png,images
U2OS-02_4_E13,U2OS-02,4,E13,sirna_171,U2OS,1,images/U2OS-02/Plate4,{experiment}/Plate{plate}/{well}_s{site}_w{channel}.png,images
U2OS-02_4_E14,U2OS-02,4,E14,sirna_125,U2OS,1,images/U2OS-02/Plate4,{experiment}/Plate{plate}/{well}_s{site}_w{channel}.png,images
U2OS-02_4_E15,U2OS-02,4,E15,sirna_220,U2OS,1,images/U2OS-02/Plate4,{experiment}/Plate{plate}/{well}_s{site}_w{channel}.png,images
U2OS-02_4_E16,U2OS-02,4,E16,sirna_961,U2OS,1,images/U2OS-02/Plate4,{experiment}/Plate{plate}/{well}_s{site}_w{channel}.png,images
U2OS-02_4_E17,U2OS-02,4,E17,sirna_398,U2OS,1,images/U2OS-02/Plate4,{experiment}/Plate{plate}/{well}_s{site}_w{channel}.png,images
U2OS-02_4_E18,U2OS-02,4,E18,sirna_214,U2OS,1,images/U2OS-02/Plate4,{experiment}/Plate{plate}/{well}_s{site}_w{channel}.png,images
U2OS-02_4_E19,U2OS-02,4,E19,sirna_920,U2OS,1,images/U2OS-02/Plate4,{experiment}/Plate{plate}/{well}_s{site}_w{channel}.png,images
U2OS-02_4_E20,U2OS-02,4,E20,sirna_1063,U2OS,1,images/U2OS-02/Plate4,{experiment}/Plate{plate}/{well}_s{site}_w{channel}.png,images
U2OS-02_4_E21,U2OS-02,4,E21,sirna_168,U2OS,1,images/U2OS-02/Plate4,{experiment}/Plate{plate}/{well}_s{site}_w{channel}.png,images
U2OS-02_4_E22,U2OS-02,4,E22,sirna_371,U2OS,1,images/U2OS-02/Plate4,{experiment}/Plate{plate}/{well}_s{site}_w{channel}.png,images
U2OS-02_4_E23,U2OS-02,4,E23,sirna_686,U2OS,1,images/U2OS-02/Plate4,{experiment}/Plate{plate}/{well}_s{site}_w{channel}.png,images
U2OS-02_4_F02,U2OS-02,4,F02,sirna_101,U2OS,1,images/U2OS-02/Plate4,{experiment}/Plate{plate}/{well}_s{site}_w{channel}.png,images
U2OS-02_4_F04,U2OS-02,4,F04,sirna_520,U2OS,1,images/U2OS-02/Plate4,{experiment}/Plate{plate}/{well}_s{site}_w{channel}.png,images
U2OS-02_4_F05,U2OS-02,4,F05,sirna_500,U2OS,1,images/U2OS-02/Plate4,{experiment}/Plate{plate}/{well}_s{site}_w{channel}.png,images
U2OS-02_4_F06,U2OS-02,4,F06,sirna_885,U2OS,1,images/U2OS-02/Plate4,{experiment}/Plate{plate}/{well}_s{site}_w{channel}.png,images
U2OS-02_4_F08,U2OS-02,4,F08,sirna_345,U2OS,1,images/U2OS-02/Plate4,{experiment}/Plate{plate}/{well}_s{site}_w{channel}.png,images
U2OS-02_4_F09,U2OS-02,4,F09,sirna_443,U2OS,1,images/U2OS-02/Plate4,{experiment}/Plate{plate}/{well}_s{site}_w{channel}.png,images
U2OS-02_4_F10,U2OS-02,4,F10,sirna_808,U2OS,1,images/U2OS-02/Plate4,{experiment}/Plate{plate}/{well}_s{site}_w{channel}.png,images
U2OS-02_4_F12,U2OS-02,4,F12,sirna_989,U2OS,1,images/U2OS-02/Plate4,{experiment}/Plate{plate}/{well}_s{site}_w{channel}.png,images
U2OS-02_4_F13,U2OS-02,4,F13,sirna_205,U2OS,1,images/U2OS-02/Plate4,{experiment}/Plate{plate}/{well}_s{site}_w{channel}.png,images
U2OS-02_4_F14,U2OS-02,4,F14,sirna_873,U2OS,1,images/U2OS-02/Plate4,{experiment}/Plate{plate}/{well}_s{site}_w{channel}.png,images
U2OS-02_4_F16,U2OS-02,4,F16,sirna_219,U2OS,1,images/U2OS-02/Plate4,{experiment}/Plate{plate}/{well}_s{site}_w{channel}.png,images
U2OS-02_4_F17,U2OS-02,4,F17,sirna_258,U2OS,1,images/U2OS-02/Plate4,{experiment}/Plate{plate}/{well}_s{site}_w{channel}.png,images
U2OS-02_4_F18,U2OS-02,4,F18,sirna_538,U2OS,1,images/U2OS-02/Plate4,{experiment}/Plate{plate}/{well}_s{site}_w{channel}.png,images
U2OS-02_4_F20,U2OS-02,4,F20,sirna_957,U2OS,1,images/U2OS-02/Plate4,{experiment}/Plate{plate}/{well}_s{site}_w{channel}.png,images
U2OS-02_4_F21,U2OS-02,4,F21,sirna_339,U2OS,1,images/U2OS-02/Plate4,{experiment}/Plate{plate}/{well}_s{site}_w{channel}.png,images
U2OS-02_4_F23,U2OS-02,4,F23,sirna_349,U2OS,1,images/U2OS-02/Plate4,{experiment}/Plate{plate}/{well}_s{site}_w{channel}.png,images
U2OS-02_4_G02,U2OS-02,4,G02,sirna_791,U2OS,1,images/U2OS-02/Plate4,{experiment}/Plate{plate}/{well}_s{site}_w{channel}.png,images
U2OS-02_4_G03,U2OS-02,4,G03,sirna_732,U2OS,1,images/U2OS-02/Plate4,{experiment}/Plate{plate}/{well}_s{site}_w{channel}.png,images
U2OS-02_4_G04,U2OS-02,4,G04,sirna_913,U2OS,1,images/U2OS-02/Plate4,{experiment}/Plate{plate}/{well}_s{site}_w{channel}.png,images
U2OS-02_4_G05,U2OS-02,4,G05,sirna_591,U2OS,1,images/U2OS-02/Plate4,{experiment}/Plate{plate}/{well}_s{site}_w{channel}.png,images
U2OS-02_4_G06,U2OS-02,4,G06,sirna_1128,U2OS,1,images/U2OS-02/Plate4,{experiment}/Plate{plate}/{well}_s{site}_w{channel}.png,images
U2OS-02_4_G07,U2OS-02,4,G07,sirna_387,U2OS,1,images/U2OS-02/Plate4,{experiment}/Plate{plate}/{well}_s{site}_w{channel}.png,images
U2OS-02_4_G08,U2OS-02,4,G08,sirna_706,U2OS,1,images/U2OS-02/Plate4,{experiment}/Plate{plate}/{well}_s{site}_w{channel}.png,images
U2OS-02_4_G09,U2OS-02,4,G09,sirna_869,U2OS,1,images/U2OS-02/Plate4,{experiment}/Plate{plate}/{well}_s{site}_w{channel}.png,images
U2OS-02_4_G10,U2OS-02,4,G10,sirna_608,U2OS,1,images/U2OS-02/Plate4,{experiment}/Plate{plate}/{well}_s{site}_w{channel}.png,images
U2OS-02_4_G11,U2OS-02,4,G11,sirna_288,U2OS,1,images/U2OS-02/Plate4,{experiment}/Plate{plate}/{well}_s{site}_w{channel}.png,images
U2OS-02_4_G12,U2OS-02,4,G12,sirna_1122,U2OS,1,images/U2OS-02/Plate4,{experiment}/Plate{plate}/{well}_s{site}_w{channel}.png,images
U2OS-02_4_G13,U2OS-02,4,G13,sirna_637,U2OS,1,images/U2OS-02/Plate4,{experiment}/Plate{plate}/{well}_s{site}_w{channel}.png,images
U2OS-02_4_G14,U2OS-02,4,G14,sirna_141,U2OS,1,images/U2OS-02/Plate4,{experiment}/Plate{plate}/{well}_s{site}_w{channel}.png,images
U2OS-02_4_G15,U2OS-02,4,G15,sirna_687,U2OS,1,images/U2OS-02/Plate4,{experiment}/Plate{plate}/{well}_s{site}_w{channel}.png,images
U2OS-02_4_G16,U2OS-02,4,G16,sirna_248,U2OS,1,images/U2OS-02/Plate4,{experiment}/Plate{plate}/{well}_s{site}_w{channel}.png,images
U2OS-02_4_G17,U2OS-02,4,G17,sirna_19,U2OS,1,images/U2OS-02/Plate4,{experiment}/Plate{plate}/{well}_s{site}_w{channel}.png,images
U2OS-02_4_G18,U2OS-02,4,G18,sirna_975,U2OS,1,images/U2OS-02/Plate4,{experiment}/Plate{plate}/{well}_s{site}_w{channel}.png,images
U2OS-02_4_G19,U2OS-02,4,G19,sirna_674,U2OS,1,images/U2OS-02/Plate4,{experiment}/Plate{plate}/{well}_s{site}_w{channel}.png,images
U2OS-02_4_G20,U2OS-02,4,G20,sirna_353,U2OS,1,images/U2OS-02/Plate4,{experiment}/Plate{plate}/{well}_s{site}_w{channel}.png,images
U2OS-02_4_G21,U2OS-02,4,G21,sirna_815,U2OS,1,images/U2OS-02/Plate4,{experiment}/Plate{plate}/{well}_s{site}_w{channel}.png,images
U2OS-02_4_G22,U2OS-02,4,G22,sirna_738,U2OS,1,images/U2OS-02/Plate4,{experiment}/Plate{plate}/{well}_s{site}_w{channel}.png,images
U2OS-02_4_G23,U2OS-02,4,G23,sirna_904,U2OS,1,images/U2OS-02/Plate4,{experiment}/Plate{plate}/{well}_s{site}_w{channel}.png,images
U2OS-02_4_H02,U2OS-02,4,H02,sirna_176,U2OS,1,images/U2OS-02/Plate4,{experiment}/Plate{plate}/{well}_s{site}_w{channel}.png,images
U2OS-02_4_H04,U2OS-02,4,H04,sirna_351,U2OS,1,images/U2OS-02/Plate4,{experiment}/Plate{plate}/{well}_s{site}_w{channel}.png,images
U2OS-02_4_H05,U2OS-02,4,H05,sirna_764,U2OS,1,images/U2OS-02/Plate4,{experiment}/Plate{plate}/{well}_s{site}_w{channel}.png,images
U2OS-02_4_H06,U2OS-02,4,H06,sirna_421,U2OS,1,images/U2OS-02/Plate4,{experiment}/Plate{plate}/{well}_s{site}_w{channel}.png,images
U2OS-02_4_H08,U2OS-02,4,H08,sirna_474,U2OS,1,images/U2OS-02/Plate4,{experiment}/Plate{plate}/{well}_s{site}_w{channel}.png,images
U2OS-02_4_H09,U2OS-02,4,H09,sirna_1060,U2OS,1,images/U2OS-02/Plate4,{experiment}/Plate{plate}/{well}_s{site}_w{channel}.png,images
U2OS-02_4_H10,U2OS-02,4,H10,sirna_901,U2OS,1,images/U2OS-02/Plate4,{experiment}/Plate{plate}/{well}_s{site}_w{channel}.png,images
U2OS-02_4_H12,U2OS-02,4,H12,sirna_1086,U2OS,1,images/U2OS-02/Plate4,{experiment}/Plate{plate}/{well}_s{site}_w{channel}.png,images
U2OS-02_4_H13,U2OS-02,4,H13,sirna_632,U2OS,1,images/U2OS-02/Plate4,{experiment}/Plate{plate}/{well}_s{site}_w{channel}.png,images
U2OS-02_4_H14,U2OS-02,4,H14,sirna_1007,U2OS,1,images/U2OS-02/Plate4,{experiment}/Plate{plate}/{well}_s{site}_w{channel}.png,images
U2OS-02_4_H16,U2OS-02,4,H16,sirna_332,U2OS,1,images/U2OS-02/Plate4,{experiment}/Plate{plate}/{well}_s{site}_w{channel}.png,images
U2OS-02_4_H17,U2OS-02,4,H17,sirna_135,U2OS,1,images/U2OS-02/Plate4,{experiment}/Plate{plate}/{well}_s{site}_w{channel}.png,images
U2OS-02_4_H18,U2OS-02,4,H18,sirna_511,U2OS,1,images/U2OS-02/Plate4,{experiment}/Plate{plate}/{well}_s{site}_w{channel}.png,images
U2OS-02_4_H20,U2OS-02,4,H20,sirna_546,U2OS,1,images/U2OS-02/Plate4,{experiment}/Plate{plate}/{well}_s{site}_w{channel}.png,images
U2OS-02_4_H21,U2OS-02,4,H21,sirna_489,U2OS,1,images/U2OS-02/Plate4,{experiment}/Plate{plate}/{well}_s{site}_w{channel}.png,images
U2OS-02_4_H23,U2OS-02,4,H23,sirna_911,U2OS,1,images/U2OS-02/Plate4,{experiment}/Plate{plate}/{well}_s{site}_w{channel}.png,images
U2OS-02_4_I02,U2OS-02,4,I02,sirna_1036,U2OS,1,images/U2OS-02/Plate4,{experiment}/Plate{plate}/{well}_s{site}_w{channel}.png,images
U2OS-02_4_I03,U2OS-02,4,I03,sirna_299,U2OS,1,images/U2OS-02/Plate4,{experiment}/Plate{plate}/{well}_s{site}_w{channel}.png,images
U2OS-02_4_I04,U2OS-02,4,I04,sirna_260,U2OS,1,images/U2OS-02/Plate4,{experiment}/Plate{plate}/{well}_s{site}_w{channel}.png,images
U2OS-02_4_I05,U2OS-02,4,I05,sirna_568,U2OS,1,images/U2OS-02/Plate4,{experiment}/Plate{plate}/{well}_s{site}_w{channel}.png,images
U2OS-02_4_I06,U2OS-02,4,I06,sirna_963,U2OS,1,images/U2OS-02/Plate4,{experiment}/Plate{plate}/{well}_s{site}_w{channel}.png,images
U2OS-02_4_I07,U2OS-02,4,I07,sirna_768,U2OS,1,images/U2OS-02/Plate4,{experiment}/Plate{plate}/{well}_s{site}_w{channel}.png,images
U2OS-02_4_I08,U2OS-02,4,I08,sirna_571,U2OS,1,images/U2OS-02/Plate4,{experiment}/Plate{plate}/{well}_s{site}_w{channel}.png,images
U2OS-02_4_I09,U2OS-02,4,I09,sirna_388,U2OS,1,images/U2OS-02/Plate4,{experiment}/Plate{plate}/{well}_s{site}_w{channel}.png,images
U2OS-02_4_I10,U2OS-02,4,I10,sirna_207,U2OS,1,images/U2OS-02/Plate4,{experiment}/Plate{plate}/{well}_s{site}_w{channel}.png,images
U2OS-02_4_I11,U2OS-02,4,I11,sirna_1006,U2OS,1,images/U2OS-02/Plate4,{experiment}/Plate{plate}/{well}_s{site}_w{channel}.png,images
U2OS-02_4_I12,U2OS-02,4,I12,sirna_142,U2OS,1,images/U2OS-02/Plate4,{experiment}/Plate{plate}/{well}_s{site}_w{channel}.png,images
U2OS-02_4_I13,U2OS-02,4,I13,sirna_81,U2OS,1,images/U2OS-02/Plate4,{experiment}/Plate{plate}/{well}_s{site}_w{channel}.png,images
U2OS-02_4_I14,U2OS-02,4,I14,sirna_1091,U2OS,1,images/U2OS-02/Plate4,{experiment}/Plate{plate}/{well}_s{site}_w{channel}.png,images
U2OS-02_4_I15,U2OS-02,4,I15,sirna_598,U2OS,1,images/U2OS-02/Plate4,{experiment}/Plate{plate}/{well}_s{site}_w{channel}.png,images
U2OS-02_4_I16,U2OS-02,4,I16,sirna_35,U2OS,1,images/U2OS-02/Plate4,{experiment}/Plate{plate}/{well}_s{site}_w{channel}.png,images
U2OS-02_4_I17,U2OS-02,4,I17,sirna_882,U2OS,1,images/U2OS-02/Plate4,{experiment}/Plate{plate}/{well}_s{site}_w{channel}.png,images
U2OS-02_4_I18,U2OS-02,4,I18,sirna_847,U2OS,1,images/U2OS-02/Plate4,{experiment}/Plate{plate}/{well}_s{site}_w{channel}.png,images
U2OS-02_4_I19,U2OS-02,4,I19,sirna_1099,U2OS,1,images/U2OS-02/Plate4,{experiment}/Plate{plate}/{well}_s{site}_w{channel}.png,images
U2OS-02_4_I20,U2OS-02,4,I20,sirna_424,U2OS,1,images/U2OS-02/Plate4,{experiment}/Plate{plate}/{well}_s{site}_w{channel}.png,images
U2OS-02_4_I21,U2OS-02,4,I21,sirna_909,U2OS,1,images/U2OS-02/Plate4,{experiment}/Plate{plate}/{well}_s{site}_w{channel}.png,images
U2OS-02_4_I22,U2OS-02,4,I22,sirna_507,U2OS,1,images/U2OS-02/Plate4,{experiment}/Plate{plate}/{well}_s{site}_w{channel}.png,images
U2OS-02_4_I23,U2OS-02,4,I23,sirna_1000,U2OS,1,images/U2OS-02/Plate4,{experiment}/Plate{plate}/{well}_s{site}_w{channel}.png,images
U2OS-02_4_J02,U2OS-02,4,J02,sirna_133,U2OS,1,images/U2OS-02/Plate4,{experiment}/Plate{plate}/{well}_s{site}_w{channel}.png,images
U2OS-02_4_J04,U2OS-02,4,J04,sirna_1058,U2OS,1,images/U2OS-02/Plate4,{experiment}/Plate{plate}/{well}_s{site}_w{channel}.png,images
U2OS-02_4_J05,U2OS-02,4,J05,sirna_262,U2OS,1,images/U2OS-02/Plate4,{experiment}/Plate{plate}/{well}_s{site}_w{channel}.png,images
U2OS-02_4_J06,U2OS-02,4,J06,sirna_1080,U2OS,1,images/U2OS-02/Plate4,{experiment}/Plate{plate}/{well}_s{site}_w{channel}.png,images
U2OS-02_4_J08,U2OS-02,4,J08,sirna_938,U2OS,1,images/U2OS-02/Plate4,{experiment}/Plate{plate}/{well}_s{site}_w{channel}.png,images
U2OS-02_4_J09,U2OS-02,4,J09,sirna_826,U2OS,1,images/U2OS-02/Plate4,{experiment}/Plate{plate}/{well}_s{site}_w{channel}.png,images
U2OS-02_4_J10,U2OS-02,4,J10,sirna_509,U2OS,1,images/U2OS-02/Plate4,{experiment}/Plate{plate}/{well}_s{site}_w{channel}.png,images
U2OS-02_4_J12,U2OS-02,4,J12,sirna_463,U2OS,1,images/U2OS-02/Plate4,{experiment}/Plate{plate}/{well}_s{site}_w{channel}.png,images
U2OS-02_4_J13,U2OS-02,4,J13,sirna_83,U2OS,1,images/U2OS-02/Plate4,{experiment}/Plate{plate}/{well}_s{site}_w{channel}.png,images
U2OS-02_4_J14,U2OS-02,4,J14,sirna_175,U2OS,1,images/U2OS-02/Plate4,{experiment}/Plate{plate}/{well}_s{site}_w{channel}.png,images
U2OS-02_4_J16,U2OS-02,4,J16,sirna_137,U2OS,1,images/U2OS-02/Plate4,{experiment}/Plate{plate}/{well}_s{site}_w{channel}.png,images
U2OS-02_4_J17,U2OS-02,4,J17,sirna_1023,U2OS,1,images/U2OS-02/Plate4,{experiment}/Plate{plate}/{well}_s{site}_w{channel}.png,images
U2OS-02_4_J18,U2OS-02,4,J18,sirna_658,U2OS,1,images/U2OS-02/Plate4,{experiment}/Plate{plate}/{well}_s{site}_w{channel}.png,images
U2OS-02_4_J20,U2OS-02,4,J20,sirna_633,U2OS,1,images/U2OS-02/Plate4,{experiment}/Plate{plate}/{well}_s{site}_w{channel}.png,images
U2OS-02_4_J21,U2OS-02,4,J21,sirna_933,U2OS,1,images/U2OS-02/Plate4,{experiment}/Plate{plate}/{well}_s{site}_w{channel}.png,images
U2OS-02_4_J23,U2OS-02,4,J23,sirna_1026,U2OS,1,images/U2OS-02/Plate4,{experiment}/Plate{plate}/{well}_s{site}_w{channel}.png,images
U2OS-02_4_K02,U2OS-02,4,K02,sirna_614,U2OS,1,images/U2OS-02/Plate4,{experiment}/Plate{plate}/{well}_s{site}_w{channel}.png,images
U2OS-02_4_K03,U2OS-02,4,K03,sirna_451,U2OS,1,images/U2OS-02/Plate4,{experiment}/Plate{plate}/{well}_s{site}_w{channel}.png,images
U2OS-02_4_K04,U2OS-02,4,K04,sirna_472,U2OS,1,images/U2OS-02/Plate4,{experiment}/Plate{plate}/{well}_s{site}_w{channel}.png,images
U2OS-02_4_K05,U2OS-02,4,K05,sirna_94,U2OS,1,images/U2OS-02/Plate4,{experiment}/Plate{plate}/{well}_s{site}_w{channel}.png,images
U2OS-02_4_K06,U2OS-02,4,K06,sirna_762,U2OS,1,images/U2OS-02/Plate4,{experiment}/Plate{plate}/{well}_s{site}_w{channel}.png,images
U2OS-02_4_K07,U2OS-02,4,K07,sirna_541,U2OS,1,images/U2OS-02/Plate4,{experiment}/Plate{plate}/{well}_s{site}_w{channel}.png,images
U2OS-02_4_K08,U2OS-02,4,K08,sirna_1051,U2OS,1,images/U2OS-02/Plate4,{experiment}/Plate{plate}/{well}_s{site}_w{channel}.png,images
U2OS-02_4_K09,U2OS-02,4,K09,sirna_1113,U2OS,1,images/U2OS-02/Plate4,{experiment}/Plate{plate}/{well}_s{site}_w{channel}.png,images
U2OS-02_4_K10,U2OS-02,4,K10,sirna_257,U2OS,1,images/U2OS-02/Plate4,{experiment}/Plate{plate}/{well}_s{site}_w{channel}.png,images
U2OS-02_4_K11,U2OS-02,4,K11,sirna_891,U2OS,1,images/U2OS-02/Plate4,{experiment}/Plate{plate}/{well}_s{site}_w{channel}.png,images
U2OS-02_4_K12,U2OS-02,4,K12,sirna_696,U2OS,1,images/U2OS-02/Plate4,{experiment}/Plate{plate}/{well}_s{site}_w{channel}.png,images
U2OS-02_4_K13,U2OS-02,4,K13,sirna_991,U2OS,1,images/U2OS-02/Plate4,{experiment}/Plate{plate}/{well}_s{site}_w{channel}.png,images
U2OS-02_4_K14,U2OS-02,4,K14,sirna_1093,U2OS,1,images/U2OS-02/Plate4,{experiment}/Plate{plate}/{well}_s{site}_w{channel}.png,images
U2OS-02_4_K15,U2OS-02,4,K15,sirna_470,U2OS,1,images/U2OS-02/Plate4,{experiment}/Plate{plate}/{well}_s{site}_w{channel}.png,images
U2OS-02_4_K16,U2OS-02,4,K16,sirna_244,U2OS,1,images/U2OS-02/Plate4,{experiment}/Plate{plate}/{well}_s{site}_w{channel}.png,images
U2OS-02_4_K17,U2OS-02,4,K17,sirna_532,U2OS,1,images/U2OS-02/Plate4,{experiment}/Plate{plate}/{well}_s{site}_w{channel}.png,images
U2OS-02_4_K18,U2OS-02,4,K18,sirna_271,U2OS,1,images/U2OS-02/Plate4,{experiment}/Plate{plate}/{well}_s{site}_w{channel}.png,images
U2OS-02_4_K19,U2OS-02,4,K19,sirna_266,U2OS,1,images/U2OS-02/Plate4,{experiment}/Plate{plate}/{well}_s{site}_w{channel}.png,images
U2OS-02_4_K20,U2OS-02,4,K20,sirna_1018,U2OS,1,images/U2OS-02/Plate4,{experiment}/Plate{plate}/{well}_s{site}_w{channel}.png,images
U2OS-02_4_K21,U2OS-02,4,K21,sirna_91,U2OS,1,images/U2OS-02/Plate4,{experiment}/Plate{plate}/{well}_s{site}_w{channel}.png,images
U2OS-02_4_K22,U2OS-02,4,K22,sirna_1048,U2OS,1,images/U2OS-02/Plate4,{experiment}/Plate{plate}/{well}_s{site}_w{channel}.png,images
U2OS-02_4_K23,U2OS-02,4,K23,sirna_936,U2OS,1,images/U2OS-02/Plate4,{experiment}/Plate{plate}/{well}_s{site}_w{channel}.png,images
U2OS-02_4_L02,U2OS-02,4,L02,sirna_477,U2OS,1,images/U2OS-02/Plate4,{experiment}/Plate{plate}/{well}_s{site}_w{channel}.png,images
U2OS-02_4_L03,U2OS-02,4,L03,sirna_710,U2OS,1,images/U2OS-02/Plate4,{experiment}/Plate{plate}/{well}_s{site}_w{channel}.png,images
U2OS-02_4_L04,U2OS-02,4,L04,sirna_98,U2OS,1,images/U2OS-02/Plate4,{experiment}/Plate{plate}/{well}_s{site}_w{channel}.png,images
U2OS-02_4_L05,U2OS-02,4,L05,sirna_1103,U2OS,1,images/U2OS-02/Plate4,{experiment}/Plate{plate}/{well}_s{site}_w{channel}.png,images
U2OS-02_4_L06,U2OS-02,4,L06,sirna_1108,U2OS,1,images/U2OS-02/Plate4,{experiment}/Plate{plate}/{well}_s{site}_w{channel}.png,images
U2OS-02_4_L07,U2OS-02,4,L07,sirna_290,U2OS,1,images/U2OS-02/Plate4,{experiment}/Plate{plate}/{well}_s{site}_w{channel}.png,images
U2OS-02_4_L08,U2OS-02,4,L08,sirna_294,U2OS,1,images/U2OS-02/Plate4,{experiment}/Plate{plate}/{well}_s{site}_w{channel}.png,images
U2OS-02_4_L09,U2OS-02,4,L09,sirna_772,U2OS,1,images/U2OS-02/Plate4,{experiment}/Plate{plate}/{well}_s{site}_w{channel}.png,images
U2OS-02_4_L10,U2OS-02,4,L10,sirna_798,U2OS,1,images/U2OS-02/Plate4,{experiment}/Plate{plate}/{well}_s{site}_w{channel}.png,images
U2OS-02_4_L11,U2OS-02,4,L11,sirna_283,U2OS,1,images/U2OS-02/Plate4,{experiment}/Plate{plate}/{well}_s{site}_w{channel}.png,images
U2OS-02_4_L12,U2OS-02,4,L12,sirna_533,U2OS,1,images/U2OS-02/Plate4,{experiment}/Plate{plate}/{well}_s{site}_w{channel}.png,images
U2OS-02_4_L13,U2OS-02,4,L13,sirna_691,U2OS,1,images/U2OS-02/Plate4,{experiment}/Plate{plate}/{well}_s{site}_w{channel}.png,images
U2OS-02_4_L14,U2OS-02,4,L14,sirna_965,U2OS,1,images/U2OS-02/Plate4,{experiment}/Plate{plate}/{well}_s{site}_w{channel}.png,images
U2OS-02_4_L15,U2OS-02,4,L15,sirna_982,U2OS,1,images/U2OS-02/Plate4,{experiment}/Plate{plate}/{well}_s{site}_w{channel}.png,images
U2OS-02_4_L16,U2OS-02,4,L16,sirna_1072,U2OS,1,images/U2OS-02/Plate4,{experiment}/Plate{plate}/{well}_s{site}_w{channel}.png,images
U2OS-02_4_L17,U2OS-02,4,L17,sirna_583,U2OS,1,images/U2OS-02/Plate4,{experiment}/Plate{plate}/{well}_s{site}_w{channel}.png,images
U2OS-02_4_L18,U2OS-02,4,L18,sirna_698,U2OS,1,images/U2OS-02/Plate4,{experiment}/Plate{plate}/{well}_s{site}_w{channel}.png,images
U2OS-02_4_L19,U2OS-02,4,L19,sirna_832,U2OS,1,images/U2OS-02/Plate4,{experiment}/Plate{plate}/{well}_s{site}_w{channel}.png,images
U2OS-02_4_L20,U2OS-02,4,L20,sirna_677,U2OS,1,images/U2OS-02/Plate4,{experiment}/Plate{plate}/{well}_s{site}_w{channel}.png,images
U2OS-02_4_L21,U2OS-02,4,L21,sirna_212,U2OS,1,images/U2OS-02/Plate4,{experiment}/Plate{plate}/{well}_s{site}_w{channel}.png,images
U2OS-02_4_L22,U2OS-02,4,L22,sirna_1107,U2OS,1,images/U2OS-02/Plate4,{experiment}/Plate{plate}/{well}_s{site}_w{channel}.png,images
U2OS-02_4_L23,U2OS-02,4,L23,sirna_203,U2OS,1,images/U2OS-02/Plate4,{experiment}/Plate{plate}/{well}_s{site}_w{channel}.png,images
U2OS-02_4_M02,U2OS-02,4,M02,sirna_442,U2OS,1,images/U2OS-02/Plate4,{experiment}/Plate{plate}/{well}_s{site}_w{channel}.png,images
U2OS-02_4_M04,U2OS-02,4,M04,sirna_417,U2OS,1,images/U2OS-02/Plate4,{experiment}/Plate{plate}/{well}_s{site}_w{channel}.png,images
U2OS-02_4_M05,U2OS-02,4,M05,sirna_566,U2OS,1,images/U2OS-02/Plate4,{experiment}/Plate{plate}/{well}_s{site}_w{channel}.png,images
U2OS-02_4_M06,U2OS-02,4,M06,sirna_368,U2OS,1,images/U2OS-02/Plate4,{experiment}/Plate{plate}/{well}_s{site}_w{channel}.png,images
U2OS-02_4_M08,U2OS-02,4,M08,sirna_173,U2OS,1,images/U2OS-02/Plate4,{experiment}/Plate{plate}/{well}_s{site}_w{channel}.png,images
U2OS-02_4_M09,U2OS-02,4,M09,sirna_167,U2OS,1,images/U2OS-02/Plate4,{experiment}/Plate{plate}/{well}_s{site}_w{channel}.png,images
U2OS-02_4_M10,U2OS-02,4,M10,sirna_1120,U2OS,1,images/U2OS-02/Plate4,{experiment}/Plate{plate}/{well}_s{site}_w{channel}.png,images
U2OS-02_4_M12,U2OS-02,4,M12,sirna_704,U2OS,1,images/U2OS-02/Plate4,{experiment}/Plate{plate}/{well}_s{site}_w{channel}.png,images
U2OS-02_4_M13,U2OS-02,4,M13,sirna_1071,U2OS,1,images/U2OS-02/Plate4,{experiment}/Plate{plate}/{well}_s{site}_w{channel}.png,images
U2OS-02_4_M14,U2OS-02,4,M14,sirna_373,U2OS,1,images/U2OS-02/Plate4,{experiment}/Plate{plate}/{well}_s{site}_w{channel}.png,images
U2OS-02_4_M16,U2OS-02,4,M16,sirna_926,U2OS,1,images/U2OS-02/Plate4,{experiment}/Plate{plate}/{well}_s{site}_w{channel}.png,images
U2OS-02_4_M17,U2OS-02,4,M17,sirna_1110,U2OS,1,images/U2OS-02/Plate4,{experiment}/Plate{plate}/{well}_s{site}_w{channel}.png,images
U2OS-02_4_M18,U2OS-02,4,M18,sirna_1040,U2OS,1,images/U2OS-02/Plate4,{experiment}/Plate{plate}/{well}_s{site}_w{channel}.png,images
U2OS-02_4_M20,U2OS-02,4,M20,sirna_162,U2OS,1,images/U2OS-02/Plate4,{experiment}/Plate{plate}/{well}_s{site}_w{channel}.png,images
U2OS-02_4_M21,U2OS-02,4,M21,sirna_675,U2OS,1,images/U2OS-02/Plate4,{experiment}/Plate{plate}/{well}_s{site}_w{channel}.png,images
U2OS-02_4_M23,U2OS-02,4,M23,sirna_719,U2OS,1,images/U2OS-02/Plate4,{experiment}/Plate{plate}/{well}_s{site}_w{channel}.png,images
U2OS-02_4_N02,U2OS-02,4,N02,sirna_797,U2OS,1,images/U2OS-02/Plate4,{experiment}/Plate{plate}/{well}_s{site}_w{channel}.png,images
U2OS-02_4_N03,U2OS-02,4,N03,sirna_505,U2OS,1,images/U2OS-02/Plate4,{experiment}/Plate{plate}/{well}_s{site}_w{channel}.png,images
U2OS-02_4_N04,U2OS-02,4,N04,sirna_407,U2OS,1,images/U2OS-02/Plate4,{experiment}/Plate{plate}/{well}_s{site}_w{channel}.png,images
U2OS-02_4_N05,U2OS-02,4,N05,sirna_594,U2OS,1,images/U2OS-02/Plate4,{experiment}/Plate{plate}/{well}_s{site}_w{channel}.png,images
U2OS-02_4_N06,U2OS-02,4,N06,sirna_629,U2OS,1,images/U2OS-02/Plate4,{experiment}/Plate{plate}/{well}_s{site}_w{channel}.png,images
U2OS-02_4_N07,U2OS-02,4,N07,sirna_53,U2OS,1,images/U2OS-02/Plate4,{experiment}/Plate{plate}/{well}_s{site}_w{channel}.png,images
U2OS-02_4_N08,U2OS-02,4,N08,sirna_902,U2OS,1,images/U2OS-02/Plate4,{experiment}/Plate{plate}/{well}_s{site}_w{channel}.png,images
U2OS-02_4_N09,U2OS-02,4,N09,sirna_692,U2OS,1,images/U2OS-02/Plate4,{experiment}/Plate{plate}/{well}_s{site}_w{channel}.png,images
U2OS-02_4_N10,U2OS-02,4,N10,sirna_775,U2OS,1,images/U2OS-02/Plate4,{experiment}/Plate{plate}/{well}_s{site}_w{channel}.png,images
U2OS-02_4_N11,U2OS-02,4,N11,sirna_1002,U2OS,1,images/U2OS-02/Plate4,{experiment}/Plate{plate}/{well}_s{site}_w{channel}.png,images
U2OS-02_4_N12,U2OS-02,4,N12,sirna_889,U2OS,1,images/U2OS-02/Plate4,{experiment}/Plate{plate}/{well}_s{site}_w{channel}.png,images
U2OS-02_4_N13,U2OS-02,4,N13,sirna_1057,U2OS,1,images/U2OS-02/Plate4,{experiment}/Plate{plate}/{well}_s{site}_w{channel}.png,images
U2OS-02_4_N14,U2OS-02,4,N14,sirna_796,U2OS,1,images/U2OS-02/Plate4,{experiment}/Plate{plate}/{well}_s{site}_w{channel}.png,images
U2OS-02_4_N15,U2OS-02,4,N15,sirna_333,U2OS,1,images/U2OS-02/Plate4,{experiment}/Plate{plate}/{well}_s{site}_w{channel}.png,images
U2OS-02_4_N16,U2OS-02,4,N16,sirna_1049,U2OS,1,images/U2OS-02/Plate4,{experiment}/Plate{plate}/{well}_s{site}_w{channel}.png,images
U2OS-02_4_N17,U2OS-02,4,N17,sirna_172,U2OS,1,images/U2OS-02/Plate4,{experiment}/Plate{plate}/{well}_s{site}_w{channel}.png,images
U2OS-02_4_N18,U2OS-02,4,N18,sirna_787,U2OS,1,images/U2OS-02/Plate4,{experiment}/Plate{plate}/{well}_s{site}_w{channel}.png,images
U2OS-02_4_N19,U2OS-02,4,N19,sirna_116,U2OS,1,images/U2OS-02/Plate4,{experiment}/Plate{plate}/{well}_s{site}_w{channel}.png,images
U2OS-02_4_N20,U2OS-02,4,N20,sirna_120,U2OS,1,images/U2OS-02/Plate4,{experiment}/Plate{plate}/{well}_s{site}_w{channel}.png,images
U2OS-02_4_N21,U2OS-02,4,N21,sirna_194,U2OS,1,images/U2OS-02/Plate4,{experiment}/Plate{plate}/{well}_s{site}_w{channel}.png,images
U2OS-02_4_N22,U2OS-02,4,N22,sirna_1024,U2OS,1,images/U2OS-02/Plate4,{experiment}/Plate{plate}/{well}_s{site}_w{channel}.png,images
U2OS-02_4_N23,U2OS-02,4,N23,sirna_152,U2OS,1,images/U2OS-02/Plate4,{experiment}/Plate{plate}/{well}_s{site}_w{channel}.png,images
U2OS-02_4_O02,U2OS-02,4,O02,sirna_121,U2OS,1,images/U2OS-02/Plate4,{experiment}/Plate{plate}/{well}_s{site}_w{channel}.png,images
U2OS-02_4_O03,U2OS-02,4,O03,sirna_925,U2OS,1,images/U2OS-02/Plate4,{experiment}/Plate{plate}/{well}_s{site}_w{channel}.png,images
U2OS-02_4_O04,U2OS-02,4,O04,sirna_940,U2OS,1,images/U2OS-02/Plate4,{experiment}/Plate{plate}/{well}_s{site}_w{channel}.png,images
U2OS-02_4_O05,U2OS-02,4,O05,sirna_12,U2OS,1,images/U2OS-02/Plate4,{experiment}/Plate{plate}/{well}_s{site}_w{channel}.png,images
U2OS-02_4_O06,U2OS-02,4,O06,sirna_713,U2OS,1,images/U2OS-02/Plate4,{experiment}/Plate{plate}/{well}_s{site}_w{channel}.png,images
U2OS-02_4_O07,U2OS-02,4,O07,sirna_31,U2OS,1,images/U2OS-02/Plate4,{experiment}/Plate{plate}/{well}_s{site}_w{channel}.png,images
U2OS-02_4_O08,U2OS-02,4,O08,sirna_243,U2OS,1,images/U2OS-02/Plate4,{experiment}/Plate{plate}/{well}_s{site}_w{channel}.png,images
U2OS-02_4_O09,U2OS-02,4,O09,sirna_265,U2OS,1,images/U2OS-02/Plate4,{experiment}/Plate{plate}/{well}_s{site}_w{channel}.png,images
U2OS-02_4_O10,U2OS-02,4,O10,sirna_396,U2OS,1,images/U2OS-02/Plate4,{experiment}/Plate{plate}/{well}_s{site}_w{channel}.png,images
U2OS-02_4_O11,U2OS-02,4,O11,sirna_761,U2OS,1,images/U2OS-02/Plate4,{experiment}/Plate{plate}/{well}_s{site}_w{channel}.png,images
U2OS-02_4_O12,U2OS-02,4,O12,sirna_1074,U2OS,1,images/U2OS-02/Plate4,{experiment}/Plate{plate}/{well}_s{site}_w{channel}.png,images
U2OS-02_4_O13,U2OS-02,4,O13,sirna_892,U2OS,1,images/U2OS-02/Plate4,{experiment}/Plate{plate}/{well}_s{site}_w{channel}.png,images
U2OS-02_4_O14,U2OS-02,4,O14,sirna_648,U2OS,1,images/U2OS-02/Plate4,{experiment}/Plate{plate}/{well}_s{site}_w{channel}.png,images
U2OS-02_4_O15,U2OS-02,4,O15,sirna_769,U2OS,1,images/U2OS-02/Plate4,{experiment}/Plate{plate}/{well}_s{site}_w{channel}.png,images
U2OS-02_4_O16,U2OS-02,4,O16,sirna_1061,U2OS,1,images/U2OS-02/Plate4,{experiment}/Plate{plate}/{well}_s{site}_w{channel}.png,images
U2OS-02_4_O17,U2OS-02,4,O17,sirna_844,U2OS,1,images/U2OS-02/Plate4,{experiment}/Plate{plate}/{well}_s{site}_w{channel}.png,images
U2OS-02_4_O18,U2OS-02,4,O18,sirna_731,U2OS,1,images/U2OS-02/Plate4,{experiment}/Plate{plate}/{well}_s{site}_w{channel}.png,images
U2OS-02_4_O19,U2OS-02,4,O19,sirna_316,U2OS,1,images/U2OS-02/Plate4,{experiment}/Plate{plate}/{well}_s{site}_w{channel}.png,images
U2OS-02_4_O20,U2OS-02,4,O20,sirna_988,U2OS,1,images/U2OS-02/Plate4,{experiment}/Plate{plate}/{well}_s{site}_w{channel}.png,images
U2OS-02_4_O21,U2OS-02,4,O21,sirna_530,U2OS,1,images/U2OS-02/Plate4,{experiment}/Plate{plate}/{well}_s{site}_w{channel}.png,images
U2OS-02_4_O22,U2OS-02,4,O22,sirna_879,U2OS,1,images/U2OS-02/Plate4,{experiment}/Plate{plate}/{well}_s{site}_w{channel}.png,images
U2OS-02_4_O23,U2OS-02,4,O23,sirna_984,U2OS,1,images/U2OS-02/Plate4,{experiment}/Plate{plate}/{well}_s{site}_w{channel}.png,images
